eia_year,state,utility_id,utility_name,ownership,source,residential_estimated,residential_customers
2024,AK,192.0,Akiachak Native Community Electric,Cooperative,short form (residential estimated),True,193
2024,AK,213.0,Alaska Electric Light & Power Co.,Investor Owned,bundled,False,15407
2024,AK,219.0,Alaska Power and Telephone Co,Investor Owned,bundled,False,5737
2024,AK,221.0,"Alaska Village Elec Coop, Inc",Cooperative,bundled,False,7689
2024,AK,4959.0,Aniak Light & Power Co Inc,Investor Owned,short form (residential estimated),True,151
2024,AK,878.0,Atmautluak Tribal Utilities,Municipal,short form (residential estimated),True,86
2024,AK,1276.0,"Barrow Utils & Elec Coop, Inc",Cooperative,short form (residential estimated),True,1530
2024,AK,1747.0,Birch Creek Village Elec Util - (AK),Municipal,short form (residential estimated),True,0
2024,AK,3465.0,Chitina Electric Inc,Investor Owned,short form (residential estimated),True,66
2024,AK,3522.0,Chugach Electric Assn Inc,Cooperative,bundled,False,97048
2024,AK,17271.0,City & Borough of Sitka - (AK),Municipal,short form (residential estimated),True,4624
2024,AK,24486.0,City of Akutan - (AK),Municipal,short form (residential estimated),True,0
2024,AK,56256.0,City of Atka - (AK),Municipal,short form (residential estimated),True,0
2024,AK,3422.0,City of Chefornak,Municipal,short form (residential estimated),True,121
2024,AK,3421.0,City of Chignik - (AK),Municipal,short form (residential estimated),True,92
2024,AK,57351.0,City of Egegik - (AK),Municipal,short form (residential estimated),True,112
2024,AK,5721.0,City of Elfin Cove - (AK),Municipal,short form (residential estimated),True,69
2024,AK,9897.0,City of King Cove,Municipal,short form (residential estimated),True,167
2024,AK,10716.0,City of Larsen Bay - (AK),Municipal,short form (residential estimated),True,58
2024,AK,14234.0,City of Ouzinkie - (AK),Municipal,short form (residential estimated),True,94
2024,AK,17898.0,City of Saint Paul - (AK),Municipal,short form (residential estimated),True,171
2024,AK,16955.0,City of Seward - (AK),Municipal,short form (residential estimated),True,2331
2024,AK,18541.0,City of Tenakee Springs - (AK),Municipal,short form (residential estimated),True,143
2024,AK,19454.0,City of Unalaska - (AK),Municipal,short form (residential estimated),True,870
2024,AK,20535.0,City of White Mountain - (AK),Municipal,short form (residential estimated),True,88
2024,AK,21015.0,City of Wrangell - (AK),Municipal,short form (residential estimated),True,1716
2024,AK,4329.0,"Copper Valley Elec Assn, Inc",Cooperative,short form (residential estimated),True,3056
2024,AK,40215.0,"Cordova Electric Coop, Inc",Cooperative,short form (residential estimated),True,1251
2024,AK,6866.0,"G & K, Inc",Investor Owned,short form (residential estimated),True,100
2024,AK,6915.0,Galena Electric Utility,Municipal,short form (residential estimated),True,329
2024,AK,56739.0,Gold Country Energy,Investor Owned,short form (residential estimated),True,112
2024,AK,7353.0,Golden Valley Elec Assn Inc,Cooperative,bundled,False,40675
2024,AK,7833.0,Gwitchyaa Zhee Utility Co,Investor Owned,short form (residential estimated),True,308
2024,AK,19558.0,Homer Electric Assn Inc,Cooperative,bundled,False,29721
2024,AK,9000.0,Hughes Power & Light Co,Investor Owned,short form (residential estimated),True,50
2024,AK,9188.0,"I-N-N Electric Coop, Inc",Cooperative,short form (residential estimated),True,221
2024,AK,9192.0,Igiugig Electric Company,Political Subdivision,short form (residential estimated),True,42
2024,AK,18963.0,"Inside Passage Elec Coop, Inc",Cooperative,short form (residential estimated),True,1077
2024,AK,9416.0,Ipnatchiaq Electric Company,Municipal,short form (residential estimated),True,60
2024,AK,10210.0,Ketchikan Public Utilities,Municipal,bundled,False,6561
2024,AK,10433.0,Kodiak Electric Assn Inc,Cooperative,bundled,False,4772
2024,AK,10455.0,Kokhanok Village Council,Political Subdivision,short form (residential estimated),True,56
2024,AK,10451.0,Kotzebue Electric Assn Inc,Cooperative,bundled,False,1227
2024,AK,9832.0,Kuiggluum Kallugvia,Investor Owned,short form (residential estimated),True,202
2024,AK,10491.0,Kwig Power Company,Political Subdivision,short form (residential estimated),True,88
2024,AK,26317.0,Manokotak Power Company,Municipal,short form (residential estimated),True,0
2024,AK,11824.0,Matanuska Electric Assn Inc,Cooperative,bundled,False,64205
2024,AK,12119.0,McGrath Light & Power Co,Investor Owned,short form (residential estimated),True,223
2024,AK,12385.0,Metlakatla Power & Light,Municipal,short form (residential estimated),True,838
2024,AK,12485.0,Middle Kuskokwim Elec Coop Inc,Cooperative,short form (residential estimated),True,139
2024,AK,13201.0,"Naknek Electric Assn, Inc",Cooperative,short form (residential estimated),True,838
2024,AK,13211.0,Napakiak Ircinraq Power Co,Investor Owned,short form (residential estimated),True,109
2024,AK,14832.0,Native Village of Perryville - (AK),Municipal,short form (residential estimated),True,0
2024,AK,13477.0,Nelson Lagoon Elec Coop Inc,Cooperative,short form (residential estimated),True,45
2024,AK,13642.0,Nome Joint Utility Systems,Municipal,short form (residential estimated),True,1871
2024,AK,26616.0,North Slope Borough Power & Light,Municipal,short form (residential estimated),True,1012
2024,AK,13870.0,"Nushagak Electric Coop, Inc",Cooperative,short form (residential estimated),True,1133
2024,AK,14633.0,Pedro Bay Village Council - (AK),Municipal,short form (residential estimated),True,36
2024,AK,29297.0,Pelican Utility,Municipal,short form (residential estimated),True,83
2024,AK,14856.0,Petersburg Borough - (AK),Municipal,short form (residential estimated),True,1912
2024,AK,56503.0,TDX Manley Generating LLC,Investor Owned,short form (residential estimated),True,95
2024,AK,19277.0,TDX North Slope Generating Co,Investor Owned,bundled,False,0
2024,AK,18474.0,Tanana Power Co Inc,Investor Owned,short form (residential estimated),True,132
2024,AK,18480.0,Tatitlek Electric Utility,Municipal,short form (residential estimated),True,53
2024,AK,19267.0,Tuntutuliak Comm Services Assn,Cooperative,short form (residential estimated),True,111
2024,AK,40548.0,Unalakleet Valley Elec Coop,Cooperative,short form (residential estimated),True,295
2024,AL,195.0,Alabama Power Co,Investor Owned,bundled,False,1332911
2024,AL,241.0,Albertville Municipal Utilities Board,Municipal,bundled,False,8318
2024,AL,750.0,Arab Electric Coop Inc,Cooperative,bundled,False,14062
2024,AL,1149.0,Baldwin County El Member Corp,Cooperative,bundled,False,83005
2024,AL,1780.0,Black Warrior Elec Member Corp,Cooperative,bundled,False,20053
2024,AL,3222.0,Central Alabama Electric Coop,Cooperative,bundled,False,45036
2024,AL,3426.0,Cherokee Electric Coop - (AL),Cooperative,bundled,False,18830
2024,AL,289.0,City of Alexander City,Municipal,short form (residential estimated),True,4435
2024,AL,604.0,City of Andalusia,Municipal,bundled,False,3605
2024,AL,944.0,City of Athens - (AL),Municipal,bundled,False,50985
2024,AL,1640.0,City of Bessemer Utilities,Municipal,bundled,False,9378
2024,AL,2423.0,City of Brundidge - (AL),Municipal,short form (residential estimated),True,971
2024,AL,40364.0,City of Courtland,Municipal,bundled,False,551
2024,AL,5309.0,City of Dothan - (AL),Municipal,bundled,False,26752
2024,AL,5728.0,City of Elba - (AL),Municipal,short form (residential estimated),True,2355
2024,AL,6052.0,City of Evergreen - (AL),Municipal,short form (residential estimated),True,1412
2024,AL,6145.0,City of Fairhope - (AL),Municipal,short form (residential estimated),True,5501
2024,AL,6422.0,City of Florence - (AL),Municipal,bundled,False,41594
2024,AL,8209.0,City of Hartford - (AL),Municipal,short form (residential estimated),True,1110
2024,AL,8226.0,City of Hartselle,Municipal,bundled,False,4629
2024,AL,9094.0,City of Huntsville - (AL),Municipal,bundled,False,197537
2024,AL,10570.0,City of Lafayette - (AL),Municipal,short form (residential estimated),True,1048
2024,AL,10687.0,City of Lanett - (AL),Municipal,short form (residential estimated),True,2642
2024,AL,11333.0,City of Luverne - (AL),Municipal,short form (residential estimated),True,1435
2024,AL,13144.0,City of Muscle Shoals,Municipal,bundled,False,7154
2024,AL,14146.0,City of Opelika - (AL),Municipal,bundled,False,13555
2024,AL,14151.0,City of Opp - (AL),Municipal,short form (residential estimated),True,2513
2024,AL,15022.0,City of Piedmont - (AL),Municipal,short form (residential estimated),True,1656
2024,AL,16140.0,City of Robertsdale,Municipal,short form (residential estimated),True,2752
2024,AL,16458.0,City of Russellville - (AL),Municipal,bundled,False,3890
2024,AL,16829.0,City of Scottsboro - (AL),Municipal,bundled,False,7090
2024,AL,18472.0,City of Tarrant,Municipal,bundled,False,2069
2024,AL,19225.0,City of Troy - (AL),Municipal,bundled,False,7855
2024,AL,19307.0,City of Tuscumbia,Municipal,bundled,False,4038
2024,AL,19308.0,City of Tuskegee,Municipal,short form (residential estimated),True,5243
2024,AL,40127.0,Clarke-Washington E M C,Cooperative,bundled,False,18708
2024,AL,4327.0,Coosa Valley Electric Coop Inc,Cooperative,bundled,False,15612
2024,AL,4430.0,"Covington Electric Coop, Inc",Cooperative,bundled,False,23281
2024,AL,4618.0,"Cullman Electric Coop, Inc",Cooperative,bundled,False,39779
2024,AL,4617.0,Cullman Power Board,Municipal,bundled,False,7049
2024,AL,4958.0,Decatur Utilities,Municipal,bundled,False,22820
2024,AL,19219.0,Diverse Power Incorporated,Cooperative,bundled,False,589
2024,AL,5204.0,Dixie Electric Coop - (AL),Cooperative,bundled,False,22054
2024,AL,6491.0,Foley Board of Utilities,Municipal,bundled,False,50954
2024,AL,6612.0,Fort Payne Improvement Authority,Municipal,bundled,False,6922
2024,AL,6717.0,Franklin Electric Coop - (AL),Cooperative,bundled,False,5979
2024,AL,7827.0,Guntersville Electric Board,Municipal,bundled,False,4875
2024,AL,9739.0,Joe Wheeler Elec Member Corp,Cooperative,bundled,False,36973
2024,AL,11714.0,Marshall-De Kalb Electric Coop,Cooperative,bundled,False,17318
2024,AL,13669.0,North Alabama Electric Coop,Cooperative,bundled,False,13099
2024,AL,14602.0,Pea River Electric Coop,Cooperative,bundled,False,14922
2024,AL,30517.0,"Pioneer Electric Coop, Inc - (AL)",Cooperative,short form (residential estimated),True,9804
2024,AL,16629.0,Sand Mountain Electric Coop,Cooperative,bundled,False,27298
2024,AL,17033.0,Sheffield Utilities,Municipal,bundled,False,15663
2024,AL,17252.0,Singing River Elec Cooperative,Cooperative,bundled,False,336
2024,AL,17534.0,"South Alabama Elec Coop, Inc",Cooperative,bundled,False,16801
2024,AL,17646.0,"Southern Pine Elec Coop, Inc",Cooperative,bundled,False,20645
2024,AL,18395.0,Sylacauga Utilities Board,Municipal,short form (residential estimated),True,4751
2024,AL,18203.0,Tallapoosa River Elec Coop Inc,Cooperative,bundled,False,29578
2024,AL,18642.0,Tennessee Valley Authority,Federal,bundled,False,0
2024,AL,19027.0,"Tombigbee Electric Coop, Inc",Cooperative,short form (residential estimated),True,7293
2024,AL,20841.0,"Wiregrass Electric Coop, Inc",Cooperative,bundled,False,22401
2024,AR,817.0,Arkansas Valley Elec Coop Corp,Cooperative,bundled,False,54372
2024,AR,925.0,"Ashley Chicot Elec Coop, Inc",Cooperative,short form (residential estimated),True,3887
2024,AR,2678.0,C & L Electric Coop Corp,Cooperative,bundled,False,20000
2024,AR,3093.0,Carroll Electric Coop Corp - (AR),Cooperative,bundled,False,101154
2024,AR,9879.0,City Water and Light Plant,Municipal,bundled,False,35013
2024,AR,1000.0,City of Augusta - (AR),Municipal,short form (residential estimated),True,741
2024,AR,1581.0,City of Benton - (AR),Municipal,bundled,False,12972
2024,AR,1586.0,City of Bentonville - (AR),Municipal,bundled,False,25103
2024,AR,8840.0,City of Hope - (AR),Municipal,bundled,False,5782
2024,AR,13718.0,City of North Little Rock - (AR),Municipal,bundled,False,34984
2024,AR,14216.0,City of Osceola - (AR),Municipal,short form (residential estimated),True,2925
2024,AR,14460.0,City of Paris - (AR),Municipal,short form (residential estimated),True,1558
2024,AR,15043.0,City of Piggott - (AR),Municipal,short form (residential estimated),True,1866
2024,AR,15337.0,City of Prescott - (AR),Municipal,short form (residential estimated),True,1342
2024,AR,17184.0,City of Siloam Springs - (AR),Municipal,bundled,False,8590
2024,AR,20382.0,City of West Memphis - (AR),Municipal,bundled,False,10199
2024,AR,3705.0,Clarksville Connected Utilities,Municipal,bundled,False,3812
2024,AR,3712.0,Clay County Electric Coop Corp - (AR),Cooperative,bundled,False,10523
2024,AR,4280.0,Conway Corporation,Municipal,bundled,False,30979
2024,AR,4509.0,Craighead Electric Coop Corp,Cooperative,bundled,False,25326
2024,AR,5860.0,Empire District Electric Co,Investor Owned,bundled,False,4813
2024,AR,814.0,Entergy Arkansas LLC,Investor Owned,bundled,False,608362
2024,AR,6206.0,Farmers Electric Coop Corp - (AR),Cooperative,short form (residential estimated),True,3842
2024,AR,6342.0,First Electric Coop Corp,Cooperative,bundled,False,95175
2024,AR,12681.0,Mississippi County Electric Co,Cooperative,bundled,False,3232
2024,AR,13676.0,"North Arkansas Elec Coop, Inc",Cooperative,bundled,False,36355
2024,AR,14063.0,Oklahoma Gas & Electric Co,Investor Owned,bundled,False,58218
2024,AR,14238.0,Ouachita Electric Coop Corp,Cooperative,bundled,False,8391
2024,AR,14289.0,Ozarks Electric Coop Corp - (AR),Cooperative,bundled,False,72076
2024,AR,14446.0,Paragould Municipal Utilities,Municipal,bundled,False,12540
2024,AR,14864.0,Petit Jean Electric Coop Corp,Cooperative,bundled,False,18776
2024,AR,15811.0,"Rich Mountain Elec Coop, Inc",Cooperative,short form (residential estimated),True,6834
2024,AR,17540.0,"South Central Ark El Coop, Inc",Cooperative,bundled,False,9410
2024,AR,17671.0,Southwest Arkansas E C C,Cooperative,bundled,False,24879
2024,AR,17698.0,Southwestern Electric Power Co,Investor Owned,bundled,False,108102
2024,AR,20963.0,Woodruff Electric Coop Corp,Cooperative,bundled,False,12125
2024,AZ,737.0,Aguila Irrigation District,Political Subdivision,short form (residential estimated),True,38
2024,AZ,58123.0,Aha Macav Power Service,Political Subdivision,short form (residential estimated),True,428
2024,AZ,176.0,Ajo Improvement Co,Investor Owned,bundled,False,821
2024,AZ,25866.0,Ak-Chin Electric Utility Authority,State,bundled,False,319
2024,AZ,803.0,Arizona Public Service Co,Investor Owned,bundled,False,1256120
2024,AZ,2469.0,Buckeye Water C&D District,Political Subdivision,short form (residential estimated),True,81
2024,AZ,6753.0,City of Fredonia - (AZ),Municipal,short form (residential estimated),True,687
2024,AZ,12351.0,City of Mesa - (AZ),Municipal,bundled,False,15331
2024,AZ,16538.0,City of Safford - (AZ),Municipal,short form (residential estimated),True,5088
2024,AZ,56535.0,City of Williams - AZ,Municipal,short form (residential estimated),True,1903
2024,AZ,3990.0,Colorado River Indian Irr Proj,Federal,short form (residential estimated),True,0
2024,AZ,4071.0,"Columbus Electric Coop, Inc",Cooperative,short form (residential estimated),True,398
2024,AZ,40165.0,"Dixie Escalante R E A, Inc",Cooperative,bundled,False,2790
2024,AZ,5438.0,"Duncan Valley Elec Coop, Inc",Cooperative,short form (residential estimated),True,1740
2024,AZ,15048.0,Electrical Dist No2 Pinal County,Political Subdivision,bundled,False,5218
2024,AZ,30518.0,Electrical Dist No3 Pinal County,Political Subdivision,bundled,False,32009
2024,AZ,15049.0,Electrical Dist No4 Pinal County,Political Subdivision,short form (residential estimated),True,2170
2024,AZ,40357.0,Electrical Dist No6 Pinal County,Political Subdivision,short form (residential estimated),True,92
2024,AZ,21239.0,Electrical Dist No7 Maricopa,Political Subdivision,short form (residential estimated),True,56
2024,AZ,5729.0,Electrical Dist No8 Maricopa,Political Subdivision,bundled,False,0
2024,AZ,6957.0,"Garkane Energy Coop, Inc",Cooperative,bundled,False,1401
2024,AZ,65261.0,Gila River Indian Utility Authority (GRICUA),Cooperative,bundled,False,2682
2024,AZ,7456.0,Graham County Electric Coop Inc,Cooperative,short form (residential estimated),True,6477
2024,AZ,8139.0,Harquahala Valley Pwr District,Political Subdivision,short form (residential estimated),True,73
2024,AZ,8700.0,Hohokam Irr & Drain Dist,Political Subdivision,short form (residential estimated),True,1373
2024,AZ,40355.0,Maricopa County M W C Dist #1,Political Subdivision,short form (residential estimated),True,68
2024,AZ,12191.0,McMullen Valley Water C&D Dist,Political Subdivision,short form (residential estimated),True,135
2024,AZ,21538.0,"Mohave Electric Cooperative, Inc.",Cooperative,bundled,False,41009
2024,AZ,12919.0,Morenci Water and Electric,Investor Owned,bundled,False,2232
2024,AZ,13314.0,Navajo Tribal Utility Authority,State,bundled,False,27014
2024,AZ,13318.0,"Navopache Electric Coop, Inc",Cooperative,bundled,False,40076
2024,AZ,13961.0,Ocotillo Water Conserv. Dist.,Political Subdivision,short form (residential estimated),True,112
2024,AZ,14373.0,Page Utility Enterprises,Municipal,short form (residential estimated),True,3782
2024,AZ,16273.0,Roosevelt Irrigation District,Political Subdivision,short form (residential estimated),True,164
2024,AZ,16572.0,Salt River Project,Political Subdivision,bundled,False,1053407
2024,AZ,18280.0,Sulphur Springs Valley E C Inc,Cooperative,bundled,False,46008
2024,AZ,14543.0,Tohono O'Odham Utility Authority,Political Subdivision,short form (residential estimated),True,2665
2024,AZ,19016.0,Tonopah Irrigation District,Political Subdivision,short form (residential estimated),True,38
2024,AZ,18805.0,Town of Thatcher- (AZ),Municipal,short form (residential estimated),True,2510
2024,AZ,20618.0,Town of Wickenburg,Municipal,short form (residential estimated),True,1238
2024,AZ,19189.0,Trico Electric Cooperative Inc,Cooperative,bundled,False,52450
2024,AZ,24211.0,Tucson Electric Power Co,Investor Owned,bundled,False,412747
2024,AZ,19728.0,"UNS Electric, Inc",Investor Owned,bundled,False,95191
2024,AZ,19604.0,USBIA-San Carlos Project,Federal,bundled,False,11432
2024,AZ,27000.0,WAPA-- Western Area Power Administration,Federal,bundled,False,0
2024,AZ,25060.0,Wellton-Mohawk Irr & Drain Dist,Political Subdivision,short form (residential estimated),True,2820
2024,CA,58123.0,Aha Macav Power Service,Political Subdivision,short form (residential estimated),True,77
2024,CA,207.0,Alameda Municipal Power,Municipal,bundled,False,33174
2024,CA,694.0,Anza Electric Coop Inc,Cooperative,short form (residential estimated),True,3667
2024,CA,17612.0,Bear Valley Electric Service,Investor Owned,bundled,False,23327
2024,CA,16612.0,City & County of San Francisco,Municipal,bundled,False,2618
2024,CA,590.0,City of Anaheim - (CA),Municipal,bundled,False,105839
2024,CA,1050.0,City of Azusa,Municipal,bundled,False,15599
2024,CA,1192.0,City of Banning - (CA),Municipal,short form (residential estimated),True,10769
2024,CA,1702.0,City of Biggs - (CA),Municipal,short form (residential estimated),True,679
2024,CA,2507.0,City of Burbank Water and Power,Municipal,bundled,False,46157
2024,CA,4003.0,City of Colton - (CA),Municipal,bundled,False,17472
2024,CA,4390.0,City of Corona - (CA),Municipal,bundled,False,1285
2024,CA,5969.0,City of Escondido - (CA),Municipal,bundled,False,0
2024,CA,7294.0,City of Glendale - (CA),Municipal,bundled,False,77563
2024,CA,7677.0,City of Gridley - (CA),Municipal,short form (residential estimated),True,2564
2024,CA,8348.0,City of Healdsburg - (CA),Municipal,short form (residential estimated),True,4964
2024,CA,57194.0,City of Industry,Municipal,short form (residential estimated),True,110
2024,CA,11124.0,City of Lodi - (CA),Municipal,bundled,False,23751
2024,CA,11148.0,City of Lompoc - (CA),Municipal,short form (residential estimated),True,12280
2024,CA,55787.0,City of Moreno Valley - (CA),Municipal,bundled,False,7936
2024,CA,13149.0,City of Needles - (CA),Municipal,short form (residential estimated),True,2451
2024,CA,14401.0,City of Palo Alto - (CA),Municipal,bundled,False,26249
2024,CA,14534.0,City of Pasadena - (CA),Municipal,bundled,False,58551
2024,CA,15783.0,City of Redding - (CA),Municipal,bundled,False,38170
2024,CA,16088.0,City of Riverside - (CA),Municipal,bundled,False,100450
2024,CA,16295.0,City of Roseville - (CA),Municipal,bundled,False,63052
2024,CA,16655.0,City of Santa Clara - (CA),Municipal,bundled,False,50949
2024,CA,17896.0,City of Shasta Lake - (CA),Municipal,bundled,False,4268
2024,CA,19397.0,City of Ukiah - (CA),Municipal,short form (residential estimated),True,6368
2024,CA,19798.0,City of Vernon,Municipal,bundled,False,73
2024,CA,55962.0,City of Victorville - (CA),Municipal,short form (residential estimated),True,73
2024,CA,3990.0,Colorado River Indian Irr Proj,Federal,short form (residential estimated),True,0
2024,CA,58789.0,DOD USMC Marine Air Ground Combat,Federal,short form (residential estimated),True,0
2024,CA,9216.0,Imperial Irrigation District,Political Subdivision,bundled,False,142078
2024,CA,10325.0,Kings River Conservation Dist,Political Subdivision,bundled,False,0
2024,CA,66052.0,Kirkwood Meadows PUD,Political Subdivision,short form (residential estimated),True,502
2024,CA,10724.0,Lassen Municipal Utility District,Municipal,short form (residential estimated),True,8548
2024,CA,62779.0,Lathrop Irrigation District,Political Subdivision,short form (residential estimated),True,2715
2024,CA,57483.0,Liberty Utilities,Investor Owned,bundled,False,43902
2024,CA,11208.0,Los Angeles Department of Water & Power,Municipal,bundled,False,1410191
2024,CA,12312.0,Merced Irrigation District,Political Subdivision,bundled,False,11366
2024,CA,12745.0,Modesto Irrigation District,Political Subdivision,bundled,False,103650
2024,CA,14354.0,PacifiCorp,Investor Owned,bundled,False,36273
2024,CA,14328.0,Pacific Gas & Electric Co.,Investor Owned,bundled + delivery,False,5047461
2024,CA,58126.0,Pittsburg Power Company,Municipal,short form (residential estimated),True,480
2024,CA,15308.0,Plumas-Sierra Rural Elec Coop,Cooperative,short form (residential estimated),True,5917
2024,CA,60715.0,Port of Oakland,Municipal,short form (residential estimated),True,106
2024,CA,60502.0,Port of Stockton - (CA),Municipal,short form (residential estimated),True,77
2024,CA,56224.0,Rancho Cucamonga Municipal Utility,Municipal,short form (residential estimated),True,2896
2024,CA,16534.0,Sacramento Municipal Util Dist,Political Subdivision,bundled,False,592557
2024,CA,16609.0,San Diego Gas & Electric Co,Investor Owned,bundled + delivery,False,1364361
2024,CA,66062.0,Shelter Cove Resort Improvement Dist No. 1,Political Subdivision,short form (residential estimated),True,426
2024,CA,17609.0,Southern California Edison Co,Investor Owned,bundled + delivery,False,4594415
2024,CA,18260.0,Surprise Valley Electrification,Cooperative,bundled,False,2785
2024,CA,19131.0,Trinity Public Utilities Dist,Political Subdivision,short form (residential estimated),True,4833
2024,CA,19229.0,Truckee Donner P U D,Political Subdivision,short form (residential estimated),True,9809
2024,CA,19174.0,Tuolumne County Pub Power Agny,Political Subdivision,short form (residential estimated),True,22
2024,CA,19281.0,Turlock Irrigation District,Political Subdivision,bundled,False,80575
2024,CA,19840.0,"Valley Electric Assn, Inc",Cooperative,bundled,False,12
2024,CA,27000.0,WAPA-- Western Area Power Administration,Federal,bundled,False,0
2024,CO,56146.0,"Black Hills Colorado Electric, LLC",Investor Owned,bundled,False,89252
2024,CO,9336.0,CORE Electric Cooperative,Cooperative,bundled,False,165067
2024,CO,918.0,City of Aspen- (CO),Municipal,short form (residential estimated),True,2581
2024,CO,2550.0,City of Burlington - (CO),Municipal,short form (residential estimated),True,1684
2024,CO,3227.0,City of Center - (CO),Municipal,short form (residential estimated),True,746
2024,CO,3989.0,City of Colorado Springs - (CO),Municipal,bundled,False,216771
2024,CO,5036.0,City of Delta - (CO),Municipal,short form (residential estimated),True,3060
2024,CO,6604.0,City of Fort Collins - (CO),Municipal,bundled,False,70803
2024,CO,6610.0,City of Fort Morgan,Municipal,bundled,False,5999
2024,CO,6638.0,City of Fountain,Municipal,bundled,False,17242
2024,CO,7300.0,City of Glenwood Springs - (CO),Municipal,short form (residential estimated),True,5428
2024,CO,7826.0,City of Gunnison - (CO),Municipal,short form (residential estimated),True,3846
2024,CO,8777.0,City of Holyoke - (CO),Municipal,short form (residential estimated),True,1009
2024,CO,9928.0,City of Julesburg - (CO),Municipal,short form (residential estimated),True,795
2024,CO,10536.0,City of La Junta - (CO),Municipal,short form (residential estimated),True,3144
2024,CO,10633.0,City of Lamar - (CO),Municipal,short form (residential estimated),True,3382
2024,CO,10730.0,City of Las Animas - (CO),Municipal,short form (residential estimated),True,1723
2024,CO,11187.0,City of Longmont,Municipal,bundled,False,40855
2024,CO,11256.0,City of Loveland - (CO),Municipal,bundled,False,37007
2024,CO,17834.0,City of Springfield - (CO),Municipal,short form (residential estimated),True,780
2024,CO,19204.0,City of Trinidad - (CO),Municipal,short form (residential estimated),True,3865
2024,CO,21021.0,City of Wray,Municipal,short form (residential estimated),True,1094
2024,CO,21143.0,City of Yuma - (CO),Municipal,short form (residential estimated),True,1334
2024,CO,5086.0,Delta Montrose Electric Assn,Cooperative,bundled,False,32575
2024,CO,40230.0,Deseret Generation & Tran Coop,Cooperative,short form (residential estimated),True,1
2024,CO,5862.0,"Empire Electric Assn, Inc",Cooperative,bundled,False,12899
2024,CO,7563.0,Grand Valley Power,Cooperative,bundled,False,17268
2024,CO,7787.0,Gunnison County Elec Assn.,Cooperative,short form (residential estimated),True,6972
2024,CO,27058.0,"High West Energy, Inc",Cooperative,bundled,False,670
2024,CO,8570.0,Highline Electric Assn,Cooperative,bundled,False,5047
2024,CO,8773.0,"Holy Cross Electric Assn, Inc",Cooperative,bundled,False,49982
2024,CO,10066.0,K C Electric Association,Cooperative,bundled,False,3404
2024,CO,10539.0,"La Plata Electric Assn, Inc",Cooperative,bundled,False,39931
2024,CO,12866.0,Moon Lake Electric Assn Inc,Cooperative,bundled,False,1526
2024,CO,12860.0,Morgan County Rural Elec Assn,Cooperative,bundled,False,5825
2024,CO,13050.0,"Mountain Parks Electric, Inc",Cooperative,bundled,False,19183
2024,CO,13058.0,"Mountain View Elec Assn, Inc",Cooperative,bundled,False,59789
2024,CO,15257.0,"Poudre Valley REA, Inc",Cooperative,bundled,False,49587
2024,CO,15466.0,Public Service Co of Colorado,Investor Owned,bundled,False,1365053
2024,CO,16616.0,"San Isabel Electric Assn, Inc",Cooperative,bundled,False,23289
2024,CO,16603.0,"San Luis Valley R E C, Inc",Cooperative,bundled,False,9115
2024,CO,16622.0,"San Miguel Power Assn, Inc",Cooperative,bundled,False,12154
2024,CO,16649.0,Sangre De Cristo Elec Assn Inc,Cooperative,short form (residential estimated),True,8652
2024,CO,17592.0,Southeast Colorado Power Assn,Cooperative,bundled,False,8148
2024,CO,17715.0,Southwestern Electric Coop Inc - (NM),Cooperative,bundled,False,5
2024,CO,5997.0,Town of Estes Park,Municipal,short form (residential estimated),True,9290
2024,CO,6418.0,Town of Fleming - (CO),Municipal,short form (residential estimated),True,184
2024,CO,7478.0,Town of Granada - (CO),Municipal,short form (residential estimated),True,263
2024,CO,8311.0,Town of Haxtun - (CO),Municipal,short form (residential estimated),True,501
2024,CO,8751.0,Town of Holly - (CO),Municipal,short form (residential estimated),True,473
2024,CO,11376.0,Town of Lyons - (CO),Municipal,short form (residential estimated),True,930
2024,CO,14054.0,Town of Oak Creek - (CO),Municipal,short form (residential estimated),True,561
2024,CO,19160.0,"Tri-County Electric Coop, Inc (OK)",Cooperative,bundled,False,9
2024,CO,19499.0,"United Power, Inc",Cooperative,bundled,False,101502
2024,CO,27000.0,WAPA-- Western Area Power Administration,Federal,bundled,False,0
2024,CO,20510.0,"Wheatland Electric Coop, Inc",Cooperative,bundled,False,31
2024,CO,20576.0,"White River Electric Assn, Inc",Cooperative,bundled,False,2633
2024,CO,21075.0,Y-W Electric Assn Inc,Cooperative,bundled,False,4876
2024,CO,21081.0,Yampa Valley Electric Assn Inc,Cooperative,bundled,False,23253
2024,CT,2089.0,Bozrah Light & Power Company,Municipal,bundled,False,2434
2024,CT,9734.0,City of Jewett City - (CT),Municipal,short form (residential estimated),True,1925
2024,CT,13831.0,City of Norwich - (CT),Municipal,bundled,False,18870
2024,CT,17569.0,City of South Norwalk - (CT),Municipal,short form (residential estimated),True,6134
2024,CT,4176.0,Connecticut Light & Power Co,Investor Owned,bundled + delivery,False,1174420
2024,CT,7716.0,Groton Dept of Utilities - (CT),Municipal,bundled,False,12284
2024,CT,49826.0,Mohegan Tribal Utility Authority,Political Subdivision,short form (residential estimated),True,50
2024,CT,13825.0,Norwalk Third Taxing District,Municipal,short form (residential estimated),True,3389
2024,CT,20038.0,Town of Wallingford - (CT),Municipal,bundled,False,21405
2024,CT,19497.0,United Illuminating Co,Investor Owned,bundled + delivery,False,312291
2024,DC,15270.0,Potomac Electric Power Co,Investor Owned,bundled + delivery,False,318780
2024,DE,5335.0,City of Dover - (DE),Municipal,bundled,False,21601
2024,DE,10935.0,City of Lewes - (DE),Municipal,short form (residential estimated),True,3317
2024,DE,12540.0,City of Milford - (DE),Municipal,bundled,False,7169
2024,DE,13519.0,City of Newark - (DE),Municipal,bundled,False,11888
2024,DE,16852.0,City of Seaford- (DE),Municipal,short form (residential estimated),True,3619
2024,DE,5070.0,Delaware Electric Cooperative,Cooperative,bundled,False,104839
2024,DE,5027.0,Delmarva Power,Investor Owned,bundled + delivery,False,301950
2024,DE,13424.0,New Castle Municipal Serv Comm,Municipal,short form (residential estimated),True,2414
2024,DE,3732.0,Town of Clayton - (DE),Municipal,short form (residential estimated),True,1504
2024,DE,12478.0,Town of Middletown - (DE),Municipal,bundled,False,9071
2024,DE,17457.0,Town of Smyrna - (DE),Municipal,short form (residential estimated),True,5349
2024,FL,9616.0,Beaches Energy Services,Municipal,bundled,False,30358
2024,FL,3245.0,"Central Florida Elec Coop, Inc",Cooperative,bundled,False,32771
2024,FL,15776.0,Central Florida Tourism Oversight District,Municipal,bundled,False,9
2024,FL,3502.0,"Choctawhatche Elec Coop, Inc",Cooperative,bundled,False,57070
2024,FL,201.0,City of Alachua - (FL),Municipal,short form (residential estimated),True,4157
2024,FL,1300.0,City of Bartow - (FL),Municipal,bundled,False,11613
2024,FL,1876.0,City of Blountstown - (FL),Municipal,short form (residential estimated),True,1089
2024,FL,2633.0,City of Bushnell - (FL),Municipal,short form (residential estimated),True,1390
2024,FL,3406.0,City of Chattahoochee - (FL),Municipal,short form (residential estimated),True,936
2024,FL,3774.0,City of Clewiston,Municipal,short form (residential estimated),True,3475
2024,FL,6609.0,City of Fort Meade - (FL),Municipal,short form (residential estimated),True,2282
2024,FL,7593.0,City of Green Cove Springs,Municipal,short form (residential estimated),True,3770
2024,FL,8795.0,City of Homestead - (FL),Municipal,bundled,False,26052
2024,FL,10620.0,City of Lake Worth Beach - (FL),Municipal,bundled,False,24475
2024,FL,10623.0,City of Lakeland - (FL),Municipal,bundled,False,121604
2024,FL,10868.0,City of Leesburg - (FL),Municipal,bundled,False,24482
2024,FL,12876.0,City of Moore Haven - (FL),Municipal,short form (residential estimated),True,874
2024,FL,13033.0,City of Mount Dora - (FL),Municipal,short form (residential estimated),True,5111
2024,FL,13521.0,City of Newberry - (FL),Municipal,short form (residential estimated),True,2396
2024,FL,13955.0,City of Ocala,Municipal,bundled,False,45171
2024,FL,15566.0,City of Quincy - (FL),Municipal,short form (residential estimated),True,4761
2024,FL,18004.0,City of Starke - (FL),Municipal,short form (residential estimated),True,2457
2024,FL,18445.0,City of Tallahassee - (FL),Municipal,bundled,False,106946
2024,FL,20209.0,City of Wauchula - (FL),Municipal,short form (residential estimated),True,2373
2024,FL,20735.0,City of Williston - (FL),Municipal,short form (residential estimated),True,1457
2024,FL,58124.0,City of Winter Park - (FL),Municipal,bundled,False,12137
2024,FL,3757.0,"Clay Electric Cooperative, Inc - (FL)",Cooperative,bundled,False,171179
2024,FL,6455.0,"Duke Energy Florida, LLC",Investor Owned,bundled,False,1793067
2024,FL,5964.0,"Escambia River Elec Coop, Inc",Cooperative,bundled,False,11914
2024,FL,6443.0,"Florida Keys El Coop Assn, Inc",Cooperative,bundled,False,28815
2024,FL,6452.0,Florida Power & Light Co,Investor Owned,bundled,False,5236277
2024,FL,6457.0,Florida Public Utilities Co,Investor Owned,bundled,False,25560
2024,FL,6616.0,Fort Pierce Utilities Authority,Municipal,bundled,False,24444
2024,FL,6909.0,Gainesville Regional Utilities,Municipal,bundled,False,92968
2024,FL,7264.0,"Glades Electric Coop, Inc",Cooperative,bundled,False,14456
2024,FL,7785.0,"Gulf Coast Electric Coop, Inc",Cooperative,bundled,False,21220
2024,FL,8276.0,Havana Power & Light Company,Municipal,short form (residential estimated),True,1219
2024,FL,9617.0,JEA,Municipal,bundled,False,470564
2024,FL,10376.0,Kissimmee Utility Authority,Municipal,bundled,False,79281
2024,FL,10857.0,"Lee County Electric Coop, Inc - (FL)",Cooperative,bundled,False,231142
2024,FL,13485.0,New Smyrna Beach City of,Municipal,bundled,False,27879
2024,FL,31833.0,Okefenoke Rural El Member Corp,Cooperative,bundled,False,11088
2024,FL,14610.0,Orlando Utilities Comm,Municipal,bundled,False,248683
2024,FL,14606.0,"Peace River Electric Coop, Inc",Cooperative,bundled,False,57589
2024,FL,18304.0,"Sumter Electric Coop, Inc",Cooperative,bundled,False,228855
2024,FL,18360.0,Suwannee Valley Elec Coop Inc,Cooperative,bundled,False,25934
2024,FL,18449.0,"Talquin Electric Coop, Inc",Cooperative,bundled,False,53881
2024,FL,18454.0,Tampa Electric Co,Investor Owned,bundled,False,757280
2024,FL,19161.0,"Tri-County Electric Coop, Inc (FL)",Cooperative,bundled,False,18028
2024,FL,10226.0,"Utility Board of the City of Key West, F",Municipal,bundled,False,27264
2024,FL,20371.0,"West Florida El Coop Assn, Inc",Cooperative,bundled,False,26357
2024,FL,20885.0,Withlacoochee River Elec Coop,Cooperative,bundled,False,229375
2024,GA,230.0,Albany Utility Board,Municipal,bundled,False,29517
2024,GA,407.0,Altamaha Electric Member Corp,Cooperative,bundled,False,19628
2024,GA,562.0,Amicalola Electric Member Corp,Cooperative,bundled,False,50337
2024,GA,1891.0,Blue Ridge Mountain EMC - (GA),Cooperative,bundled,False,30599
2024,GA,2903.0,Canoochee Electric Member Corp,Cooperative,bundled,False,24180
2024,GA,3081.0,Carroll Electric Member Corp - (GA),Cooperative,bundled,False,53299
2024,GA,3248.0,Central Georgia El Member Corp,Cooperative,bundled,False,61155
2024,GA,308.0,City of Acworth - (GA),Municipal,short form (residential estimated),True,5830
2024,GA,123.0,City of Adel- (GA),Municipal,short form (residential estimated),True,2502
2024,GA,1232.0,City of Barnesville - (GA),Municipal,short form (residential estimated),True,2575
2024,GA,1826.0,City of Blakely - (GA),Municipal,short form (residential estimated),True,2267
2024,GA,2487.0,City of Buford,Municipal,bundled,False,2985
2024,GA,2773.0,City of Cairo - (GA),Municipal,short form (residential estimated),True,3752
2024,GA,2812.0,City of Calhoun - (GA),Municipal,bundled,False,4944
2024,GA,2910.0,City of Camilla,Municipal,short form (residential estimated),True,2278
2024,GA,3108.0,City of Cartersville - (GA),Municipal,bundled,False,6711
2024,GA,3408.0,City of Chattanooga - (TN),Municipal,bundled,False,10366
2024,GA,3475.0,City of Chickamauga,Municipal,bundled,False,831
2024,GA,3939.0,City of College Park - (GA),Municipal,bundled,False,7924
2024,GA,4091.0,City of Commerce - (GA),Municipal,short form (residential estimated),True,2530
2024,GA,4433.0,City of Covington - (GA),Municipal,bundled,False,12459
2024,GA,5236.0,City of Doerun - (GA),Municipal,short form (residential estimated),True,331
2024,GA,5325.0,City of Douglas,Municipal,bundled,False,4124
2024,GA,5582.0,City of East Point - (GA),Municipal,bundled,False,16365
2024,GA,5730.0,City of Elberton,Municipal,short form (residential estimated),True,3645
2024,GA,5796.0,City of Ellaville,Municipal,short form (residential estimated),True,663
2024,GA,6130.0,City of Fairburn - (GA),Municipal,short form (residential estimated),True,2799
2024,GA,6598.0,City of Forsyth - (GA),Municipal,short form (residential estimated),True,2561
2024,GA,7515.0,City of Grantville - (GA),Municipal,short form (residential estimated),True,808
2024,GA,7679.0,City of Griffin - (GA),Municipal,bundled,False,13594
2024,GA,8022.0,City of Hampton - (GA),Municipal,short form (residential estimated),True,2246
2024,GA,8698.0,City of Hogansville - (GA),Municipal,short form (residential estimated),True,1576
2024,GA,9573.0,City of Jackson - (GA),Municipal,short form (residential estimated),True,1428
2024,GA,10585.0,City of La Grange - (GA),Municipal,bundled,False,12347
2024,GA,10571.0,City of LaFayette - (GA),Municipal,short form (residential estimated),True,3418
2024,GA,10800.0,City of Lawrenceville - (GA),Municipal,bundled,False,10667
2024,GA,11587.0,City of Mansfield - (GA),Municipal,short form (residential estimated),True,243
2024,GA,11646.0,City of Marietta - (GA),Municipal,bundled,False,36273
2024,GA,12800.0,City of Monroe - (GA),Municipal,short form (residential estimated),True,5658
2024,GA,12851.0,City of Monticello - (GA),Municipal,short form (residential estimated),True,1066
2024,GA,13026.0,City of Moultrie - (GA),Municipal,short form (residential estimated),True,5570
2024,GA,13646.0,City of Norcross- (GA),Municipal,short form (residential estimated),True,4425
2024,GA,40369.0,City of Oxford - (GA),Municipal,short form (residential estimated),True,588
2024,GA,14396.0,City of Palmetto - (GA),Municipal,short form (residential estimated),True,1639
2024,GA,15573.0,City of Quitman,Municipal,short form (residential estimated),True,1910
2024,GA,16637.0,City of Sandersville - (GA),Municipal,bundled,False,2234
2024,GA,18397.0,City of Sylvania - (GA),Municipal,bundled,False,1913
2024,GA,18403.0,City of Sylvester - (GA),Municipal,short form (residential estimated),True,2271
2024,GA,18847.0,City of Thomaston - (GA),Municipal,short form (residential estimated),True,3630
2024,GA,18848.0,City of Thomasville - (GA),Municipal,bundled,False,14025
2024,GA,20140.0,City of Washington - (GA),Municipal,bundled,False,1856
2024,GA,20393.0,City of West Point - (GA),Municipal,short form (residential estimated),True,1512
2024,GA,20534.0,City of Whigham - (GA),Municipal,short form (residential estimated),True,250
2024,GA,3843.0,Coastal Electric Member Corp - (GA),Cooperative,bundled,False,20559
2024,GA,3916.0,Cobb Electric Membership Corp,Cooperative,bundled,False,200601
2024,GA,40212.0,Colquitt Electric Membership Corp,Cooperative,bundled,False,65743
2024,GA,4432.0,Coweta-Fayette El Member Corp,Cooperative,bundled,False,83001
2024,GA,4538.0,Crisp County Power Comm,Political Subdivision,bundled,False,9206
2024,GA,4744.0,Dalton Utilities,Municipal,bundled,False,13482
2024,GA,19219.0,Diverse Power Incorporated,Cooperative,bundled,False,31998
2024,GA,5905.0,Excelsior Electric Member Corp,Cooperative,bundled,False,23422
2024,GA,6380.0,Fitzgerald Wtr Lgt & Bond Comm,Municipal,short form (residential estimated),True,4864
2024,GA,6411.0,Flint Electric Membership Corp,Cooperative,bundled,False,83739
2024,GA,6617.0,Fort Valley Utility Comm,Municipal,short form (residential estimated),True,3941
2024,GA,7140.0,Georgia Power Co,Investor Owned,bundled,False,2452488
2024,GA,7450.0,Grady Electric Membership Corp,Cooperative,bundled,False,19283
2024,GA,7090.0,GreyStone Power Corporation,Cooperative,bundled,False,139028
2024,GA,7887.0,Habersham Electric Membership Corp,Cooperative,bundled,False,35011
2024,GA,8210.0,Hart Electric Member Corp,Cooperative,bundled,False,30297
2024,GA,8333.0,Haywood Electric Member Corp,Cooperative,bundled,False,433
2024,GA,9431.0,Irwin Electric Membership Corp,Cooperative,short form (residential estimated),True,9789
2024,GA,9601.0,Jackson Electric Member Corp - (GA),Cooperative,bundled,False,239558
2024,GA,9689.0,Jefferson Electric Member Corp,Cooperative,bundled,False,34490
2024,GA,26218.0,Little Ocmulgee El Member Corp,Cooperative,short form (residential estimated),True,9060
2024,GA,12472.0,Middle Georgia El Member Corp,Cooperative,short form (residential estimated),True,6545
2024,GA,12706.0,Mitchell Electric Member Corp,Cooperative,bundled,False,21293
2024,GA,13547.0,"Newnan Wtr, Sewer & Light Comm",Municipal,bundled,False,9209
2024,GA,13716.0,North Georgia Elec Member Corp,Cooperative,bundled,False,90182
2024,GA,13934.0,Ocmulgee Electric Member Corp,Cooperative,short form (residential estimated),True,9895
2024,GA,13962.0,Oconee Electric Member Corp,Cooperative,bundled,False,10743
2024,GA,31833.0,Okefenoke Rural El Member Corp,Cooperative,bundled,False,27736
2024,GA,14649.0,Planters Electric Member Corp,Cooperative,bundled,False,16385
2024,GA,15700.0,Rayle Electric Membership Corp,Cooperative,bundled,False,16369
2024,GA,16674.0,Satilla Rural Elec Member Corporation,Cooperative,bundled,False,54115
2024,GA,16865.0,Sawnee Electric Membership Corporation,Cooperative,bundled,False,181600
2024,GA,17290.0,Slash Pine Elec Member Corp,Cooperative,short form (residential estimated),True,7149
2024,GA,17832.0,Snapping Shoals El Member Corp,Cooperative,bundled,False,105253
2024,GA,10624.0,Southern Rivers Energy,Cooperative,bundled,False,20411
2024,GA,18305.0,Sumter Electric Member Corp,Cooperative,bundled,False,15049
2024,GA,18499.0,Three Notch Elec Member Corp,Cooperative,bundled,False,13695
2024,GA,2236.0,Town of Brinson - (GA),Municipal,short form (residential estimated),True,104
2024,GA,18956.0,Tri-County Elec Member Corp (GA),Cooperative,bundled,False,21154
2024,GA,19154.0,Tri-State Electric Member Corp,Cooperative,bundled,False,13123
2024,GA,19581.0,Upson Elec Member Corp,Cooperative,short form (residential estimated),True,7361
2024,GA,20065.0,Walton Electric Member Corp,Cooperative,bundled,False,131915
2024,GA,20146.0,Washington Elec Member Corp,Cooperative,bundled,False,15200
2024,HI,8287.0,Hawaii Electric Light Co Inc,Investor Owned,bundled,False,78386
2024,HI,19547.0,Hawaiian Electric Co Inc,Investor Owned,bundled,False,276206
2024,HI,10071.0,Kauai Island Utility Cooperative,Cooperative,bundled,False,30109
2024,HI,11843.0,Maui Electric Co Ltd,Investor Owned,bundled,False,61811
2024,IA,16611.0,Access Energy Coop,Cooperative,bundled,False,8850
2024,IA,329.0,"Allamakee-Clayton El Coop, Inc",Cooperative,short form (residential estimated),True,8503
2024,IA,471.0,Amana Society Service Co,Investor Owned,bundled,False,709
2024,IA,942.0,Atchison-Holt Electric Coop,Cooperative,short form (residential estimated),True,1024
2024,IA,965.0,Atlantic Municipal Utilities,Municipal,short form (residential estimated),True,3870
2024,IA,1172.0,Bancroft Municipal Utilities,Municipal,short form (residential estimated),True,513
2024,IA,13143.0,Board of Water Electric & Communications,Municipal,bundled,False,10123
2024,IA,1968.0,Boone Valley Electric Coop,Cooperative,short form (residential estimated),True,81
2024,IA,2652.0,Butler County Rural Elec Coop - (IA),Cooperative,bundled,False,3898
2024,IA,4040.0,Calhoun County Elec Coop Assn,Cooperative,short form (residential estimated),True,1420
2024,IA,3137.0,Cascade Municipal Utilities,Municipal,short form (residential estimated),True,992
2024,IA,3111.0,Cass Electric Coop,Cooperative,short form (residential estimated),True,75
2024,IA,3203.0,Cedar Falls Utilities,Municipal,bundled,False,17772
2024,IA,3314.0,"Chariton Valley Elec Coop, Inc",Cooperative,short form (residential estimated),True,5370
2024,IA,149.0,City of Afton- (IA),Municipal,short form (residential estimated),True,419
2024,IA,182.0,City of Akron - (IA),Municipal,short form (residential estimated),True,707
2024,IA,309.0,City of Algona - (IA),Municipal,short form (residential estimated),True,3163
2024,IA,405.0,City of Alta - (IA),Municipal,short form (residential estimated),True,828
2024,IA,432.0,City of Alta Vista- (IA),Municipal,short form (residential estimated),True,142
2024,IA,198.0,City of Alton,Municipal,short form (residential estimated),True,493
2024,IA,554.0,City of Ames - (IA),Municipal,bundled,False,24979
2024,IA,682.0,City of Anita - (IA),Municipal,short form (residential estimated),True,508
2024,IA,700.0,City of Anthon - (IA),Municipal,short form (residential estimated),True,307
2024,IA,723.0,City of Aplington,Municipal,short form (residential estimated),True,459
2024,IA,995.0,City of Auburn - (IA),Municipal,short form (residential estimated),True,146
2024,IA,1002.0,City of Aurelia - (IA),Municipal,short form (residential estimated),True,430
2024,IA,1515.0,City of Bellevue - (IA),Municipal,short form (residential estimated),True,1454
2024,IA,1869.0,City of Bloomfield - (IA),Municipal,short form (residential estimated),True,1162
2024,IA,2183.0,City of Breda - (IA),Municipal,short form (residential estimated),True,251
2024,IA,2287.0,City of Brooklyn - (IA),Municipal,short form (residential estimated),True,674
2024,IA,40390.0,City of Buffalo - (IA),Municipal,short form (residential estimated),True,386
2024,IA,2600.0,City of Burt,Municipal,short form (residential estimated),True,254
2024,IA,2809.0,City of Callender - (IA),Municipal,short form (residential estimated),True,165
2024,IA,3029.0,City of Carlisle- (IA),Municipal,short form (residential estimated),True,1303
2024,IA,3900.0,City of Coggon - (IA),Municipal,short form (residential estimated),True,288
2024,IA,4305.0,City of Coon Rapids,Municipal,short form (residential estimated),True,673
2024,IA,4375.0,City of Corning - (IA),Municipal,short form (residential estimated),True,944
2024,IA,4304.0,City of Corwith - (IA),Municipal,short form (residential estimated),True,160
2024,IA,4791.0,City of Danville - (IA),Municipal,short form (residential estimated),True,355
2024,IA,4919.0,City of Dayton - (IA),Municipal,short form (residential estimated),True,436
2024,IA,5056.0,City of Denison - (IA),Municipal,short form (residential estimated),True,2737
2024,IA,5076.0,City of Denver - (IA),Municipal,short form (residential estimated),True,771
2024,IA,5155.0,City of Dike,Municipal,short form (residential estimated),True,407
2024,IA,5529.0,City of Durant - (IA),Municipal,short form (residential estimated),True,794
2024,IA,5518.0,City of Dysart - (IA),Municipal,short form (residential estimated),True,599
2024,IA,5563.0,City of Earlville - (IA),Municipal,short form (residential estimated),True,353
2024,IA,5827.0,City of Ellsworth - (IA),Municipal,short form (residential estimated),True,240
2024,IA,5998.0,City of Estherville - (IA),Municipal,short form (residential estimated),True,2652
2024,IA,6127.0,City of Fairbank - (IA),Municipal,short form (residential estimated),True,485
2024,IA,6210.0,City of Farnhamville - (IA),Municipal,short form (residential estimated),True,245
2024,IA,6496.0,City of Fonda - (IA),Municipal,short form (residential estimated),True,294
2024,IA,6501.0,City of Fontanelle - (IA),Municipal,short form (residential estimated),True,377
2024,IA,6579.0,City of Forest City- (IA),Municipal,short form (residential estimated),True,1780
2024,IA,6759.0,City of Fredericksburg - (IA),Municipal,short form (residential estimated),True,466
2024,IA,7295.0,City of Glidden - (IA),Municipal,short form (residential estimated),True,588
2024,IA,7443.0,City of Graettinger - (IA),Municipal,short form (residential estimated),True,423
2024,IA,7486.0,City of Grand Junction - (IA),Municipal,short form (residential estimated),True,371
2024,IA,7626.0,City of Greenfield - (IA),Municipal,short form (residential estimated),True,969
2024,IA,7837.0,City of Guttenberg,Municipal,short form (residential estimated),True,1154
2024,IA,8214.0,City of Hartley - (IA),Municipal,short form (residential estimated),True,802
2024,IA,8288.0,City of Hawarden - (IA),Municipal,short form (residential estimated),True,1102
2024,IA,8610.0,City of Hinton,Municipal,short form (residential estimated),True,337
2024,IA,8847.0,City of Hopkinton - (IA),Municipal,short form (residential estimated),True,320
2024,IA,9230.0,City of Independence - (IA),Municipal,bundled,False,2719
2024,IA,10265.0,City of Kimballton - (IA),Municipal,short form (residential estimated),True,169
2024,IA,10606.0,City of Lake Mills,Municipal,short form (residential estimated),True,1021
2024,IA,10608.0,City of Lake Park - (IA),Municipal,short form (residential estimated),True,538
2024,IA,10617.0,City of Lake View - (IA),Municipal,short form (residential estimated),True,1137
2024,IA,10650.0,City of Lamoni - (IA),Municipal,short form (residential estimated),True,929
2024,IA,10706.0,City of Larchwood - (IA),Municipal,short form (residential estimated),True,441
2024,IA,10769.0,City of Laurens - (IA),Municipal,short form (residential estimated),True,677
2024,IA,10784.0,City of Lawler - (IA),Municipal,short form (residential estimated),True,262
2024,IA,10881.0,City of Lehigh - (IA),Municipal,short form (residential estimated),True,198
2024,IA,10908.0,City of Lenox - (IA),Municipal,short form (residential estimated),True,617
2024,IA,11093.0,City of Livermore- (IA),Municipal,short form (residential estimated),True,178
2024,IA,11141.0,City of Long Grove - (IA),Municipal,short form (residential estimated),True,191
2024,IA,11581.0,City of Manning,Municipal,short form (residential estimated),True,690
2024,IA,11609.0,City of Mapleton- (IA),Municipal,short form (residential estimated),True,638
2024,IA,11611.0,City of Maquoketa - (IA),Municipal,bundled,False,2805
2024,IA,10172.0,City of Marathon - (IA),Municipal,short form (residential estimated),True,156
2024,IA,12114.0,City of McGregor- (IA),Municipal,short form (residential estimated),True,522
2024,IA,12541.0,City of Milford - (IA),Municipal,short form (residential estimated),True,1325
2024,IA,12839.0,City of Montezuma - (IA),Municipal,short form (residential estimated),True,753
2024,IA,13038.0,City of Mt Pleasant - (IA),Municipal,short form (residential estimated),True,3259
2024,IA,13382.0,City of Neola - (IA),Municipal,short form (residential estimated),True,388
2024,IA,13444.0,City of New Hampton - (IA),Municipal,short form (residential estimated),True,2080
2024,IA,13990.0,City of Ogden - (IA),Municipal,short form (residential estimated),True,946
2024,IA,14132.0,City of Onawa - (IA),Municipal,short form (residential estimated),True,2769
2024,IA,14159.0,City of Orange City - (IA),Municipal,short form (residential estimated),True,1910
2024,IA,14166.0,City of Orient - (IA),Municipal,short form (residential estimated),True,198
2024,IA,14201.0,City of Osage - (IA),Municipal,short form (residential estimated),True,2015
2024,IA,14433.0,City of Panora - (IA),Municipal,short form (residential estimated),True,611
2024,IA,14473.0,City of Paton - (IA),Municipal,short form (residential estimated),True,98
2024,IA,14577.0,City of Paullina - (IA),Municipal,short form (residential estimated),True,541
2024,IA,14645.0,City of Pella - (IA),Municipal,short form (residential estimated),True,4403
2024,IA,15180.0,City of Pocahontas - (IA),Municipal,short form (residential estimated),True,1114
2024,IA,15349.0,City of Preston,Municipal,bundled,False,521
2024,IA,15377.0,City of Primghar - (IA),Municipal,short form (residential estimated),True,517
2024,IA,15751.0,City of Readlyn - (IA),Municipal,short form (residential estimated),True,308
2024,IA,15846.0,City of Remsen - (IA),Municipal,short form (residential estimated),True,723
2024,IA,15862.0,City of Renwick - (IA),Municipal,short form (residential estimated),True,218
2024,IA,16211.0,City of Rockford- (IA),Municipal,short form (residential estimated),True,391
2024,IA,16528.0,City of Sabula - (IA),Municipal,short form (residential estimated),True,315
2024,IA,16628.0,City of Sanborn - (IA),Municipal,short form (residential estimated),True,660
2024,IA,16932.0,City of Sergeant Bluff - (IA),Municipal,short form (residential estimated),True,1776
2024,IA,17046.0,City of Shelby - (IA),Municipal,short form (residential estimated),True,296
2024,IA,17141.0,City of Sibley - (IA),Municipal,short form (residential estimated),True,1258
2024,IA,17264.0,City of Sioux Center,Municipal,short form (residential estimated),True,2424
2024,IA,17783.0,City of Spencer - (IA),Municipal,short form (residential estimated),True,5204
2024,IA,27269.0,City of Stanhope - (IA),Municipal,short form (residential estimated),True,212
2024,IA,16992.0,City of Stanton - (IA),Municipal,short form (residential estimated),True,304
2024,IA,18014.0,City of State Center - (IA),Municipal,short form (residential estimated),True,845
2024,IA,18177.0,City of Story City - (IA),Municipal,short form (residential estimated),True,1684
2024,IA,18201.0,City of Stratford - (IA),Municipal,short form (residential estimated),True,336
2024,IA,18204.0,City of Strawberry Point,Municipal,short form (residential estimated),True,590
2024,IA,18231.0,City of Stuart - (IA),Municipal,short form (residential estimated),True,811
2024,IA,18301.0,City of Sumner - (IA),Municipal,short form (residential estimated),True,930
2024,IA,18947.0,City of Tipton - (IA),Municipal,short form (residential estimated),True,1500
2024,IA,19062.0,City of Traer - (IA),Municipal,short form (residential estimated),True,908
2024,IA,19843.0,City of Villisca - (IA),Municipal,short form (residential estimated),True,594
2024,IA,19865.0,City of Vinton - (IA),Municipal,short form (residential estimated),True,2129
2024,IA,20025.0,City of Wall Lake - (IA),Municipal,short form (residential estimated),True,440
2024,IA,20259.0,City of Webster City - (IA),Municipal,short form (residential estimated),True,3684
2024,IA,20364.0,City of West Bend,Municipal,short form (residential estimated),True,508
2024,IA,20380.0,City of West Liberty - (IA),Municipal,short form (residential estimated),True,1490
2024,IA,20604.0,City of Whittemore - (IA),Municipal,short form (residential estimated),True,267
2024,IA,20789.0,City of Wilton - (IA),Municipal,short form (residential estimated),True,1291
2024,IA,20835.0,City of Winterset - (IA),Municipal,short form (residential estimated),True,2350
2024,IA,20949.0,City of Woodbine - (IA),Municipal,short form (residential estimated),True,723
2024,IA,20846.0,City of Woolstock - (IA),Municipal,short form (residential estimated),True,102
2024,IA,3722.0,Clarke Electric Coop Inc - (IA),Cooperative,short form (residential estimated),True,4912
2024,IA,11788.0,Consumers Energy Coop - (IA),Cooperative,bundled,False,6922
2024,IA,5588.0,East-Central Iowa Rural Elec Coop,Cooperative,bundled,False,7368
2024,IA,5605.0,Eastern Iowa Light & Power Coop,Cooperative,bundled,False,20749
2024,IA,5742.0,Eldridge City Utilities,Municipal,short form (residential estimated),True,2436
2024,IA,6168.0,Farmers Electric Coop - (IA),Cooperative,short form (residential estimated),True,545
2024,IA,6112.0,"Farmers Electric Coop, Inc - (IA)",Cooperative,short form (residential estimated),True,4360
2024,IA,6258.0,Federated Rural Electric Assn,Cooperative,bundled,False,53
2024,IA,6722.0,Franklin Rural Electric Coop - (IA),Cooperative,short form (residential estimated),True,1669
2024,IA,6782.0,Freeborn Mower Electric Cooperative,Cooperative,bundled,False,6
2024,IA,7424.0,Gowrie Municipal Utilities,Municipal,short form (residential estimated),True,502
2024,IA,7442.0,Grafton Electric - (IA),Municipal,short form (residential estimated),True,133
2024,IA,7743.0,Grundy Center Mun Light & Power,Municipal,short form (residential estimated),True,1305
2024,IA,7864.0,Grundy County Rural Elec Coop,Cooperative,short form (residential estimated),True,1935
2024,IA,7720.0,"Grundy Electric Coop, Inc",Cooperative,short form (residential estimated),True,194
2024,IA,7750.0,Guthrie County Rural E C A,Cooperative,short form (residential estimated),True,4233
2024,IA,8122.0,Harlan Municipal Utilities - (IA),Municipal,short form (residential estimated),True,2367
2024,IA,8283.0,Harrison County Rrl Elec Coop,Cooperative,short form (residential estimated),True,3353
2024,IA,8319.0,Heartland Power Coop,Cooperative,bundled,False,4351
2024,IA,9275.0,Indianola Municipal Utilities,Municipal,short form (residential estimated),True,5467
2024,IA,9417.0,Interstate Power and Light Co,Investor Owned,bundled,False,417153
2024,IA,9425.0,Iowa Lakes Electric Coop,Cooperative,bundled,False,9714
2024,IA,10181.0,Keosauqua Municipal Light & Pwr,Municipal,short form (residential estimated),True,524
2024,IA,10542.0,La Porte City Utilities,Municipal,short form (residential estimated),True,998
2024,IA,11053.0,Linn County REC,Cooperative,bundled,False,30323
2024,IA,11298.0,Lyon Rural Electric Coop,Cooperative,short form (residential estimated),True,1978
2024,IA,12642.0,Maquoketa Valley Rrl Elec Coop,Cooperative,bundled,False,11051
2024,IA,19157.0,MiEnergy Cooperative,Cooperative,bundled,False,6006
2024,IA,12341.0,MidAmerican Energy Co,Investor Owned,bundled,False,632436
2024,IA,12450.0,Midland Power Coop,Cooperative,bundled,False,11939
2024,IA,13468.0,New London Municipal Utilities,Municipal,short form (residential estimated),True,1033
2024,IA,13675.0,Nishnabotna Valley R E C,Cooperative,short form (residential estimated),True,3181
2024,IA,13684.0,Nobles Cooperative Electric,Cooperative,short form (residential estimated),True,9
2024,IA,17260.0,North West Rural Electric Coop,Cooperative,bundled,False,9400
2024,IA,14202.0,"Osceola Electric Coop, Inc",Cooperative,short form (residential estimated),True,1090
2024,IA,26765.0,Pella Cooperative Elec Assn,Cooperative,short form (residential estimated),True,2744
2024,IA,60080.0,Pleasant Hill Community Line,Cooperative,short form (residential estimated),True,119
2024,IA,15291.0,Prairie Energy Coop,Cooperative,bundled,False,3440
2024,IA,7303.0,Raccoon Valley Electric Cooperative,Cooperative,short form (residential estimated),True,2375
2024,IA,16206.0,Rock Rapids Municipal Utility,Municipal,short form (residential estimated),True,1193
2024,IA,17643.0,"Southern Iowa Elec Coop, Inc",Cooperative,short form (residential estimated),True,4103
2024,IA,49986.0,Southwest Iowa Rural Elec Coop,Cooperative,short form (residential estimated),True,5174
2024,IA,18446.0,T I P Rural Electric Coop,Cooperative,short form (residential estimated),True,5627
2024,IA,11568.0,Town of Manilla - (IA),Municipal,short form (residential estimated),True,400
2024,IA,20379.0,Town of Westfield - (IA),Municipal,short form (residential estimated),True,65
2024,IA,22646.0,"United Electric Coop, Inc - (MO)",Cooperative,short form (residential estimated),True,451
2024,IA,20214.0,Waverly Municipal Elec Utility,Municipal,short form (residential estimated),True,4253
2024,IA,20396.0,West Point Utility System,Municipal,short form (residential estimated),True,706
2024,IA,19437.0,Western Iowa Power Coop,Cooperative,short form (residential estimated),True,4780
2024,IA,20951.0,Woodbury County Rural E C A,Cooperative,short form (residential estimated),True,2944
2024,ID,20169.0,Avista Corp,Investor Owned,bundled,False,128226
2024,ID,244.0,City of Albion - (ID),Municipal,short form (residential estimated),True,167
2024,ID,1956.0,City of Bonners Ferry,Municipal,short form (residential estimated),True,2405
2024,ID,2545.0,City of Burley - (ID),Municipal,short form (residential estimated),True,4373
2024,ID,7084.0,City of Declo - (ID),Municipal,short form (residential estimated),True,115
2024,ID,8532.0,City of Heyburn - (ID),Municipal,short form (residential estimated),True,1395
2024,ID,9187.0,City of Idaho Falls - (ID),Municipal,bundled,False,28142
2024,ID,12609.0,City of Minidoka - (ID),Municipal,short form (residential estimated),True,40
2024,ID,15297.0,City of Plummer - (ID),Municipal,short form (residential estimated),True,882
2024,ID,16416.0,City of Rupert - (ID),Municipal,short form (residential estimated),True,2627
2024,ID,17493.0,City of Soda Springs - (ID),Municipal,short form (residential estimated),True,1564
2024,ID,20297.0,City of Weiser - (ID),Municipal,short form (residential estimated),True,2643
2024,ID,3739.0,Clearwater Power Company,Cooperative,short form (residential estimated),True,7578
2024,ID,5584.0,East End Mutual Elec Co Ltd,Cooperative,short form (residential estimated),True,583
2024,ID,6169.0,Fall River Rural Elec Coop Inc,Cooperative,bundled,False,15433
2024,ID,6155.0,"Farmers Electric Company, Ltd - (ID)",Cooperative,short form (residential estimated),True,109
2024,ID,9186.0,"Idaho County L&P Coop Assn, Inc",Cooperative,short form (residential estimated),True,3249
2024,ID,9191.0,Idaho Power Co,Investor Owned,bundled,False,525751
2024,ID,8699.0,Inland Power & Light Company,Cooperative,bundled,False,2115
2024,ID,10454.0,Kootenai Electric Cooperative,Cooperative,bundled,False,30378
2024,ID,11211.0,Lost River Electric Coop Inc,Cooperative,short form (residential estimated),True,2123
2024,ID,11273.0,Lower Valley Energy Inc,Cooperative,bundled,False,1636
2024,ID,12692.0,"Missoula Electric Coop, Inc",Cooperative,bundled,False,46
2024,ID,13758.0,"Northern Lights, Inc",Cooperative,bundled,False,18511
2024,ID,14354.0,PacifiCorp,Investor Owned,bundled,False,74170
2024,ID,22814.0,Raft Rural Elec Coop Inc,Cooperative,bundled,False,1391
2024,ID,56536.0,Riverside Electric Cooperative,Cooperative,short form (residential estimated),True,446
2024,ID,16565.0,Salmon River Electric Coop Inc,Cooperative,bundled,False,2383
2024,ID,17576.0,"South Side Electric, Inc",Cooperative,short form (residential estimated),True,619
2024,ID,19502.0,"United Electric Co-op, Inc - (ID)",Cooperative,bundled,False,5100
2024,ID,23586.0,"Vigilante Electric Coop, Inc",Cooperative,short form (residential estimated),True,21
2024,IL,97.0,Adams Electric Coop,Cooperative,short form (residential estimated),True,6957
2024,IL,56697.0,Ameren Illinois Company,Investor Owned,bundled + delivery,False,1060894
2024,IL,2776.0,Cairo Public Utility Company,Municipal,short form (residential estimated),True,943
2024,IL,229.0,City of Albany - (IL),Municipal,short form (residential estimated),True,399
2024,IL,366.0,City of Allendale- (IL),Municipal,short form (residential estimated),True,217
2024,IL,406.0,City of Altamont - (IL),Municipal,short form (residential estimated),True,1248
2024,IL,1325.0,City of Batavia - (IL),Municipal,bundled,False,10020
2024,IL,2188.0,City of Breese - (IL),Municipal,short form (residential estimated),True,2122
2024,IL,2634.0,City of Bushnell - (IL),Municipal,short form (residential estimated),True,1301
2024,IL,3037.0,City of Carlyle - (IL),Municipal,short form (residential estimated),True,1718
2024,IL,3040.0,City of Carmi - (IL),Municipal,short form (residential estimated),True,2533
2024,IL,3153.0,City of Casey - (IL),Municipal,short form (residential estimated),True,1521
2024,IL,6141.0,City of Fairfield- (IL),Municipal,short form (residential estimated),True,2691
2024,IL,6192.0,City of Farmer City - (IL),Municipal,short form (residential estimated),True,1049
2024,IL,6417.0,City of Flora - (IL),Municipal,short form (residential estimated),True,2273
2024,IL,7095.0,City of Geneseo - (IL),Municipal,short form (residential estimated),True,3134
2024,IL,7096.0,City of Geneva- (IL),Municipal,bundled,False,8691
2024,IL,8573.0,City of Highland,Municipal,short form (residential estimated),True,5708
2024,IL,11736.0,City of Marshall - (IL),Municipal,short form (residential estimated),True,2112
2024,IL,11790.0,City of Mascoutah - (IL),Municipal,short form (residential estimated),True,3424
2024,IL,12167.0,City of McLeansboro - (IL),Municipal,short form (residential estimated),True,2075
2024,IL,12388.0,City of Metropolis - (IL),Municipal,short form (residential estimated),True,3077
2024,IL,13208.0,City of Naperville - (IL),Municipal,bundled,False,56117
2024,IL,13560.0,City of Newton - (IL),Municipal,short form (residential estimated),True,1368
2024,IL,13993.0,City of Oglesby - (IL),Municipal,short form (residential estimated),True,2062
2024,IL,14840.0,City of Peru - (IL),Municipal,bundled,False,4993
2024,IL,15388.0,City of Princeton - (IL),Municipal,short form (residential estimated),True,3769
2024,IL,15772.0,City of Red Bud - (IL),Municipal,short form (residential estimated),True,1936
2024,IL,16198.0,City of Rock Falls - (IL),Municipal,short form (residential estimated),True,4388
2024,IL,16269.0,City of Roodhouse - (IL),Municipal,short form (residential estimated),True,783
2024,IL,17828.0,City of Springfield - (IL),Municipal,bundled,False,59621
2024,IL,17860.0,City of St Charles - (IL),Municipal,bundled,False,14181
2024,IL,18277.0,City of Sullivan - (IL),Municipal,short form (residential estimated),True,2541
2024,IL,20180.0,City of Waterloo - (IL),Municipal,short form (residential estimated),True,4283
2024,IL,3726.0,Clay Electric Coop Inc - (IL),Cooperative,short form (residential estimated),True,2488
2024,IL,3806.0,"Clinton County Elec Coop, Inc",Cooperative,short form (residential estimated),True,4759
2024,IL,3931.0,Coles-Moultrie Electric Coop,Cooperative,bundled,False,8456
2024,IL,4110.0,Commonwealth Edison Co,Investor Owned,bundled + delivery,False,3727675
2024,IL,4362.0,Corn Belt Energy Corporation,Cooperative,bundled,False,34710
2024,IL,5585.0,Eastern Illinois Elec Coop,Cooperative,bundled,False,11115
2024,IL,5535.0,Egyptian Electric Coop Assn,Cooperative,bundled,False,13707
2024,IL,5531.0,Enerstar Power Corp,Cooperative,short form (residential estimated),True,4031
2024,IL,9209.0,Illinois Rural Electric Coop,Cooperative,short form (residential estimated),True,7840
2024,IL,9750.0,"Jo-Carroll Energy, Inc",Cooperative,bundled + delivery,False,17227
2024,IL,8824.0,M J M Electric Cooperative Inc,Cooperative,short form (residential estimated),True,7291
2024,IL,12070.0,McDonough Power Coop,Cooperative,short form (residential estimated),True,3811
2024,IL,12395.0,Menard Electric Coop,Cooperative,bundled,False,9048
2024,IL,12341.0,MidAmerican Energy Co,Investor Owned,bundled + delivery,False,73582
2024,IL,12803.0,"Monroe County Elec Coop, Inc",Cooperative,short form (residential estimated),True,5763
2024,IL,13032.0,Mt Carmel Public Utility Co,Investor Owned,bundled,False,4327
2024,IL,13292.0,Norris Electric Coop,Cooperative,bundled,False,18074
2024,IL,16179.0,Rochelle Municipal Utilities,Municipal,bundled,False,5854
2024,IL,16196.0,Rock Energy Cooperative,Cooperative,bundled,False,9339
2024,IL,16420.0,Rural Electric Conven Coop - (IL),Cooperative,short form (residential estimated),True,4565
2024,IL,16740.0,Scenic Rivers Energy Coop,Cooperative,bundled,False,12
2024,IL,17040.0,"Shelby Electric Coop, Inc - (IL)",Cooperative,bundled,False,9871
2024,IL,17585.0,"Southeastern IL Elec Coop, Inc",Cooperative,bundled,False,22731
2024,IL,17631.0,Southern Illinois Elec Coop,Cooperative,short form (residential estimated),True,8557
2024,IL,17697.0,Southwestern Electric Coop Inc - (IL),Cooperative,bundled,False,24822
2024,IL,17838.0,"Spoon River Electric Coop, Inc",Cooperative,short form (residential estimated),True,3727
2024,IL,18955.0,"Tri-County Electric Coop, Inc (IL)",Cooperative,bundled,False,16197
2024,IL,19528.0,University of Illinois,State,short form (residential estimated),True,1
2024,IL,1648.0,Village of Bethany - (IL),Municipal,short form (residential estimated),True,566
2024,IL,3405.0,Village of Chatham - (IL),Municipal,short form (residential estimated),True,5343
2024,IL,6764.0,Village of Freeburg - (IL),Municipal,short form (residential estimated),True,1897
2024,IL,7633.0,Village of Greenup - (IL),Municipal,short form (residential estimated),True,755
2024,IL,40367.0,Village of Ladd - (IL),Municipal,short form (residential estimated),True,559
2024,IL,15686.0,Village of Rantoul - (IL),Municipal,short form (residential estimated),True,5059
2024,IL,16092.0,Village of Riverton - (IL),Municipal,short form (residential estimated),True,1425
2024,IL,20824.0,Village of Winnetka - (IL),Municipal,short form (residential estimated),True,4165
2024,IL,20222.0,Wayne-White Counties Elec Coop,Cooperative,bundled,False,11957
2024,IL,29296.0,Western Illinois Elec Coop,Cooperative,short form (residential estimated),True,2727
2024,IN,9273.0,AES Indiana,Investor Owned,bundled,False,469499
2024,IN,261.0,AGC Division of APGI Inc,Investor Owned,bundled,False,0
2024,IN,1283.0,Bartholomew County Rural E M C,Cooperative,bundled,False,11427
2024,IN,24753.0,Boone County Rural EMC,Cooperative,bundled,False,18371
2024,IN,2192.0,Bremen Electric Light & Power Co,Municipal,short form (residential estimated),True,2021
2024,IN,2964.0,Cannelton Utilities,Municipal,short form (residential estimated),True,778
2024,IN,27599.0,Carroll-White REMC,Cooperative,bundled,False,14807
2024,IN,636.0,City of Anderson - (IN),Municipal,bundled,False,29533
2024,IN,994.0,City of Auburn - (IN),Municipal,bundled,False,6813
2024,IN,1896.0,City of Bluffton - (IN),Municipal,bundled,False,5007
2024,IN,4007.0,City of Columbia City - (IN),Municipal,short form (residential estimated),True,4195
2024,IN,4429.0,City of Covington - (IN),Municipal,short form (residential estimated),True,1401
2024,IN,6707.0,City of Frankfort - (IN),Municipal,bundled,False,7820
2024,IN,6970.0,City of Garrett,Municipal,short form (residential estimated),True,2880
2024,IN,6993.0,City of Gas City - (IN),Municipal,short form (residential estimated),True,2764
2024,IN,6907.0,City of Greendale,Municipal,short form (residential estimated),True,1852
2024,IN,7627.0,City of Greenfield - (IN),Municipal,bundled,False,11858
2024,IN,7907.0,City of Hagerstown - (IN),Municipal,short form (residential estimated),True,978
2024,IN,9088.0,City of Huntingburg - (IN),Municipal,short form (residential estimated),True,3109
2024,IN,9667.0,City of Jasper - (IN),Municipal,bundled,False,6568
2024,IN,9613.0,City of Lebanon - (IN),Municipal,bundled,False,8076
2024,IN,10961.0,City of Lewisville - (IN),Municipal,short form (residential estimated),True,186
2024,IN,11055.0,City of Linton - (IN),Municipal,short form (residential estimated),True,2969
2024,IN,11142.0,City of Logansport - (IN),Municipal,bundled,False,11350
2024,IN,12674.0,City of Mishawaka,Municipal,bundled,False,25071
2024,IN,13782.0,City of New Ross - (IN),Municipal,short form (residential estimated),True,185
2024,IN,14839.0,City of Peru - (IN),Municipal,bundled,False,9062
2024,IN,15860.0,City of Rensselaer - (IN),Municipal,short form (residential estimated),True,2784
2024,IN,15989.0,City of Richmond - (IN),Municipal,bundled,False,16310
2024,IN,16068.0,City of Rising Sun - (IN),Municipal,short form (residential estimated),True,1355
2024,IN,16830.0,City of Scottsburg - (IN),Municipal,short form (residential estimated),True,3433
2024,IN,18538.0,City of Tell City - (IN),Municipal,short form (residential estimated),True,3627
2024,IN,18887.0,City of Thorntown - (IN),Municipal,short form (residential estimated),True,749
2024,IN,19227.0,City of Troy - (IN),Municipal,short form (residential estimated),True,255
2024,IN,20139.0,City of Washington - (IN),Municipal,short form (residential estimated),True,6671
2024,IN,20226.0,City of Waynetown - (IN),Municipal,short form (residential estimated),True,441
2024,IN,20730.0,City of Williamsport - (IN),Municipal,short form (residential estimated),True,836
2024,IN,22822.0,Clark County Rural E M C - (IN),Cooperative,bundled,False,27103
2024,IN,4508.0,"Crawfordsville Elec, Lgt & Pwr",Municipal,bundled,False,8615
2024,IN,4799.0,Darlington Light & Power Co,Municipal,short form (residential estimated),True,573
2024,IN,4848.0,Daviess Martin County R E M C,Cooperative,bundled,False,7975
2024,IN,4960.0,Decatur County Rural E M C,Cooperative,bundled,False,8088
2024,IN,5392.0,Dublin Municipal Electric Util,Municipal,short form (residential estimated),True,414
2024,IN,5394.0,Dubois Rural Electric Coop Inc,Cooperative,bundled,False,13419
2024,IN,15470.0,"Duke Energy Indiana, LLC",Investor Owned,bundled,False,796265
2024,IN,5655.0,Edinburgh Municipal Utilities,Municipal,short form (residential estimated),True,2391
2024,IN,6425.0,Flora Utilities,Municipal,short form (residential estimated),True,1129
2024,IN,6848.0,Fulton County Rural E M C,Cooperative,short form (residential estimated),True,5760
2024,IN,8179.0,Harrison County Rural E M C,Cooperative,bundled,False,23221
2024,IN,59505.0,Heartland REMC,Cooperative,bundled,False,18013
2024,IN,8447.0,Hendricks County Rural E M C,Cooperative,bundled,False,37638
2024,IN,8466.0,Henry County Rural E M C,Cooperative,short form (residential estimated),True,9022
2024,IN,9324.0,Indiana Michigan Power Co,Investor Owned,bundled,False,422062
2024,IN,9576.0,Jackson County Rural E M C - (IN),Cooperative,bundled,False,24215
2024,IN,9665.0,Jasper County Rural E M C,Cooperative,bundled,False,7745
2024,IN,9666.0,Jay County Rural E M C,Cooperative,short form (residential estimated),True,5055
2024,IN,9778.0,Johnson County Rural E M C,Cooperative,bundled,False,28279
2024,IN,9999.0,Kankakee Valley Rural E M C,Cooperative,bundled,False,18994
2024,IN,10448.0,Kosciusko County Rural E M C,Cooperative,bundled,False,17435
2024,IN,10562.0,Lagrange County Rural E M C,Cooperative,short form (residential estimated),True,6803
2024,IN,10798.0,Lawrenceburg Municipal Utils,Municipal,short form (residential estimated),True,3157
2024,IN,11767.0,Marshall County Rural E M C,Cooperative,short form (residential estimated),True,6959
2024,IN,12406.0,Miami-Cass County Rural E M C,Cooperative,short form (residential estimated),True,5740
2024,IN,12377.0,Midwest Energy Cooperative - (MI),Cooperative,bundled,False,310
2024,IN,13566.0,Newton County Rural E M C,Cooperative,short form (residential estimated),True,1309
2024,IN,8000.0,NineStar Connect,Cooperative,bundled,False,17770
2024,IN,13647.0,Noble County R E M C,Cooperative,bundled,False,10986
2024,IN,20603.0,Northeastern Rural E M C,Cooperative,bundled,False,30610
2024,IN,13756.0,Northern Indiana Pub Serv Co,Investor Owned,bundled,False,430648
2024,IN,14160.0,Orange County Rural E M C,Cooperative,short form (residential estimated),True,7734
2024,IN,14471.0,Parke County Rural E M C,Cooperative,short form (residential estimated),True,11726
2024,IN,14599.0,"Paulding-Putman Elec Coop, Inc",Cooperative,bundled,False,3851
2024,IN,17038.0,RushShelby Energy,Cooperative,bundled,False,14761
2024,IN,12929.0,South Central Indiana REMC,Cooperative,bundled,False,34901
2024,IN,17599.0,Southeastern Indiana R E M C,Cooperative,bundled,False,26172
2024,IN,17633.0,Southern Indiana Gas & Elec Co,Investor Owned,bundled,False,133795
2024,IN,19445.0,"Southern Indiana R E C, Inc",Cooperative,bundled,False,8936
2024,IN,18100.0,Steuben County Rural E M C,Cooperative,short form (residential estimated),True,9125
2024,IN,18940.0,Tipmont Rural Elec Member Corp,Cooperative,bundled,False,28885
2024,IN,18942.0,Tipton Municipal Electric Util,Municipal,short form (residential estimated),True,3597
2024,IN,157.0,Town of Advance - (IN),Municipal,short form (residential estimated),True,232
2024,IN,789.0,Town of Argos,Municipal,short form (residential estimated),True,747
2024,IN,1028.0,Town of Avilla - (IN),Municipal,short form (residential estimated),True,1019
2024,IN,1119.0,Town of Bainbridge - (IN),Municipal,short form (residential estimated),True,341
2024,IN,1208.0,Town of Bargersville - (IN),Municipal,short form (residential estimated),True,3109
2024,IN,2289.0,Town of Brooklyn,Municipal,short form (residential estimated),True,476
2024,IN,2304.0,Town of Brookston - (IN),Municipal,short form (residential estimated),True,712
2024,IN,3230.0,Town of Centerville - (IN),Municipal,short form (residential estimated),True,1229
2024,IN,3323.0,Town of Chalmers - (IN),Municipal,short form (residential estimated),True,288
2024,IN,3815.0,Town of Coatesville - (IN),Municipal,short form (residential estimated),True,281
2024,IN,4486.0,Town of Crane - (IN),Municipal,short form (residential estimated),True,89
2024,IN,5071.0,Town of Dunreith - (IN),Municipal,short form (residential estimated),True,126
2024,IN,5928.0,Town of Etna Green,Municipal,short form (residential estimated),True,307
2024,IN,6276.0,Town of Ferdinand - (IN),Municipal,short form (residential estimated),True,755
2024,IN,6735.0,Town of Frankton - (IN),Municipal,short form (residential estimated),True,944
2024,IN,9646.0,Town of Jamestown - (IN),Municipal,short form (residential estimated),True,464
2024,IN,10330.0,Town of Kingsford Heights,Municipal,short form (residential estimated),True,0
2024,IN,10407.0,Town of Knightstown - (IN),Municipal,short form (residential estimated),True,1468
2024,IN,10568.0,Town of Ladoga - (IN),Municipal,short form (residential estimated),True,565
2024,IN,12476.0,Town of Middletown - (IN),Municipal,short form (residential estimated),True,1174
2024,IN,12840.0,Town of Montezuma - (IN),Municipal,short form (residential estimated),True,508
2024,IN,13423.0,Town of New Carlisle- (IN),Municipal,short form (residential estimated),True,821
2024,IN,14435.0,Town of Paoli - (IN),Municipal,short form (residential estimated),True,1533
2024,IN,14659.0,Town of Pendleton - (IN),Municipal,short form (residential estimated),True,2851
2024,IN,15116.0,Town of Pittsboro - (IN),Municipal,short form (residential estimated),True,668
2024,IN,16219.0,Town of Rockville - (IN),Municipal,short form (residential estimated),True,1670
2024,IN,17589.0,Town of South Whitley - (IN),Municipal,short form (residential estimated),True,890
2024,IN,17790.0,Town of Spiceland - (IN),Municipal,short form (residential estimated),True,505
2024,IN,18250.0,Town of Straughn - (IN),Municipal,short form (residential estimated),True,132
2024,IN,19771.0,Town of Veedersburg - (IN),Municipal,short form (residential estimated),True,1052
2024,IN,20021.0,Town of Walkerton - (IN),Municipal,short form (residential estimated),True,1336
2024,IN,20122.0,Town of Warren - (IN),Municipal,short form (residential estimated),True,728
2024,IN,20792.0,Town of Winamac - (IN),Municipal,short form (residential estimated),True,1865
2024,IN,19667.0,Utilities Dist-Western IN REMC,Cooperative,bundled,False,18898
2024,IN,20111.0,Warren County Rural E M C,Cooperative,short form (residential estimated),True,4652
2024,IN,25295.0,Western Indiana Energy REMC,Cooperative,bundled,False,15017
2024,IN,20216.0,Whitewater Valley Rural EMC,Cooperative,bundled,False,11998
2024,KS,63286.0,"4 Rivers Electric Cooperative, Inc.",Cooperative,short form (residential estimated),True,9559
2024,KS,296.0,"Alfalfa Electric Coop, Inc",Cooperative,bundled,False,205
2024,KS,40208.0,"Ark Valley Elec Coop Assn, Inc",Cooperative,short form (residential estimated),True,4011
2024,KS,23826.0,Bluestem Electric Coop Inc,Cooperative,short form (residential estimated),True,5773
2024,KS,2354.0,Brown-Atchison E C A Inc,Cooperative,short form (residential estimated),True,2506
2024,KS,2641.0,"Butler Rural El Coop Assn, Inc - (KS)",Cooperative,short form (residential estimated),True,5928
2024,KS,2774.0,CMS Electric Coop Inc,Cooperative,bundled,False,3198
2024,KS,2961.0,"Caney Valley El Coop Assn, Inc",Cooperative,short form (residential estimated),True,3954
2024,KS,385.0,City of Alma - (KS),Municipal,short form (residential estimated),True,462
2024,KS,408.0,City of Altamont - (KS),Municipal,short form (residential estimated),True,468
2024,KS,701.0,City of Anthony - (KS),Municipal,short form (residential estimated),True,1545
2024,KS,764.0,City of Arcadia - (KS),Municipal,short form (residential estimated),True,151
2024,KS,832.0,City of Arma - (KS),Municipal,short form (residential estimated),True,645
2024,KS,911.0,City of Ashland - (KS),Municipal,short form (residential estimated),True,572
2024,KS,989.0,City of Attica - (KS),Municipal,short form (residential estimated),True,377
2024,KS,998.0,City of Augusta - (KS),Municipal,short form (residential estimated),True,3467
2024,KS,1033.0,City of Axtell - (KS),Municipal,short form (residential estimated),True,191
2024,KS,1148.0,City of Baldwin City- (KS),Municipal,short form (residential estimated),True,1697
2024,KS,1512.0,City of Belleville - (KS),Municipal,short form (residential estimated),True,1162
2024,KS,1525.0,City of Beloit - (KS),Municipal,short form (residential estimated),True,1902
2024,KS,1726.0,City of Blue Mound - (KS),Municipal,short form (residential estimated),True,119
2024,KS,2270.0,City of Bronson,Municipal,short form (residential estimated),True,108
2024,KS,2547.0,City of Burlingame - (KS),Municipal,short form (residential estimated),True,557
2024,KS,2551.0,City of Burlington - (KS),Municipal,short form (residential estimated),True,1400
2024,KS,3191.0,City of Cawker City - (KS),Municipal,short form (residential estimated),True,350
2024,KS,3294.0,City of Centralia - (KS),Municipal,short form (residential estimated),True,230
2024,KS,3355.0,City of Chanute,Municipal,bundled,False,4556
2024,KS,3366.0,City of Chapman - (KS),Municipal,short form (residential estimated),True,558
2024,KS,3454.0,City of Chetopa - (KS),Municipal,short form (residential estimated),True,509
2024,KS,3535.0,City of Cimarron - (KS),Municipal,short form (residential estimated),True,915
2024,KS,3710.0,City of Clay Center - (KS),Municipal,short form (residential estimated),True,2296
2024,KS,3892.0,City of Coffeyville - (KS),Municipal,bundled,False,4723
2024,KS,3913.0,City of Colby - (KS),Municipal,short form (residential estimated),True,2630
2024,KS,5154.0,City of Dighton - (KS),Municipal,short form (residential estimated),True,724
2024,KS,5802.0,City of Ellinwood - (KS),Municipal,short form (residential estimated),True,1064
2024,KS,5795.0,City of Elsmore - (KS),Municipal,short form (residential estimated),True,39
2024,KS,5839.0,City of Elwood - (KS),Municipal,short form (residential estimated),True,483
2024,KS,5919.0,City of Enterprise - (KS),Municipal,short form (residential estimated),True,338
2024,KS,5957.0,City of Erie - (KS),Municipal,short form (residential estimated),True,523
2024,KS,6019.0,City of Eudora - (KS),Municipal,short form (residential estimated),True,2212
2024,KS,6762.0,City of Fredonia - (KS),Municipal,short form (residential estimated),True,1209
2024,KS,6931.0,City of Galva - (KS),Municipal,short form (residential estimated),True,392
2024,KS,6941.0,City of Garden City,Municipal,bundled,False,10449
2024,KS,6949.0,City of Gardner - (KS),Municipal,short form (residential estimated),True,8277
2024,KS,6965.0,City of Garnett - (KS),Municipal,short form (residential estimated),True,1888
2024,KS,7257.0,City of Girard - (KS),Municipal,short form (residential estimated),True,1283
2024,KS,7269.0,City of Glasco - (KS),Municipal,short form (residential estimated),True,306
2024,KS,7287.0,City of Glen Elder - (KS),Municipal,short form (residential estimated),True,310
2024,KS,7374.0,City of Goodland - (KS),Municipal,short form (residential estimated),True,2227
2024,KS,7631.0,City of Greensburg - (KS),Municipal,short form (residential estimated),True,526
2024,KS,8279.0,City of Haven - (KS),Municipal,short form (residential estimated),True,543
2024,KS,8490.0,City of Herington - (KS),Municipal,short form (residential estimated),True,1119
2024,KS,8497.0,City of Herndon,Municipal,short form (residential estimated),True,124
2024,KS,8599.0,City of Hill City,Municipal,short form (residential estimated),True,813
2024,KS,8629.0,City of Hillsboro - (KS),Municipal,short form (residential estimated),True,1238
2024,KS,8703.0,City of Hoisington - (KS),Municipal,short form (residential estimated),True,1279
2024,KS,8770.0,City of Holton - (KS),Municipal,short form (residential estimated),True,2070
2024,KS,8781.0,City of Holyrood - (KS),Municipal,short form (residential estimated),True,263
2024,KS,8871.0,City of Horton - (KS),Municipal,short form (residential estimated),True,998
2024,KS,9011.0,City of Hugoton - (KS),Municipal,short form (residential estimated),True,1836
2024,KS,9418.0,City of Iola - (KS),Municipal,short form (residential estimated),True,3052
2024,KS,9463.0,City of Isabel - (KS),Municipal,short form (residential estimated),True,57
2024,KS,9541.0,City of Iuka - (KS),Municipal,short form (residential estimated),True,78
2024,KS,9732.0,City of Jetmore,Municipal,short form (residential estimated),True,528
2024,KS,9776.0,City of Johnson - (KS),Municipal,short form (residential estimated),True,697
2024,KS,9996.0,City of Kansas City - (KS),Municipal,bundled,False,61475
2024,KS,10321.0,City of Kingman - (KS),Municipal,short form (residential estimated),True,1599
2024,KS,10351.0,City of Kiowa - (KS),Municipal,short form (residential estimated),True,740
2024,KS,10559.0,City of La Crosse - (KS),Municipal,short form (residential estimated),True,760
2024,KS,10533.0,City of La Harpe - (KS),Municipal,short form (residential estimated),True,244
2024,KS,10628.0,City of Lakin - (KS),Municipal,short form (residential estimated),True,856
2024,KS,10713.0,City of Larned - (KS),Municipal,short form (residential estimated),True,2054
2024,KS,11017.0,City of Lincoln Center - (KS),Municipal,short form (residential estimated),True,734
2024,KS,11040.0,City of Lindsborg - (KS),Municipal,short form (residential estimated),True,1467
2024,KS,11299.0,City of Lucas- (KS),Municipal,short form (residential estimated),True,289
2024,KS,11306.0,City of Luray - (KS),Municipal,short form (residential estimated),True,120
2024,KS,11572.0,City of Mankato - (KS),Municipal,short form (residential estimated),True,486
2024,KS,11658.0,City of Marion - (KS),Municipal,short form (residential estimated),True,1007
2024,KS,12208.0,City of McPherson - (KS),Municipal,bundled,False,7432
2024,KS,12242.0,City of Meade - (KS),Municipal,short form (residential estimated),True,778
2024,KS,21533.0,City of Minneapolis - (KS),Municipal,short form (residential estimated),True,951
2024,KS,12838.0,City of Montezuma - (KS),Municipal,short form (residential estimated),True,476
2024,KS,12909.0,City of Moran - (KS),Municipal,short form (residential estimated),True,221
2024,KS,12896.0,City of Morrill - (KS),Municipal,short form (residential estimated),True,122
2024,KS,13029.0,City of Moundridge - (KS),Municipal,short form (residential estimated),True,888
2024,KS,13035.0,City of Mount Hope - (KS),Municipal,short form (residential estimated),True,365
2024,KS,11206.0,City of Mulberry - (KS),Municipal,short form (residential estimated),True,174
2024,KS,13095.0,City of Mulvane - (KS),Municipal,short form (residential estimated),True,2417
2024,KS,11207.0,City of Muscotah,Municipal,short form (residential estimated),True,80
2024,KS,13380.0,City of Neodesha - (KS),Municipal,short form (residential estimated),True,1275
2024,KS,13819.0,City of Norton,Municipal,short form (residential estimated),True,1467
2024,KS,13948.0,City of Oberlin - (KS),Municipal,short form (residential estimated),True,1093
2024,KS,14199.0,City of Osage City - (KS),Municipal,short form (residential estimated),True,1442
2024,KS,14203.0,City of Osawatomie - (KS),Municipal,short form (residential estimated),True,1709
2024,KS,14214.0,City of Osborne - (KS),Municipal,short form (residential estimated),True,745
2024,KS,14229.0,City of Ottawa - (KS),Municipal,short form (residential estimated),True,5279
2024,KS,14276.0,City of Oxford - (KS),Municipal,short form (residential estimated),True,478
2024,KS,15201.0,City of Pomona - (KS),Municipal,short form (residential estimated),True,549
2024,KS,15321.0,City of Pratt- (KS),Municipal,short form (residential estimated),True,3679
2024,KS,15336.0,City of Prescott - (KS),Municipal,short form (residential estimated),True,101
2024,KS,26894.0,City of Radium - (KS),Municipal,short form (residential estimated),True,19
2024,KS,16135.0,City of Robinson - (KS),Municipal,short form (residential estimated),True,130
2024,KS,16440.0,City of Russell - (KS),Municipal,short form (residential estimated),True,2732
2024,KS,16518.0,City of Sabetha - (KS),Municipal,short form (residential estimated),True,1573
2024,KS,16876.0,City of Savonburg - (KS),Municipal,short form (residential estimated),True,43
2024,KS,16834.0,City of Scranton - (KS),Municipal,short form (residential estimated),True,268
2024,KS,16922.0,City of Seneca - (KS),Municipal,short form (residential estimated),True,987
2024,KS,16988.0,City of Sharon Springs - (KS),Municipal,short form (residential estimated),True,488
2024,KS,17872.0,City of St Francis - (KS),Municipal,short form (residential estimated),True,845
2024,KS,17894.0,City of St Marys - (KS),Municipal,short form (residential estimated),True,931
2024,KS,17879.0,City of St. John - (KS),Municipal,short form (residential estimated),True,665
2024,KS,17924.0,City of Stafford - (KS),Municipal,short form (residential estimated),True,581
2024,KS,18086.0,City of Sterling - (KS),Municipal,short form (residential estimated),True,1022
2024,KS,18137.0,City of Stockton - (KS),Municipal,short form (residential estimated),True,771
2024,KS,17754.0,City of Summerfield - (KS),Municipal,short form (residential estimated),True,96
2024,KS,18945.0,City of Toronto - (KS),Municipal,short form (residential estimated),True,163
2024,KS,18959.0,City of Troy - (KS),Municipal,short form (residential estimated),True,481
2024,KS,19344.0,City of Udall - (KS),Municipal,short form (residential estimated),True,353
2024,KS,27545.0,City of Vermillion - (KS),Municipal,short form (residential estimated),True,83
2024,KS,20069.0,City of Wamego - (KS),Municipal,short form (residential estimated),True,1993
2024,KS,20141.0,City of Washington - (KS),Municipal,short form (residential estimated),True,630
2024,KS,20189.0,City of Waterville - (KS),Municipal,short form (residential estimated),True,303
2024,KS,20192.0,City of Wathena - (KS),Municipal,short form (residential estimated),True,509
2024,KS,20315.0,City of Wellington - (KS),Municipal,short form (residential estimated),True,3688
2024,KS,20813.0,City of Winfield - (KS),Municipal,bundled,False,6284
2024,KS,4704.0,"DS&O Electric Cooperative, Inc.",Cooperative,short form (residential estimated),True,6487
2024,KS,5334.0,"Doniphan Elec Coop Assn, Inc",Cooperative,short form (residential estimated),True,1212
2024,KS,5860.0,Empire District Electric Co,Investor Owned,bundled,False,8412
2024,KS,22500.0,"Evergy Kansas Central, Inc",Investor Owned,bundled,False,341806
2024,KS,10005.0,"Evergy Kansas South, Inc",Investor Owned,bundled,False,302508
2024,KS,10000.0,Evergy Metro,Investor Owned,bundled,False,244555
2024,KS,6431.0,"Flint Hills Rural E C A, Inc",Cooperative,short form (residential estimated),True,5070
2024,KS,10019.0,FreeState Electric Coop,Cooperative,bundled,False,17514
2024,KS,16854.0,"Heartland Rural Elec Coop, Inc",Cooperative,short form (residential estimated),True,8677
2024,KS,10728.0,"Lane-Scott Electric Coop, Inc",Cooperative,short form (residential estimated),True,4364
2024,KS,12524.0,Midwest Energy Inc - (KS),Cooperative,bundled,False,29832
2024,KS,13386.0,"Nemaha-Marshall E C A, Inc",Cooperative,short form (residential estimated),True,2714
2024,KS,13570.0,Ninnescah Rural E C A Inc,Cooperative,short form (residential estimated),True,3210
2024,KS,15073.0,"Pioneer Electric Coop, Inc - (KS)",Cooperative,bundled,False,5031
2024,KS,13799.0,Prairie Land Electric Coop Inc,Cooperative,bundled,False,13273
2024,KS,16267.0,Rolling Hills Electric Coop,Cooperative,short form (residential estimated),True,8720
2024,KS,16920.0,Sedgwick County El Coop Assn Inc,Cooperative,short form (residential estimated),True,6177
2024,KS,60839.0,Southern Pioneer Electric Company,Cooperative,bundled,False,12602
2024,KS,18316.0,"Sumner-Cowley Elec Coop, Inc",Cooperative,short form (residential estimated),True,3463
2024,KS,19160.0,"Tri-County Electric Coop, Inc (OK)",Cooperative,bundled,False,1079
2024,KS,18962.0,Twin Valley Electric Coop Inc,Cooperative,short form (residential estimated),True,2197
2024,KS,19820.0,Victory Electric Coop Assn Inc,Cooperative,bundled,False,14243
2024,KS,27000.0,WAPA-- Western Area Power Administration,Federal,bundled,False,0
2024,KS,20476.0,Western Coop Electric Assn Inc,Cooperative,bundled,False,5799
2024,KS,20510.0,"Wheatland Electric Coop, Inc",Cooperative,bundled,False,20118
2024,KY,1201.0,Barbourville Utility Comm,Municipal,short form (residential estimated),True,3352
2024,KY,1708.0,Big Sandy Rural Elec Coop Corp,Cooperative,bundled,False,11574
2024,KY,1886.0,Blue Grass Energy Coop Corp,Cooperative,bundled,False,60641
2024,KY,690.0,City of Bardstown - (KY),Municipal,short form (residential estimated),True,3829
2024,KY,1205.0,City of Bardwell - (KY),Municipal,short form (residential estimated),True,391
2024,KY,1387.0,City of Benham,Municipal,short form (residential estimated),True,214
2024,KY,1582.0,City of Benton - (KY),Municipal,bundled,False,1889
2024,KY,49998.0,City of Berea Municipal Utility,Municipal,bundled,False,4722
2024,KY,2056.0,City of Bowling Green - (KY),Municipal,bundled,False,27181
2024,KY,6178.0,City of Falmouth - (KY),Municipal,short form (residential estimated),True,834
2024,KY,6708.0,City of Frankfort - (KY),Municipal,bundled,False,17200
2024,KY,6718.0,City of Franklin - (KY),Municipal,bundled,False,4561
2024,KY,6840.0,City of Fulton - (KY),Municipal,bundled,False,1188
2024,KY,7270.0,City of Glasgow - (KY),Municipal,bundled,False,5644
2024,KY,8548.0,City of Hickman,Municipal,bundled,False,821
2024,KY,8846.0,City of Hopkinsville,Municipal,bundled,False,9832
2024,KY,9697.0,City of Jellico,Municipal,bundled,False,1763
2024,KY,11871.0,City of Mayfield Plant Board,Municipal,bundled,False,4348
2024,KY,13138.0,City of Murray - (KY),Municipal,bundled,False,6163
2024,KY,13577.0,City of Nicholasville - (KY),Municipal,short form (residential estimated),True,5366
2024,KY,14103.0,City of Olive Hill - (KY),Municipal,short form (residential estimated),True,994
2024,KY,14268.0,City of Owensboro - (KY),Municipal,bundled,False,23286
2024,KY,14371.0,City of Paducah - (KY),Municipal,bundled,False,18863
2024,KY,14459.0,City of Paris - (KY),Municipal,short form (residential estimated),True,2716
2024,KY,15386.0,City of Princeton - (KY),Municipal,short form (residential estimated),True,3004
2024,KY,15443.0,City of Providence - (KY),Municipal,short form (residential estimated),True,1047
2024,KY,16459.0,City of Russellville - (KY),Municipal,bundled,False,3092
2024,KY,19716.0,City of Vanceburg,Municipal,short form (residential estimated),True,2049
2024,KY,3687.0,Clark Energy Coop Inc - (KY),Cooperative,bundled,False,26203
2024,KY,4341.0,Corbin City Utilities Comm,Municipal,short form (residential estimated),True,3341
2024,KY,4622.0,"Cumberland Valley Electric, Inc.",Cooperative,bundled,False,22478
2024,KY,19446.0,Duke Energy Kentucky,Investor Owned,bundled,False,139405
2024,KY,6194.0,Farmers Rural Electric Coop Corp - (KY),Cooperative,bundled,False,24889
2024,KY,6442.0,Fleming-Mason Energy Coop Inc,Cooperative,bundled,False,23666
2024,KY,7174.0,Gibson Electric Members Corp,Cooperative,bundled,False,2527
2024,KY,7558.0,Grayson Rural Electric Coop Corp,Cooperative,bundled,False,14429
2024,KY,8449.0,Henderson City Utility Comm,Municipal,bundled,False,10320
2024,KY,9292.0,Inter County Energy Coop Corp - (KY),Cooperative,bundled,False,26655
2024,KY,9575.0,Jackson Energy Coop Corp - (KY),Cooperative,bundled,False,49423
2024,KY,9605.0,Jackson Purchase Energy Corporation,Cooperative,bundled,False,23979
2024,KY,9964.0,Kenergy Corp,Cooperative,bundled,False,47292
2024,KY,22053.0,Kentucky Power Co,Investor Owned,bundled,False,130852
2024,KY,10171.0,Kentucky Utilities Co,Investor Owned,bundled,False,450673
2024,KY,11011.0,Licking Valley Rural E C C,Cooperative,bundled,False,16805
2024,KY,11249.0,Louisville Gas & Electric Co,Investor Owned,bundled,False,384902
2024,KY,11488.0,Madisonville Municipal Utils,Municipal,bundled,False,6919
2024,KY,12243.0,Meade County Rural E C C,Cooperative,bundled,False,29248
2024,KY,13651.0,Nolin Rural Electric Coop Corp,Cooperative,bundled,False,35855
2024,KY,14251.0,Owen Electric Coop Inc,Cooperative,bundled,False,63984
2024,KY,14724.0,Pennyrile Rural Electric Coop,Cooperative,bundled,False,40645
2024,KY,16587.0,Salt River Electric Coop Corp,Cooperative,bundled,False,53479
2024,KY,17044.0,"Shelby Energy Coop, Inc - (KY)",Cooperative,bundled,False,17437
2024,KY,17564.0,South Kentucky Rural E C C,Cooperative,bundled,False,64877
2024,KY,18498.0,Taylor County Rural E C C,Cooperative,bundled,False,24985
2024,KY,18642.0,Tennessee Valley Authority,Federal,bundled,False,0
2024,KY,19162.0,Tri-County Elec Member Corp (TN),Cooperative,bundled,False,20529
2024,KY,20130.0,Warren Rural Elec Coop Corp,Cooperative,bundled,False,60701
2024,KY,20377.0,West Kentucky Rural E C C,Cooperative,bundled,False,32062
2024,KY,20731.0,Williamstown Utility Comm,Municipal,short form (residential estimated),True,1331
2024,LA,925.0,"Ashley Chicot Elec Coop, Inc",Cooperative,short form (residential estimated),True,79
2024,LA,1458.0,"Beauregard Electric Coop, Inc",Cooperative,bundled,False,40051
2024,LA,59.0,City of Abbeville - (LA),Municipal,short form (residential estimated),True,4452
2024,LA,298.0,City of Alexandria - (LA),Municipal,bundled,False,19541
2024,LA,5945.0,City of Erath - (LA),Municipal,short form (residential estimated),True,765
2024,LA,9880.0,City of Jonesville - (LA),Municipal,short form (residential estimated),True,882
2024,LA,10025.0,City of Kaplan - (LA),Municipal,short form (residential estimated),True,1639
2024,LA,9096.0,City of Lafayette - (LA),Municipal,bundled,False,59961
2024,LA,12625.0,City of Minden - (LA),Municipal,short form (residential estimated),True,5218
2024,LA,13228.0,City of Natchitoches,Municipal,bundled,False,7234
2024,LA,13483.0,City of New Roads - (LA),Municipal,short form (residential estimated),True,0
2024,LA,15137.0,City of Plaquemine - (LA),Municipal,short form (residential estimated),True,4086
2024,LA,15728.0,City of Rayne - (LA),Municipal,short form (residential estimated),True,3154
2024,LA,16463.0,City of Ruston - (LA),Municipal,bundled,False,9900
2024,LA,17889.0,City of St Martinville - (LA),Municipal,short form (residential estimated),True,2211
2024,LA,30856.0,City of Winnfield - (LA),Municipal,short form (residential estimated),True,1997
2024,LA,3641.0,"Claiborne Electric Coop, Inc",Cooperative,bundled,False,21438
2024,LA,3265.0,Cleco Power LLC,Investor Owned,bundled,False,251927
2024,LA,4153.0,"Concordia Electric Coop, Inc",Cooperative,bundled,False,11879
2024,LA,5202.0,Dixie Electric Membership Corp - (LA),Cooperative,bundled,False,110675
2024,LA,11241.0,Entergy Louisiana LLC,Investor Owned,bundled,False,957522
2024,LA,13478.0,"Entergy New Orleans, LLC",Investor Owned,bundled,False,188178
2024,LA,9682.0,"Jefferson Davis Elec Coop, Inc",Cooperative,bundled,False,9127
2024,LA,12927.0,Morgan City - (LA),Municipal,short form (residential estimated),True,4667
2024,LA,13783.0,Northeast Louisiana Power Coop Inc.,Cooperative,bundled,False,11543
2024,LA,14424.0,"Panola-Harrison Elec Coop, Inc",Cooperative,bundled,False,8459
2024,LA,15175.0,Pointe Coupee Elec Member Corp,Cooperative,bundled,False,8255
2024,LA,17565.0,South Louisiana Elec Coop Assn,Cooperative,bundled,False,16997
2024,LA,17684.0,Southwest Louisiana E M C,Cooperative,bundled,False,108368
2024,LA,17698.0,Southwestern Electric Power Co,Investor Owned,bundled,False,207011
2024,LA,8884.0,Terrebonne Parish Consol Gov't,Municipal,bundled,False,11218
2024,LA,2064.0,Town of Boyce,Municipal,short form (residential estimated),True,287
2024,LA,7760.0,Town of Gueydan,Municipal,short form (residential estimated),True,595
2024,LA,19828.0,Town of Vidalia - (LA),Municipal,short form (residential estimated),True,1807
2024,LA,19866.0,Town of Vinton - (LA),Municipal,short form (residential estimated),True,1291
2024,LA,20343.0,Town of Welsh - (LA),Municipal,short form (residential estimated),True,1420
2024,LA,19869.0,Vinton Public Power Authority,Political Subdivision,bundled,False,0
2024,LA,21567.0,"Washington-St Tammany E C, Inc",Cooperative,bundled,False,50901
2024,MA,3477.0,City of Chicopee - (MA),Municipal,bundled,False,23218
2024,MA,8796.0,City of Hingham - (MA),Municipal,short form (residential estimated),True,8402
2024,MA,8774.0,City of Holyoke - (MA),Municipal,bundled,False,15040
2024,MA,13839.0,City of Norwood - (MA),Municipal,bundled,False,13601
2024,MA,14605.0,City of Peabody - (MA),Municipal,bundled,False,22546
2024,MA,16438.0,City of Russell - (MA),Municipal,short form (residential estimated),True,386
2024,MA,18488.0,City of Taunton,Municipal,bundled,False,35684
2024,MA,20481.0,City of Westfield - (MA),Municipal,bundled,False,16200
2024,MA,6374.0,Fitchburg Gas & Elec Light Co,Investor Owned,bundled + delivery,False,26290
2024,MA,8797.0,Hull Municipal Light Plant,Municipal,short form (residential estimated),True,5114
2024,MA,11804.0,Massachusetts Electric Co,Investor Owned,bundled + delivery,False,1210113
2024,MA,54913.0,NSTAR Electric Company,Investor Owned,bundled + delivery,False,1303076
2024,MA,13206.0,Nantucket Electric Co,Investor Owned,bundled + delivery,False,12823
2024,MA,902.0,Town of Ashburnham - (MA),Municipal,short form (residential estimated),True,2647
2024,MA,1523.0,Town of Belmont - (MA),Municipal,short form (residential estimated),True,9781
2024,MA,2086.0,Town of Boylston - (MA),Municipal,short form (residential estimated),True,2201
2024,MA,2144.0,Town of Braintree - (MA),Municipal,bundled,False,14039
2024,MA,3447.0,Town of Chester,Municipal,short form (residential estimated),True,630
2024,MA,4147.0,Town of Concord - (MA),Municipal,short form (residential estimated),True,7016
2024,MA,5480.0,Town of Danvers,Municipal,bundled,False,11594
2024,MA,7130.0,Town of Georgetown - (MA),Municipal,short form (residential estimated),True,2907
2024,MA,7715.0,Town of Groton - (MA),Municipal,short form (residential estimated),True,4111
2024,MA,7723.0,Town of Groveland - (MA),Municipal,short form (residential estimated),True,2495
2024,MA,8715.0,Town of Holden - (MA),Municipal,short form (residential estimated),True,7043
2024,MA,8973.0,Town of Hudson - (MA),Municipal,bundled,False,11448
2024,MA,9442.0,Town of Ipswich - (MA),Municipal,short form (residential estimated),True,5953
2024,MA,11085.0,Town of Littleton - (MA),Municipal,bundled,False,6738
2024,MA,11586.0,Town of Mansfield - (MA),Municipal,bundled,False,9399
2024,MA,11624.0,Town of Marblehead - (MA),Municipal,short form (residential estimated),True,8390
2024,MA,12296.0,Town of Merrimac - (MA),Municipal,short form (residential estimated),True,2719
2024,MA,12473.0,Town of Middleborough - (MA),Municipal,bundled,False,14884
2024,MA,12477.0,Town of Middleton - (MA),Municipal,short form (residential estimated),True,3328
2024,MA,13679.0,Town of North Attleborough - (MA),Municipal,bundled,False,12607
2024,MA,14585.0,Town of Paxton - (MA),Municipal,short form (residential estimated),True,1622
2024,MA,15371.0,Town of Princeton - (MA),Municipal,short form (residential estimated),True,1276
2024,MA,15748.0,Town of Reading - (MA),Municipal,bundled,False,27405
2024,MA,16377.0,Town of Rowley - (MA),Municipal,short form (residential estimated),True,2569
2024,MA,17127.0,Town of Shrewsbury - (MA),Municipal,bundled,False,15713
2024,MA,17560.0,Town of South Hadley - (MA),Municipal,short form (residential estimated),True,6899
2024,MA,18087.0,Town of Sterling - (MA),Municipal,short form (residential estimated),True,3393
2024,MA,18546.0,Town of Templeton - (MA),Municipal,short form (residential estimated),True,3147
2024,MA,19979.0,Town of Wakefield - (MA),Municipal,short form (residential estimated),True,11282
2024,MA,20310.0,Town of Wellesley - (MA),Municipal,bundled + delivery,False,9437
2024,MA,20326.0,Town of West Boylston - (MA),Municipal,short form (residential estimated),True,3125
2024,MD,84.0,A & N Electric Coop,Cooperative,bundled,False,253
2024,MD,1167.0,Baltimore Gas & Electric Co,Investor Owned,bundled + delivery,False,1214100
2024,MD,3503.0,"Choptank Electric Cooperative, Inc",Cooperative,bundled,False,50697
2024,MD,5027.0,Delmarva Power,Investor Owned,bundled + delivery,False,186368
2024,MD,5625.0,Easton Utilities Comm,Municipal,bundled,False,8590
2024,MD,7908.0,Hagerstown Light Department,Municipal,bundled,False,15099
2024,MD,15270.0,Potomac Electric Power Co,Investor Owned,bundled + delivery,False,553607
2024,MD,17637.0,Southern Maryland Elec Coop Inc,Cooperative,bundled + delivery,False,160882
2024,MD,15263.0,The Potomac Edison Company,Investor Owned,bundled + delivery,False,256568
2024,MD,18901.0,Thurmont Municipal Light Co,Municipal,short form (residential estimated),True,2388
2024,MD,1615.0,Town of Berlin - (MD),Municipal,short form (residential estimated),True,2272
2024,MD,20729.0,Town of Williamsport - (MD),Municipal,short form (residential estimated),True,846
2024,ME,3266.0,Central Maine Power Co,Investor Owned,bundled + delivery,False,577955
2024,ME,5609.0,Eastern Maine Electric Coop,Cooperative,bundled,False,10803
2024,ME,8780.0,"Fox Islands Electric Coop, Inc",Cooperative,short form (residential estimated),True,1619
2024,ME,8883.0,Houlton Water Company,Municipal,bundled + delivery,False,3907
2024,ME,10144.0,Kennebunk Light & Power Dist,Municipal,short form (residential estimated),True,6296
2024,ME,11844.0,Matinicus Plantation Elec Co,Municipal,short form (residential estimated),True,111
2024,ME,11477.0,Town of Madison - (ME),Municipal,bundled + delivery,False,2413
2024,ME,19702.0,Van Buren Light & Power Dist,Municipal,short form (residential estimated),True,1132
2024,ME,1179.0,Versant Power,Investor Owned,bundled + delivery,False,137906
2024,MI,305.0,Alger-Delta Coop Electric Assn,Cooperative,bundled,False,9817
2024,MI,392.0,Alpena Power Co,Investor Owned,bundled,False,13763
2024,MI,1367.0,"Bayfield Electric Coop, Inc",Cooperative,short form (residential estimated),True,52
2024,MI,3436.0,Cherryland Electric Coop Inc,Cooperative,bundled,False,35100
2024,MI,1366.0,City of Bay City - (MI),Municipal,bundled,False,18028
2024,MI,3384.0,City of Charlevoix - (MI),Municipal,short form (residential estimated),True,3873
2024,MI,4562.0,City of Croswell - (MI),Municipal,short form (residential estimated),True,1090
2024,MI,4604.0,City of Crystal Falls,Municipal,bundled,False,1330
2024,MI,5343.0,City of Dowagiac,Municipal,short form (residential estimated),True,2593
2024,MI,5630.0,City of Eaton Rapids - (MI),Municipal,short form (residential estimated),True,2782
2024,MI,24558.0,City of Escanaba,Municipal,short form (residential estimated),True,6177
2024,MI,7265.0,City of Gladstone,Municipal,bundled,False,2339
2024,MI,7483.0,City of Grand Haven - (MI),Municipal,bundled,False,13231
2024,MI,8083.0,City of Harbor Springs - (MI),Municipal,short form (residential estimated),True,3253
2024,MI,8205.0,City of Hart Hydro - (MI),Municipal,short form (residential estimated),True,1189
2024,MI,8723.0,City of Holland,Municipal,bundled,False,26608
2024,MI,10704.0,City of Lansing - (MI),Municipal,bundled,False,87301
2024,MI,11268.0,City of Lowell - (MI),Municipal,short form (residential estimated),True,2665
2024,MI,11701.0,City of Marquette - (MI),Municipal,bundled,False,15036
2024,MI,11713.0,City of Marshall - (MI),Municipal,short form (residential estimated),True,3906
2024,MI,13352.0,City of Negaunee,Municipal,bundled,False,1978
2024,MI,13604.0,City of Niles - (MI),Municipal,short form (residential estimated),True,5608
2024,MI,13826.0,City of Norway,Municipal,bundled,False,1995
2024,MI,14867.0,City of Petoskey - (MI),Municipal,short form (residential estimated),True,4542
2024,MI,15246.0,City of Portland - (MI),Municipal,short form (residential estimated),True,2173
2024,MI,17562.0,City of South Haven - (MI),Municipal,short form (residential estimated),True,7351
2024,MI,17886.0,City of St Louis - (MI),Municipal,short form (residential estimated),True,1678
2024,MI,18074.0,City of Stephenson - (MI),Municipal,short form (residential estimated),True,408
2024,MI,18252.0,City of Sturgis - (MI),Municipal,bundled,False,6117
2024,MI,19125.0,City of Traverse City - (MI),Municipal,bundled,False,9161
2024,MI,19975.0,City of Wakefield - (MI),Municipal,short form (residential estimated),True,859
2024,MI,21158.0,City of Zeeland - (MI),Municipal,bundled,False,6037
2024,MI,3828.0,Cloverland Electric Co-op,Cooperative,bundled,False,36086
2024,MI,3915.0,Coldwater Board of Public Util,Municipal,bundled,False,6393
2024,MI,4254.0,Consumers Energy Co - (MI),Investor Owned,bundled + delivery,False,1657843
2024,MI,5109.0,DTE Electric Company,Investor Owned,bundled + delivery,False,2067779
2024,MI,38084.0,Great Lakes Energy Coop,Cooperative,bundled,False,120645
2024,MI,8631.0,Hillsdale Board of Public Wks,Municipal,short form (residential estimated),True,5188
2024,MI,9324.0,Indiana Michigan Power Co,Investor Owned,bundled + delivery,False,112600
2024,MI,12377.0,Midwest Energy Cooperative - (MI),Cooperative,bundled,False,29283
2024,MI,13525.0,Newberry Water & Light Board,Municipal,short form (residential estimated),True,1206
2024,MI,13780.0,Northern States Power Co,Investor Owned,bundled,False,7579
2024,MI,14156.0,Ontonagon County R E A,Cooperative,short form (residential estimated),True,3940
2024,MI,15340.0,Presque Isle Elec & Gas Coop,Cooperative,bundled,False,32446
2024,MI,18895.0,Thumb Electric Coop of Mich,Cooperative,short form (residential estimated),True,9447
2024,MI,19396.0,Tri-County Electric Coop (MI),Cooperative,bundled,False,23034
2024,MI,60631.0,Upper Michigan Energy Resources Corp.,Investor Owned,bundled + delivery,False,33252
2024,MI,19578.0,Upper Peninsula Power Company,Investor Owned,bundled + delivery,False,47660
2024,MI,1196.0,Village of Baraga - (MI),Municipal,bundled,False,555
2024,MI,3415.0,Village of Chelsea - (MI),Municipal,short form (residential estimated),True,2820
2024,MI,3813.0,Village of Clinton - (MI),Municipal,short form (residential estimated),True,1256
2024,MI,4792.0,Village of Daggett - (MI),Municipal,short form (residential estimated),True,104
2024,MI,10508.0,Village of L'Anse - (MI),Municipal,bundled,False,946
2024,MI,14581.0,Village of Paw Paw - (MI),Municipal,short form (residential estimated),True,1549
2024,MI,16873.0,Village of Sebewaing - (MI),Municipal,short form (residential estimated),True,998
2024,MI,19432.0,Village of Union City - (MI),Municipal,short form (residential estimated),True,1307
2024,MI,21048.0,Wyandotte Municipal Serv Comm,Municipal,bundled,False,11730
2024,MN,12647.0,"ALLETE, Inc.",Investor Owned,bundled,False,125896
2024,MN,150.0,Adrian Public Utilities Comm,Municipal,short form (residential estimated),True,593
2024,MN,155.0,Agralite Electric Coop,Cooperative,bundled,False,4333
2024,MN,174.0,Aitkin Public Utilities Comm,Municipal,short form (residential estimated),True,1707
2024,MN,887.0,"Arrowhead Electric Coop, Inc",Cooperative,short form (residential estimated),True,3925
2024,MN,1884.0,BENCO Electric Cooperative,Cooperative,bundled,False,18361
2024,MN,1101.0,Bagley Public Utilities Comm,Municipal,short form (residential estimated),True,670
2024,MN,1529.0,"Beltrami Electric Coop, Inc",Cooperative,bundled,False,20732
2024,MN,1883.0,Blue Earth Light & Water,Municipal,short form (residential estimated),True,1685
2024,MN,2138.0,Brainerd Public Utilities,Municipal,bundled,False,6956
2024,MN,2316.0,Brown County Rural Elec Assn,Cooperative,short form (residential estimated),True,3911
2024,MN,87.0,City of Ada - (MN),Municipal,short form (residential estimated),True,1018
2024,MN,295.0,City of Alexandria - (MN),Municipal,bundled,False,8758
2024,MN,266.0,City of Alpha - (MN),Municipal,short form (residential estimated),True,60
2024,MN,482.0,City of Alvarado - (MN),Municipal,short form (residential estimated),True,161
2024,MN,691.0,City of Anoka,Municipal,bundled,False,11646
2024,MN,828.0,City of Arlington - (MN),Municipal,short form (residential estimated),True,972
2024,MN,1009.0,City of Austin - (MN),Municipal,bundled,False,10795
2024,MN,1233.0,City of Barnesville - (MN),Municipal,short form (residential estimated),True,1319
2024,MN,1353.0,City of Baudette - (MN),Municipal,short form (residential estimated),True,659
2024,MN,1573.0,City of Benson - (MN),Municipal,short form (residential estimated),True,1564
2024,MN,1753.0,City of Biwabik - (MN),Municipal,short form (residential estimated),True,520
2024,MN,1871.0,City of Blooming Prairie - (MN),Municipal,short form (residential estimated),True,887
2024,MN,2182.0,City of Breckenridge- (MN),Municipal,short form (residential estimated),True,1534
2024,MN,2206.0,City of Brewster - (MN),Municipal,short form (residential estimated),True,228
2024,MN,2412.0,City of Brownton - (MN),Municipal,short form (residential estimated),True,373
2024,MN,2485.0,City of Buffalo - (MN),Municipal,short form (residential estimated),True,5887
2024,MN,2491.0,City of Buhl - (MN),Municipal,short form (residential estimated),True,458
2024,MN,2810.0,City of Caledonia - (MN),Municipal,short form (residential estimated),True,1429
2024,MN,3356.0,City of Ceylon - (MN),Municipal,short form (residential estimated),True,202
2024,MN,3400.0,City of Chaska - (MN),Municipal,bundled,False,10954
2024,MN,5111.0,City of Detroit Lakes - (MN),Municipal,short form (residential estimated),True,6925
2024,MN,5575.0,City of East Grand Forks - (MN),Municipal,short form (residential estimated),True,3823
2024,MN,5692.0,City of Eitzen - (MN),Municipal,short form (residential estimated),True,140
2024,MN,5732.0,City of Elbow Lake - (MN),Municipal,short form (residential estimated),True,613
2024,MN,5773.0,City of Elk River,Municipal,bundled,False,11776
2024,MN,5841.0,City of Ely - (MN),Municipal,short form (residential estimated),True,1801
2024,MN,6138.0,City of Fairfax - (MN),Municipal,short form (residential estimated),True,614
2024,MN,6627.0,City of Fosston - (MN),Municipal,short form (residential estimated),True,739
2024,MN,7194.0,City of Gilbert,Municipal,short form (residential estimated),True,824
2024,MN,7487.0,City of Grand Marais - (MN),Municipal,short form (residential estimated),True,1114
2024,MN,7494.0,City of Granite Falls - (MN),Municipal,short form (residential estimated),True,1333
2024,MN,7732.0,City of Grove City,Municipal,short form (residential estimated),True,361
2024,MN,7969.0,City of Halstad - (MN),Municipal,short form (residential estimated),True,272
2024,MN,8131.0,City of Harmony - (MN),Municipal,short form (residential estimated),True,585
2024,MN,8459.0,City of Henning - (MN),Municipal,short form (residential estimated),True,466
2024,MN,9599.0,City of Jackson - (MN),Municipal,short form (residential estimated),True,1677
2024,MN,9650.0,City of Janesville - (MN),Municipal,short form (residential estimated),True,1028
2024,MN,10037.0,City of Kasota - (MN),Municipal,short form (residential estimated),True,324
2024,MN,10040.0,City of Kasson,Municipal,short form (residential estimated),True,2412
2024,MN,10595.0,City of Lake City - (MN),Municipal,short form (residential estimated),True,2859
2024,MN,10596.0,City of Lake Crystal - (MN),Municipal,bundled,False,1070
2024,MN,10609.0,City of Lake Park - (MN),Municipal,short form (residential estimated),True,521
2024,MN,10622.0,City of Lakefield - (MN),Municipal,short form (residential estimated),True,860
2024,MN,10814.0,City of Le Sueur - (MN),Municipal,short form (residential estimated),True,1989
2024,MN,11332.0,City of Luverne - (MN),Municipal,short form (residential estimated),True,1997
2024,MN,11424.0,City of Mabel - (MN),Municipal,short form (residential estimated),True,396
2024,MN,29305.0,City of Madelia - (MN),Municipal,short form (residential estimated),True,1209
2024,MN,11482.0,City of Madison - (MN),Municipal,short form (residential estimated),True,845
2024,MN,11731.0,City of Marshall - (MN),Municipal,bundled,False,5857
2024,MN,12894.0,City of Moorhead - (MN),Municipal,bundled,False,18180
2024,MN,12900.0,City of Mora - (MN),Municipal,short form (residential estimated),True,1656
2024,MN,13044.0,City of Mountain Iron - (MN),Municipal,short form (residential estimated),True,1063
2024,MN,13048.0,City of Mountain Lake - (MN),Municipal,short form (residential estimated),True,906
2024,MN,13219.0,City of Nashwauk - (MN),Municipal,short form (residential estimated),True,476
2024,MN,13495.0,City of Newfolden - (MN),Municipal,short form (residential estimated),True,204
2024,MN,13465.0,City of Nielsville - (MN),Municipal,short form (residential estimated),True,41
2024,MN,13730.0,City of North St Paul - (MN),Municipal,short form (residential estimated),True,5697
2024,MN,14107.0,City of Olivia - (MN),Municipal,short form (residential estimated),True,1114
2024,MN,14196.0,City of Ortonville - (MN),Municipal,short form (residential estimated),True,1140
2024,MN,14246.0,City of Owatonna - (MN),Municipal,bundled,False,11434
2024,MN,14841.0,City of Peterson - (MN),Municipal,short form (residential estimated),True,126
2024,MN,15041.0,City of Pierz - (MN),Municipal,short form (residential estimated),True,696
2024,MN,15665.0,City of Randall - (MN),Municipal,short form (residential estimated),True,297
2024,MN,16285.0,City of Roseau - (MN),Municipal,short form (residential estimated),True,1275
2024,MN,27026.0,City of Round Lake - (MN),Municipal,short form (residential estimated),True,235
2024,MN,16427.0,City of Rushford - (MN),Municipal,short form (residential estimated),True,774
2024,MN,16451.0,City of Rushmore - (MN),Municipal,short form (residential estimated),True,187
2024,MN,17900.0,City of Saint Peter,Municipal,short form (residential estimated),True,3968
2024,MN,16679.0,City of Sauk Centre - (MN),Municipal,short form (residential estimated),True,2076
2024,MN,17074.0,City of Shelly - (MN),Municipal,short form (residential estimated),True,116
2024,MN,17823.0,City of Spring Grove,Municipal,short form (residential estimated),True,699
2024,MN,17862.0,City of St Charles - (MN),Municipal,short form (residential estimated),True,1611
2024,MN,17876.0,City of St James - (MN),Municipal,short form (residential estimated),True,1918
2024,MN,17983.0,City of Staples- (MN),Municipal,short form (residential estimated),True,1217
2024,MN,18063.0,City of Stephen - (MN),Municipal,short form (residential estimated),True,0
2024,MN,18820.0,City of Thief River Falls,Municipal,short form (residential estimated),True,4486
2024,MN,19321.0,City of Two Harbors- (MN),Municipal,short form (residential estimated),True,1735
2024,MN,19332.0,City of Tyler - (MN),Municipal,short form (residential estimated),True,614
2024,MN,19883.0,City of Virginia - (MN),Municipal,short form (residential estimated),True,4238
2024,MN,19947.0,City of Wadena - (MN),Municipal,short form (residential estimated),True,2141
2024,MN,20110.0,City of Warren - (MN),Municipal,short form (residential estimated),True,852
2024,MN,20134.0,City of Warroad,Municipal,short form (residential estimated),True,979
2024,MN,20136.0,City of Waseca - (MN),Municipal,short form (residential estimated),True,3582
2024,MN,29295.0,City of Wells - (MN),Municipal,short form (residential estimated),True,1176
2024,MN,20430.0,City of Westbrook,Municipal,short form (residential estimated),True,430
2024,MN,20466.0,City of Whalan - (MN),Municipal,short form (residential estimated),True,49
2024,MN,20806.0,City of Windom,Municipal,short form (residential estimated),True,2181
2024,MN,20837.0,City of Winthrop - (MN),Municipal,short form (residential estimated),True,674
2024,MN,21013.0,City of Worthington - (MN),Municipal,bundled,False,4662
2024,MN,3764.0,Clearwater-Polk Elec Coop Inc,Cooperative,short form (residential estimated),True,3916
2024,MN,689.0,Connexus Energy,Cooperative,bundled,False,134095
2024,MN,4346.0,Cooperative L&P Assn Lake County,Cooperative,short form (residential estimated),True,5581
2024,MN,4577.0,Crow Wing Cooperative Power & Light Comp,Cooperative,bundled,False,44698
2024,MN,25177.0,Dakota Electric Association,Cooperative,bundled,False,108097
2024,MN,5015.0,Delano Municipal Utilities,Municipal,short form (residential estimated),True,2907
2024,MN,5574.0,East Central Energy,Cooperative,bundled,False,55250
2024,MN,6151.0,Fairmont Public Utilities Comm,Municipal,short form (residential estimated),True,4997
2024,MN,6258.0,Federated Rural Electric Assn,Cooperative,bundled,False,5727
2024,MN,6782.0,Freeborn Mower Electric Cooperative,Cooperative,bundled,False,17842
2024,MN,7292.0,Glencoe Light & Power Comm,Municipal,bundled,False,2585
2024,MN,7460.0,Goodhue County Coop Elec Assn,Cooperative,short form (residential estimated),True,4518
2024,MN,7489.0,Grand Rapids Public Util Comm,Municipal,short form (residential estimated),True,6474
2024,MN,7870.0,H-D Electric Coop Inc,Cooperative,short form (residential estimated),True,9
2024,MN,8307.0,Hawley Public Utilities Comm,Municipal,short form (residential estimated),True,1022
2024,MN,8319.0,Heartland Power Coop,Cooperative,bundled,False,38
2024,MN,8543.0,Hibbing Public Utilities Comm,Municipal,short form (residential estimated),True,7087
2024,MN,9130.0,Hutchinson Utilities Comm,Municipal,bundled,False,6653
2024,MN,9475.0,Itasca-Mantrap Co-op Electrical Assn,Cooperative,bundled,False,11200
2024,MN,9991.0,Kandiyohi Power Coop,Cooperative,short form (residential estimated),True,7751
2024,MN,10089.0,Keewatin Public Utilities,Municipal,short form (residential estimated),True,449
2024,MN,10179.0,Kenyon Municipal Utilities,Municipal,short form (residential estimated),True,931
2024,MN,10697.0,Lake Country Power,Cooperative,bundled,False,47204
2024,MN,10618.0,Lake Region Electric Cooperative - (MN),Cooperative,bundled,False,27239
2024,MN,10685.0,Lanesboro Public Utility Comm,Municipal,short form (residential estimated),True,534
2024,MN,11064.0,Litchfield Public Utilities,Municipal,short form (residential estimated),True,2797
2024,MN,11345.0,"Lyon Electric Cooperative, Inc.",Cooperative,short form (residential estimated),True,3389
2024,MN,11910.0,McLeod Cooperative Power Assn,Cooperative,short form (residential estimated),True,6051
2024,MN,12227.0,Meeker Coop Light & Power Assn,Cooperative,bundled,False,8572
2024,MN,12286.0,Melrose Public Utilities,Municipal,short form (residential estimated),True,1639
2024,MN,19157.0,MiEnergy Cooperative,Cooperative,bundled,False,15224
2024,MN,12546.0,Mille Lacs Energy Cooperative,Cooperative,bundled,False,14546
2024,MN,40304.0,Minnesota Valley Coop L&P Assn,Cooperative,bundled,False,4931
2024,MN,12651.0,Minnesota Valley Electric Coop,Cooperative,bundled,False,43412
2024,MN,12897.0,Moose Lake Water & Light Comm,Municipal,short form (residential estimated),True,788
2024,MN,13480.0,New Prague Utilities Comm,Municipal,short form (residential estimated),True,3186
2024,MN,13488.0,New Ulm Public Utilities Comm,Municipal,short form (residential estimated),True,6316
2024,MN,13684.0,Nobles Cooperative Electric,Cooperative,short form (residential estimated),True,6046
2024,MN,13700.0,North Itasca Electric Coop Inc,Cooperative,short form (residential estimated),True,4829
2024,MN,13731.0,"North Star Electric Coop, Inc",Cooperative,short form (residential estimated),True,5959
2024,MN,13781.0,Northern States Power Co - Minnesota,Investor Owned,bundled,False,1230057
2024,MN,13815.0,Northwestern Wisconsin Elec Co,Investor Owned,bundled,False,88
2024,MN,14232.0,Otter Tail Power Co,Investor Owned,bundled,False,50118
2024,MN,14178.0,"P K M Electric Coop, Inc",Cooperative,short form (residential estimated),True,3480
2024,MN,14468.0,People's Cooperative Services,Cooperative,bundled,False,21665
2024,MN,15348.0,Preston Public Utilities Comm,Municipal,short form (residential estimated),True,756
2024,MN,15387.0,Princeton Public Utils Comm,Municipal,short form (residential estimated),True,2420
2024,MN,15460.0,Proctor Public Utilities Comm,Municipal,short form (residential estimated),True,1236
2024,MN,26934.0,"Red Lake Electric Coop, Inc",Cooperative,short form (residential estimated),True,4978
2024,MN,26939.0,Red River Valley Coop Pwr Assn,Cooperative,short form (residential estimated),True,4157
2024,MN,15750.0,Redwood Electric Coop,Cooperative,short form (residential estimated),True,3838
2024,MN,15793.0,Redwood Falls Public Util Comm,Municipal,short form (residential estimated),True,2455
2024,MN,15845.0,Renville-Sibley Coop Pwr Assn,Cooperative,short form (residential estimated),True,1611
2024,MN,16181.0,Rochester Public Utilities,Municipal,bundled,False,54943
2024,MN,16284.0,"Roseau Electric Coop, Inc",Cooperative,short form (residential estimated),True,5758
2024,MN,16368.0,Runestone Electric Assn,Cooperative,bundled,False,14282
2024,MN,16971.0,Shakopee Public Utilities Comm,Municipal,bundled,False,18517
2024,MN,17267.0,Sioux Valley SW Elec Coop,Cooperative,bundled,False,3370
2024,MN,17320.0,Sleepy Eye Public Utility Comm,Municipal,short form (residential estimated),True,1603
2024,MN,17550.0,South Central Electric Assn,Cooperative,bundled,False,4665
2024,MN,17824.0,Spring Valley Pub Utils Comm,Municipal,short form (residential estimated),True,1156
2024,MN,17836.0,Springfield Public Utils Comm - (MN),Municipal,short form (residential estimated),True,1055
2024,MN,18019.0,Stearns Cooperative Elec Assn,Cooperative,bundled,False,26138
2024,MN,18047.0,Steele-Waseca Cooperative Electric,Cooperative,bundled,False,10725
2024,MN,27422.0,Todd-Wadena Electric Coop,Cooperative,short form (residential estimated),True,7977
2024,MN,19060.0,"Traverse Electric Coop, Inc",Cooperative,short form (residential estimated),True,1896
2024,MN,19237.0,Truman Public Utilities Comm,Municipal,short form (residential estimated),True,574
2024,MN,27000.0,WAPA-- Western Area Power Administration,Federal,bundled,False,0
2024,MN,20639.0,"Wild Rice Electric Coop, Inc",Cooperative,bundled,False,13948
2024,MN,20737.0,Willmar Municipal Utilities,Municipal,bundled,False,8662
2024,MN,20996.0,Wright-Hennepin Coop Elec Assn,Cooperative,bundled,False,53714
2024,MO,942.0,Atchison-Holt Electric Coop,Cooperative,short form (residential estimated),True,1998
2024,MO,1279.0,Barry Electric Coop,Cooperative,short form (residential estimated),True,7612
2024,MO,1301.0,"Barton County Elec Coop, Inc",Cooperative,short form (residential estimated),True,5222
2024,MO,1775.0,Black River Electric Coop - (MO),Cooperative,bundled,False,21575
2024,MO,2001.0,Boone Electric Coop,Cooperative,bundled,False,33806
2024,MO,4160.0,Callaway Electric Cooperative,Cooperative,bundled,False,12647
2024,MO,3093.0,Carroll Electric Coop Corp - (AR),Cooperative,bundled,False,12109
2024,MO,3082.0,Carrollton Board of Public Wks,Municipal,short form (residential estimated),True,1723
2024,MO,3268.0,Central Missouri Elec Coop Inc,Cooperative,bundled,False,11167
2024,MO,3486.0,Chillicothe Municipal Utils,Municipal,short form (residential estimated),True,3841
2024,MO,3600.0,Citizens Electric Corporation - (MO),Cooperative,bundled,False,24826
2024,MO,17833.0,City Utilities of Springfield - (MO),Municipal,bundled,False,105029
2024,MO,228.0,City of Albany - (MO),Municipal,short form (residential estimated),True,821
2024,MO,1024.0,City of Ava - (MO),Municipal,short form (residential estimated),True,1342
2024,MO,1647.0,City of Bethany - (MO),Municipal,short form (residential estimated),True,1613
2024,MO,2647.0,City of Butler - (MO),Municipal,short form (residential estimated),True,1994
2024,MO,2726.0,City of Cabool - (MO),Municipal,short form (residential estimated),True,910
2024,MO,2851.0,City of California - (MO),Municipal,short form (residential estimated),True,2004
2024,MO,2900.0,City of Cameron,Municipal,short form (residential estimated),True,2889
2024,MO,3113.0,City of Carthage - (MO),Municipal,bundled,False,7106
2024,MO,3296.0,City of Centralia - (MO),Municipal,short form (residential estimated),True,2027
2024,MO,4045.0,City of Columbia - (MO),Municipal,bundled,False,45651
2024,MO,4483.0,City of Crane - (MO),Municipal,short form (residential estimated),True,633
2024,MO,4608.0,City of Cuba - (MO),Municipal,short form (residential estimated),True,1757
2024,MO,5583.0,City of Easton - (MO),Municipal,short form (residential estimated),True,86
2024,MO,5686.0,City of El Dorado Springs - (MO),Municipal,short form (residential estimated),True,1876
2024,MO,6205.0,City of Farmington - (MO),Municipal,bundled,False,7250
2024,MO,6231.0,City of Fayette - (MO),Municipal,short form (residential estimated),True,1304
2024,MO,6761.0,City of Fredericktown - (MO),Municipal,short form (residential estimated),True,2003
2024,MO,6839.0,City of Fulton - (MO),Municipal,short form (residential estimated),True,4651
2024,MO,6924.0,City of Gallatin - (MO),Municipal,short form (residential estimated),True,823
2024,MO,7200.0,City of Gilman City - (MO),Municipal,short form (residential estimated),True,168
2024,MO,8055.0,City of Hannibal - (MO),Municipal,bundled,False,7639
2024,MO,8199.0,City of Harrisonville - (MO),Municipal,short form (residential estimated),True,3916
2024,MO,8493.0,City of Hermann,Municipal,short form (residential estimated),True,1293
2024,MO,8567.0,City of Higginsville - (MO),Municipal,short form (residential estimated),True,2204
2024,MO,8896.0,City of Houston - (MO),Municipal,short form (residential estimated),True,1113
2024,MO,9025.0,City of Hunnewell - (MO),Municipal,short form (residential estimated),True,77
2024,MO,9231.0,City of Independence - (MO),Municipal,bundled,False,53832
2024,MO,9603.0,City of Jackson - (MO),Municipal,short form (residential estimated),True,6459
2024,MO,9973.0,City of Kahoka,Municipal,short form (residential estimated),True,1039
2024,MO,10152.0,City of Kennett - (MO),Municipal,short form (residential estimated),True,4598
2024,MO,10370.0,City of Kirkwood - (MO),Municipal,bundled,False,9084
2024,MO,10538.0,City of La Plata - (MO),Municipal,short form (residential estimated),True,644
2024,MO,10057.0,City of Lamar - (MO),Municipal,short form (residential estimated),True,2045
2024,MO,10832.0,City of Lebanon - (MO),Municipal,bundled,False,6066
2024,MO,10977.0,City of Liberal - (MO),Municipal,short form (residential estimated),True,309
2024,MO,10767.0,City of Linneus - (MO),Municipal,short form (residential estimated),True,126
2024,MO,11460.0,City of Macon - (MO),Municipal,short form (residential estimated),True,2599
2024,MO,11540.0,City of Malden - (MO),Municipal,short form (residential estimated),True,1781
2024,MO,11585.0,City of Mansfield - (MO),Municipal,short form (residential estimated),True,590
2024,MO,11626.0,City of Marceline - (MO),Municipal,short form (residential estimated),True,1058
2024,MO,11732.0,City of Marshall - (MO),Municipal,short form (residential estimated),True,5103
2024,MO,12292.0,City of Meadville - (MO),Municipal,short form (residential estimated),True,195
2024,MO,12294.0,City of Memphis - (MO),Municipal,short form (residential estimated),True,972
2024,MO,12531.0,City of Milan - (MO),Municipal,short form (residential estimated),True,792
2024,MO,12627.0,City of Mindenmines - (MO),Municipal,short form (residential estimated),True,83
2024,MO,12782.0,City of Monett - (MO),Municipal,bundled,False,4118
2024,MO,12802.0,City of Monroe City - (MO),Municipal,short form (residential estimated),True,1097
2024,MO,13040.0,City of Mount Vernon - (MO),Municipal,short form (residential estimated),True,2003
2024,MO,13057.0,City of Mountain View - (MO),Municipal,short form (residential estimated),True,1207
2024,MO,13470.0,City of New Madrid - (MO),Municipal,short form (residential estimated),True,1431
2024,MO,13527.0,City of Newburg - (MO),Municipal,short form (residential estimated),True,171
2024,MO,3634.0,City of Nixa - (MO),Municipal,short form (residential estimated),True,9752
2024,MO,13971.0,City of Odessa - (MO),Municipal,short form (residential estimated),True,2148
2024,MO,40383.0,City of Osceola - (MO),Municipal,short form (residential estimated),True,446
2024,MO,14400.0,City of Palmyra - (MO),Municipal,short form (residential estimated),True,1947
2024,MO,14456.0,City of Paris - (MO),Municipal,short form (residential estimated),True,675
2024,MO,14806.0,City of Perry - (MO),Municipal,short form (residential estimated),True,383
2024,MO,15229.0,City of Poplar Bluff - (MO),Municipal,bundled,False,7715
2024,MO,15981.0,City of Richland - (MO),Municipal,short form (residential estimated),True,845
2024,MO,40382.0,City of Rockport - (MO),Municipal,short form (residential estimated),True,615
2024,MO,16259.0,City of Rolla - (MO),Municipal,bundled,False,8132
2024,MO,16559.0,City of Salem - (MO),Municipal,short form (residential estimated),True,2181
2024,MO,16560.0,City of Salisbury - (MO),Municipal,short form (residential estimated),True,829
2024,MO,16959.0,City of Seymour - (MO),Municipal,short form (residential estimated),True,764
2024,MO,17035.0,City of Shelbina - (MO),Municipal,short form (residential estimated),True,837
2024,MO,17177.0,City of Sikeston - (MO),Municipal,bundled,False,7058
2024,MO,17312.0,City of Slater - (MO),Municipal,short form (residential estimated),True,856
2024,MO,17877.0,City of St James - (MO),Municipal,short form (residential estimated),True,1745
2024,MO,17918.0,City of St Robert - (MO),Municipal,short form (residential estimated),True,2703
2024,MO,17946.0,City of Stanberry - (MO),Municipal,short form (residential estimated),True,598
2024,MO,18045.0,City of Steelville,Municipal,short form (residential estimated),True,666
2024,MO,18273.0,City of Sullivan - (MO),Municipal,short form (residential estimated),True,3394
2024,MO,18806.0,City of Thayer - (MO),Municipal,short form (residential estimated),True,916
2024,MO,19474.0,City of Unionville - (MO),Municipal,short form (residential estimated),True,965
2024,MO,19722.0,City of Vandalia - (MO),Municipal,short form (residential estimated),True,1201
2024,MO,20224.0,City of Waynesville - (MO),Municipal,short form (residential estimated),True,2301
2024,MO,20392.0,City of West Plains - (MO),Municipal,short form (residential estimated),True,5407
2024,MO,20739.0,City of Willow Springs - (MO),Municipal,short form (residential estimated),True,957
2024,MO,20827.0,City of Winona - (MO),Municipal,short form (residential estimated),True,514
2024,MO,3712.0,Clay County Electric Coop Corp - (AR),Cooperative,bundled,False,48
2024,MO,4063.0,Co-Mo Electric Coop Inc,Cooperative,bundled,False,31119
2024,MO,4237.0,Consolidated Electric Coop,Cooperative,bundled,False,7649
2024,MO,4524.0,"Crawford Electric Coop, Inc",Cooperative,bundled,False,19775
2024,MO,4675.0,Cuivre River Electric Coop Inc,Cooperative,bundled,False,72974
2024,MO,5860.0,Empire District Electric Co,Investor Owned,bundled,False,142537
2024,MO,10000.0,Evergy Metro,Investor Owned,bundled,False,273860
2024,MO,12698.0,Evergy Missouri West,Investor Owned,bundled,False,305583
2024,MO,6181.0,"Farmers Electric Coop, Inc - (MO)",Cooperative,bundled,False,12451
2024,MO,7024.0,Gascosage Electric Coop,Cooperative,bundled,False,9253
2024,MO,7720.0,"Grundy Electric Coop, Inc",Cooperative,short form (residential estimated),True,5133
2024,MO,8911.0,Howard Electric Coop,Cooperative,short form (residential estimated),True,2813
2024,MO,8934.0,"Howell-Oregon Elec Coop, Inc",Cooperative,bundled,False,23101
2024,MO,9331.0,Intercounty Electric Coop Assn - (MO),Cooperative,bundled,False,29956
2024,MO,10603.0,"Laclede Electric Coop, Inc",Cooperative,bundled,False,35026
2024,MO,10962.0,Lewis County Rural E C A,Cooperative,short form (residential estimated),True,5631
2024,MO,11121.0,Lockwood Water & Light Company,Municipal,short form (residential estimated),True,473
2024,MO,11463.0,Macon Electric Coop,Cooperative,bundled,False,10023
2024,MO,12700.0,Missouri Rural Electric Coop,Cooperative,bundled,False,5049
2024,MO,13520.0,"New-Mac Electric Coop, Inc",Cooperative,bundled,False,19445
2024,MO,13690.0,North Central MO Elec Coop Inc,Cooperative,short form (residential estimated),True,3791
2024,MO,14192.0,Osage Valley Elec Coop Assn,Cooperative,bundled,False,16945
2024,MO,14285.0,Ozark Border Electric Coop,Cooperative,bundled,False,33229
2024,MO,14288.0,Ozark Electric Coop Inc - (MO),Cooperative,bundled,False,31534
2024,MO,14712.0,Pemiscot-Dunklin Elec Coop Inc,Cooperative,short form (residential estimated),True,6555
2024,MO,15138.0,"Platte-Clay Electric Coop, Inc",Cooperative,bundled,False,23584
2024,MO,15672.0,Ralls County Electric Coop,Cooperative,short form (residential estimated),True,5025
2024,MO,16851.0,SE-MA-NO Electric Coop,Cooperative,short form (residential estimated),True,5029
2024,MO,16805.0,SEMO Electric Cooperative,Cooperative,bundled,False,10783
2024,MO,16511.0,Sac-Osage Electric Coop Inc,Cooperative,short form (residential estimated),True,9117
2024,MO,27238.0,"Southwest Electric Coop, Inc",Cooperative,bundled,False,41386
2024,MO,16751.0,Three Rivers Electric Coop,Cooperative,bundled,False,22561
2024,MO,19150.0,Trenton Municipal Utilities - (MO),Municipal,short form (residential estimated),True,2498
2024,MO,19158.0,Tri-County Electric Coop Assn (MO),Cooperative,short form (residential estimated),True,5027
2024,MO,19436.0,Union Electric Co - (MO),Investor Owned,bundled,False,1095619
2024,MO,22646.0,"United Electric Coop, Inc - (MO)",Cooperative,short form (residential estimated),True,7337
2024,MO,20318.0,Webster Electric Coop,Cooperative,bundled,False,18820
2024,MO,20363.0,West Central Electric Coop Inc - (MO),Cooperative,bundled,False,15280
2024,MO,20574.0,White River Valley El Coop Inc,Cooperative,bundled,False,39216
2024,MS,6641.0,4-County Electric Power Assn,Cooperative,bundled,False,41076
2024,MS,276.0,Alcorn County Elec Power Assn,Cooperative,bundled,False,14965
2024,MS,2974.0,Canton Municipal Utilities,Municipal,short form (residential estimated),True,3592
2024,MS,2849.0,Central Electric Power Assn - (MS),Cooperative,bundled,False,30905
2024,MS,55.0,City of Aberdeen - (MS),Municipal,bundled,False,2592
2024,MS,571.0,City of Amory,Municipal,bundled,False,2822
2024,MS,3957.0,City of Collins - (MS),Municipal,short form (residential estimated),True,1046
2024,MS,4068.0,City of Columbus - (MS),Municipal,bundled,False,8842
2024,MS,5479.0,City of Durant - (MS),Municipal,short form (residential estimated),True,761
2024,MS,8748.0,City of Holly Springs,Municipal,bundled,False,9399
2024,MS,9472.0,City of Itta Bena - (MS),Municipal,short form (residential estimated),True,834
2024,MS,10447.0,City of Kosciusko - (MS),Municipal,short form (residential estimated),True,2301
2024,MS,10892.0,City of Leland - (MS),Municipal,short form (residential estimated),True,1510
2024,MS,11458.0,City of Macon - (MS),Municipal,bundled,False,892
2024,MS,13412.0,City of New Albany - (MS),Municipal,bundled,False,8157
2024,MS,14078.0,City of Okolona,Municipal,bundled,False,4289
2024,MS,14275.0,City of Oxford - (MS),Municipal,bundled,False,8502
2024,MS,14947.0,City of Philadelphia - (MS),Municipal,bundled,False,2667
2024,MS,18006.0,City of Starkville,Municipal,bundled,False,12632
2024,MS,19273.0,City of Tupelo - (MS),Municipal,bundled,False,10620
2024,MS,20176.0,City of Water Valley - (MS),Municipal,bundled,False,1522
2024,MS,20394.0,City of West Point - (MS),Municipal,bundled,False,2978
2024,MS,3702.0,Clarksdale Public Utilities,Municipal,short form (residential estimated),True,4685
2024,MS,3839.0,Coahoma Electric Power Assn,Cooperative,short form (residential estimated),True,6375
2024,MS,3841.0,Coast Electric Power Assn - (MS),Cooperative,bundled,False,82510
2024,MS,22815.0,Delta Electric Power Assn,Cooperative,bundled,False,20460
2024,MS,5175.0,Dixie Electric Power Assn - (MS),Cooperative,bundled,False,37803
2024,MS,5578.0,East Mississippi Elec Pwr Assn,Cooperative,bundled,False,9885
2024,MS,12685.0,Entergy Mississippi LLC,Investor Owned,bundled,False,384611
2024,MS,7651.0,Greenwood Utilities Comm,Municipal,bundled,False,7204
2024,MS,11247.0,Louisville Electric System,Municipal,bundled,False,2444
2024,MS,11519.0,Magnolia Electric Power Assn,Cooperative,bundled,False,31070
2024,MS,12686.0,Mississippi Power Co,Investor Owned,bundled,False,157437
2024,MS,40303.0,Monroe County Elec Power Assn,Cooperative,bundled,False,10170
2024,MS,13227.0,Natchez Trace Elec Power Assn,Cooperative,bundled,False,12611
2024,MS,40302.0,North East Mississippi EPA,Cooperative,bundled,False,26142
2024,MS,13735.0,Northcentral Mississippi E P A,Cooperative,bundled,False,29136
2024,MS,14563.0,Pearl River Valley El Pwr Assn,Cooperative,bundled,False,52077
2024,MS,15211.0,Pontotoc Electric Power Assn,Cooperative,bundled,False,16377
2024,MS,15334.0,Prentiss County Elec Pwr Assn,Cooperative,bundled,False,10999
2024,MS,21095.0,Public Serv Comm of Yazoo City,Municipal,short form (residential estimated),True,4306
2024,MS,17252.0,Singing River Elec Cooperative,Cooperative,bundled,False,72343
2024,MS,17647.0,Southern Pine Electric Cooperative,Cooperative,bundled,False,65176
2024,MS,17683.0,Southwest Mississippi E P A,Cooperative,bundled,False,23153
2024,MS,18447.0,Tallahatchie Valley E P A,Cooperative,bundled,False,21493
2024,MS,18642.0,Tennessee Valley Authority,Federal,bundled,False,0
2024,MS,18943.0,Tippah Electric Power Assn,Cooperative,bundled,False,10521
2024,MS,18951.0,Tishomingo County E P A,Cooperative,bundled,False,10943
2024,MS,19007.0,Tombigbee Electric Power Assn,Cooperative,bundled,False,37296
2024,MS,18961.0,Twin County Electric Pwr Assn,Cooperative,short form (residential estimated),True,9239
2024,MS,21114.0,Yazoo Valley Elec Power Assn,Cooperative,bundled,False,9488
2024,MT,20169.0,Avista Corp,Investor Owned,bundled,False,9
2024,MT,1417.0,"Beartooth Electric Coop, Inc",Cooperative,short form (residential estimated),True,5386
2024,MT,1671.0,Big Flat Electric Coop Inc,Cooperative,short form (residential estimated),True,1731
2024,MT,1683.0,"Big Horn County Elec Coop, Inc",Cooperative,short form (residential estimated),True,3049
2024,MT,1675.0,Big Horn Rural Electric Co,Cooperative,short form (residential estimated),True,59
2024,MT,19545.0,"Black Hills Power, Inc.",Investor Owned,bundled,False,12
2024,MT,19236.0,City of Troy - (MT),Municipal,short form (residential estimated),True,874
2024,MT,6169.0,Fall River Rural Elec Coop Inc,Cooperative,bundled,False,1508
2024,MT,21513.0,"Fergus Electric Coop, Inc",Cooperative,bundled,False,6682
2024,MT,6395.0,Flathead Electric Coop Inc,Cooperative,bundled,False,63317
2024,MT,7262.0,"Glacier Electric Coop, Inc",Cooperative,short form (residential estimated),True,6639
2024,MT,7318.0,"Goldenwest Electric Coop, Inc",Cooperative,short form (residential estimated),True,718
2024,MT,7484.0,"Grand Electric Coop, Inc",Cooperative,short form (residential estimated),True,13
2024,MT,8632.0,"Hill County Electric Coop, Inc",Cooperative,short form (residential estimated),True,3312
2024,MT,11022.0,"Lincoln Electric Coop, Inc",Cooperative,short form (residential estimated),True,5624
2024,MT,11272.0,"Lower Yellowstone R E A, Inc",Cooperative,bundled,False,3499
2024,MT,11643.0,Marias River Electric Coop Inc,Cooperative,short form (residential estimated),True,3197
2024,MT,11989.0,McCone Electric Coop Inc,Cooperative,short form (residential estimated),True,4558
2024,MT,12087.0,McKenzie Electric Coop Inc,Cooperative,bundled,False,25
2024,MT,12463.0,"Mid-Yellowstone Elec Coop, Inc",Cooperative,short form (residential estimated),True,1702
2024,MT,12692.0,"Missoula Electric Coop, Inc",Cooperative,bundled,False,14686
2024,MT,12199.0,Montana-Dakota Utilities Co,Investor Owned,bundled,False,19616
2024,MT,13749.0,"NorVal Electric Cooperative, Inc",Cooperative,short form (residential estimated),True,1616
2024,MT,12825.0,NorthWestern Energy LLC - (MT),Investor Owned,bundled + delivery,False,328127
2024,MT,13758.0,"Northern Lights, Inc",Cooperative,bundled,False,3985
2024,MT,14500.0,Park Electric Coop Inc,Cooperative,short form (residential estimated),True,5794
2024,MT,19156.0,Powder River Energy Corp,Cooperative,bundled,False,52
2024,MT,26916.0,"Ravalli County Elec Coop, Inc",Cooperative,short form (residential estimated),True,10083
2024,MT,16759.0,"Sheridan Electric Coop, Inc",Cooperative,short form (residential estimated),True,3136
2024,MT,17593.0,"Southeast Electric Coop, Inc",Cooperative,short form (residential estimated),True,1833
2024,MT,18401.0,"Sun River Electric Coop, Inc",Cooperative,short form (residential estimated),True,5228
2024,MT,19022.0,Tongue River Electric Coop Inc,Cooperative,short form (residential estimated),True,4318
2024,MT,19603.0,USBIA-Mission Valley Power,Federal,bundled,False,16292
2024,MT,23586.0,"Vigilante Electric Coop, Inc",Cooperative,short form (residential estimated),True,9416
2024,MT,27000.0,WAPA-- Western Area Power Administration,Federal,bundled,False,0
2024,MT,20997.0,Yellowstone Valley Elec Co-op,Cooperative,bundled,False,21182
2024,NC,240.0,Albemarle Electric Member Corp,Cooperative,bundled,False,12728
2024,NC,1889.0,Blue Ridge Elec Member Corp - (NC),Cooperative,bundled,False,71926
2024,NC,1891.0,Blue Ridge Mountain EMC - (GA),Cooperative,bundled,False,15879
2024,NC,2212.0,"Broad River Electric Coop, Inc",Cooperative,bundled,False,482
2024,NC,24889.0,Brunswick Electric Member Corp,Cooperative,bundled,False,105562
2024,NC,2982.0,Cape Hatteras Elec Member Corp,Cooperative,short form (residential estimated),True,6190
2024,NC,3107.0,Carteret-Craven El Member Corp,Cooperative,bundled,False,38858
2024,NC,3250.0,Central Electric Membership Corp. - (NC),Cooperative,bundled,False,22071
2024,NC,232.0,City of Albemarle - (NC),Municipal,bundled,False,11248
2024,NC,3437.0,City of Cherryville - (NC),Municipal,short form (residential estimated),True,2121
2024,NC,4150.0,City of Concord - (NC),Municipal,bundled,False,29857
2024,NC,5760.0,City of Elizabeth City - (NC),Municipal,bundled,False,11366
2024,NC,7027.0,City of Gastonia - (NC),Municipal,bundled,False,27008
2024,NC,8517.0,City of Hertford - (NC),Municipal,short form (residential estimated),True,994
2024,NC,8579.0,City of Highlands - (NC),Municipal,short form (residential estimated),True,2426
2024,NC,10324.0,City of Kings Mountain - (NC),Municipal,short form (residential estimated),True,4482
2024,NC,10345.0,City of Kinston - (NC),Municipal,bundled,False,10042
2024,NC,10770.0,City of Laurinburg - (NC),Municipal,short form (residential estimated),True,4590
2024,NC,10966.0,City of Lexington - (NC),Municipal,bundled,False,18053
2024,NC,11035.0,City of Lincolnton - (NC),Municipal,short form (residential estimated),True,2481
2024,NC,11318.0,City of Lumberton - (NC),Municipal,bundled,False,9983
2024,NC,12801.0,City of Monroe - (NC),Municipal,bundled,False,10543
2024,NC,12944.0,City of Morganton - (NC),Municipal,bundled,False,7055
2024,NC,13416.0,City of New Bern - (NC),Municipal,bundled,False,21226
2024,NC,13561.0,City of Newton - (NC),Municipal,short form (residential estimated),True,3920
2024,NC,16113.0,City of Robersonville - (NC),Municipal,short form (residential estimated),True,737
2024,NC,16226.0,City of Rocky Mount - (NC),Municipal,bundled,False,25407
2024,NC,17037.0,City of Shelby - (NC),Municipal,short form (residential estimated),True,7383
2024,NC,17668.0,City of Southport - (NC),Municipal,short form (residential estimated),True,2917
2024,NC,18022.0,City of Statesville - (NC),Municipal,bundled,False,12120
2024,NC,20142.0,City of Washington - (NC),Municipal,bundled,False,11547
2024,NC,20785.0,City of Wilson - (NC),Municipal,bundled,False,32078
2024,NC,20836.0,City of Winterville - (NC),Municipal,short form (residential estimated),True,2756
2024,NC,5416.0,"Duke Energy Carolinas, LLC",Investor Owned,bundled,False,1919372
2024,NC,3046.0,Duke Energy Progress - (NC),Investor Owned,bundled,False,1356079
2024,NC,5656.0,Edgecombe-Martin County E M C,Cooperative,bundled,False,10716
2024,NC,21632.0,EnergyUnited Elec Member Corp,Cooperative,bundled,False,121995
2024,NC,6235.0,Fayetteville Public Works Commission,Municipal,bundled,False,75987
2024,NC,6640.0,Four County Elec Member Corp,Cooperative,bundled,False,30807
2024,NC,6784.0,French Broad Elec Member Corp,Cooperative,bundled,False,36147
2024,NC,7639.0,Greenville Utilities Comm,Municipal,bundled,False,65731
2024,NC,7978.0,Halifax Electric Member Corp,Cooperative,short form (residential estimated),True,9436
2024,NC,8333.0,Haywood Electric Member Corp,Cooperative,bundled,False,29078
2024,NC,9837.0,Jones-Onslow Elec Member Corp,Cooperative,bundled,False,79690
2024,NC,11291.0,Lumbee River Elec Member Corp,Cooperative,bundled,False,64396
2024,NC,12260.0,Mecklenburg Electric Cooperative,Cooperative,bundled,False,135
2024,NC,13027.0,"Mountain Electric Coop, Inc",Cooperative,bundled,False,15491
2024,NC,13482.0,New River Light & Power Co,State,bundled,False,7247
2024,NC,14717.0,Pee Dee Electric Member Corp,Cooperative,bundled,False,19396
2024,NC,15023.0,Piedmont Electric Member Corp,Cooperative,bundled,False,30334
2024,NC,14857.0,Pitt & Greene Elec Member Corp,Cooperative,short form (residential estimated),True,6983
2024,NC,15671.0,Randolph Electric Member Corp,Cooperative,bundled,False,31086
2024,NC,16101.0,Roanoke Electric Member Corp,Cooperative,bundled,False,12049
2024,NC,16496.0,Rutherford Elec Member Corp,Cooperative,bundled,False,70743
2024,NC,17572.0,South River Elec Member Corp,Cooperative,bundled,False,45730
2024,NC,18339.0,Surry-Yadkin Elec Member Corp,Cooperative,bundled,False,28080
2024,NC,18642.0,Tennessee Valley Authority,Federal,bundled,False,0
2024,NC,19108.0,Tideland Electric Member Corp,Cooperative,bundled,False,21551
2024,NC,719.0,Town of Apex- (NC),Municipal,bundled,False,29289
2024,NC,1036.0,Town of Ayden - (NC),Municipal,short form (residential estimated),True,3938
2024,NC,1494.0,Town of Belhaven - (NC),Municipal,short form (residential estimated),True,913
2024,NC,1571.0,Town of Benson - (NC),Municipal,short form (residential estimated),True,1804
2024,NC,202.0,Town of Black Creek - (NC),Municipal,short form (residential estimated),True,706
2024,NC,1987.0,Town of Bostic - (NC),Municipal,short form (residential estimated),True,169
2024,NC,3731.0,Town of Clayton - (NC),Municipal,short form (residential estimated),True,7562
2024,NC,4365.0,Town of Cornelius - (NC),Municipal,short form (residential estimated),True,3310
2024,NC,4739.0,Town of Dallas - (NC),Municipal,short form (residential estimated),True,3177
2024,NC,5372.0,Town of Drexel - (NC),Municipal,short form (residential estimated),True,1037
2024,NC,6710.0,Town of Edenton - (NC),Municipal,short form (residential estimated),True,3504
2024,NC,5896.0,Town of Enfield - (NC),Municipal,short form (residential estimated),True,1026
2024,NC,6209.0,Town of Farmville - (NC),Municipal,short form (residential estimated),True,2559
2024,NC,6580.0,Town of Forest City,Municipal,short form (residential estimated),True,3525
2024,NC,6613.0,Town of Fountain - (NC),Municipal,short form (residential estimated),True,249
2024,NC,6780.0,Town of Fremont - (NC),Municipal,short form (residential estimated),True,660
2024,NC,7496.0,Town of Granite Falls - (NC),Municipal,short form (residential estimated),True,2214
2024,NC,7996.0,Town of Hamilton - (NC),Municipal,short form (residential estimated),True,193
2024,NC,8571.0,Town of High Point,Municipal,bundled,False,38079
2024,NC,8677.0,Town of Hobgood,Municipal,short form (residential estimated),True,221
2024,NC,8825.0,Town of Hookerton - (NC),Municipal,short form (residential estimated),True,348
2024,NC,9087.0,Town of Huntersville - (NC),Municipal,bundled,False,8080
2024,NC,10586.0,Town of La Grange - (NC),Municipal,short form (residential estimated),True,1526
2024,NC,10669.0,Town of Landis - (NC),Municipal,short form (residential estimated),True,3017
2024,NC,11228.0,Town of Louisburg - (NC),Municipal,short form (residential estimated),True,1739
2024,NC,11205.0,Town of Lucama - (NC),Municipal,short form (residential estimated),True,954
2024,NC,11360.0,Town of MacClesfield - (NC),Municipal,short form (residential estimated),True,229
2024,NC,11515.0,Town of Maiden - (NC),Municipal,short form (residential estimated),True,1073
2024,NC,40441.0,Town of Murphy - (NC),Municipal,bundled,False,3685
2024,NC,13931.0,Town of Oak City - (NC),Municipal,short form (residential estimated),True,185
2024,NC,15046.0,Town of Pikeville - (NC),Municipal,short form (residential estimated),True,422
2024,NC,15058.0,Town of Pinetops - (NC),Municipal,short form (residential estimated),True,587
2024,NC,15062.0,Town of Pineville - (NC),Municipal,short form (residential estimated),True,3546
2024,NC,15778.0,Town of Red Springs - (NC),Municipal,short form (residential estimated),True,1454
2024,NC,16788.0,Town of Scotland Neck - (NC),Municipal,short form (residential estimated),True,1109
2024,NC,16914.0,Town of Selma - (NC),Municipal,short form (residential estimated),True,2497
2024,NC,17004.0,Town of Sharpsburg - (NC),Municipal,short form (residential estimated),True,1041
2024,NC,17451.0,Town of Smithfield - (NC),Municipal,short form (residential estimated),True,4245
2024,NC,17981.0,Town of Stantonsburg - (NC),Municipal,short form (residential estimated),True,1090
2024,NC,18466.0,Town of Tarboro - (NC),Municipal,bundled,False,5592
2024,NC,19974.0,Town of Wake Forest - (NC),Municipal,short form (residential estimated),True,6236
2024,NC,20071.0,Town of Walstonburg,Municipal,short form (residential estimated),True,112
2024,NC,20225.0,Town of Waynesville - (NC),Municipal,short form (residential estimated),True,2998
2024,NC,20811.0,Town of Windsor- (NC),Municipal,short form (residential estimated),True,1428
2024,NC,18957.0,Tri-County Elec Member Corp (NC),Cooperative,bundled,False,22523
2024,NC,19154.0,Tri-State Electric Member Corp,Cooperative,bundled,False,1571
2024,NC,19435.0,Union Electric Membership Corp - (NC),Cooperative,bundled,False,84602
2024,NC,19876.0,Virginia Electric & Power Co,Investor Owned,bundled,False,108656
2024,NC,19981.0,Wake Electric Membership Corp,Cooperative,bundled,False,53268
2024,NC,21002.0,York Electric Coop Inc,Cooperative,bundled,False,15
2024,ND,1307.0,Basin Electric Power Coop,Cooperative,bundled,False,0
2024,ND,2394.0,Burke-Divide Electric Coop Inc,Cooperative,bundled,False,1789
2024,ND,2985.0,"Capital Electric Coop, Inc",Cooperative,bundled,False,19530
2024,ND,24949.0,Cass County Elec Coop Inc,Cooperative,bundled,False,51968
2024,ND,3138.0,"Cavalier Rural Elec Coop, Inc",Cooperative,short form (residential estimated),True,1244
2024,ND,3186.0,City of Cavalier - (ND),Municipal,short form (residential estimated),True,722
2024,ND,7444.0,City of Grafton - (ND),Municipal,short form (residential estimated),True,1877
2024,ND,8628.0,City of Hillsboro - (ND),Municipal,short form (residential estimated),True,839
2024,ND,9067.0,City of Hope - (ND),Municipal,short form (residential estimated),True,169
2024,ND,10629.0,City of Lakota - (ND),Municipal,short form (residential estimated),True,445
2024,ND,11470.0,City of Maddock - (ND),Municipal,short form (residential estimated),True,270
2024,ND,13816.0,City of Northwood - (ND),Municipal,short form (residential estimated),True,556
2024,ND,14474.0,City of Park River - (ND),Municipal,short form (residential estimated),True,714
2024,ND,16105.0,City of Riverdale - (ND),Municipal,short form (residential estimated),True,282
2024,ND,17045.0,City of Sharon- (ND),Municipal,short form (residential estimated),True,69
2024,ND,40440.0,City of Stanton - (ND),Municipal,short form (residential estimated),True,210
2024,ND,19687.0,City of Valley City,Municipal,short form (residential estimated),True,3201
2024,ND,4717.0,Dakota Valley Elec Coop Inc,Cooperative,bundled,False,5721
2024,ND,7318.0,"Goldenwest Electric Coop, Inc",Cooperative,short form (residential estimated),True,620
2024,ND,10153.0,KEM Electric Coop Inc,Cooperative,short form (residential estimated),True,2899
2024,ND,11272.0,"Lower Yellowstone R E A, Inc",Cooperative,bundled,False,799
2024,ND,12087.0,McKenzie Electric Coop Inc,Cooperative,bundled,False,5382
2024,ND,12090.0,"McLean Electric Coop, Inc",Cooperative,bundled,False,3711
2024,ND,12199.0,Montana-Dakota Utilities Co,Investor Owned,bundled,False,79354
2024,ND,12899.0,Mor-Gran-Sou Electric Coop Inc,Cooperative,short form (residential estimated),True,8019
2024,ND,20413.0,Mountrail-Williams Elec Coop,Cooperative,bundled,False,11405
2024,ND,12301.0,Nodak Electric Coop Inc,Cooperative,bundled,False,20803
2024,ND,13694.0,"North Central Elec Coop, Inc - (ND)",Cooperative,bundled,False,6061
2024,ND,13196.0,Northern Plains Electric Coop,Cooperative,bundled,False,10393
2024,ND,13781.0,Northern States Power Co - Minnesota,Investor Owned,bundled,False,82987
2024,ND,14232.0,Otter Tail Power Co,Investor Owned,bundled,False,45467
2024,ND,55959.0,Roughrider Electric Cooperativ,Cooperative,bundled,False,11183
2024,ND,16759.0,"Sheridan Electric Coop, Inc",Cooperative,short form (residential estimated),True,326
2024,ND,17261.0,Slope Electric Coop Inc,Cooperative,bundled,False,3204
2024,ND,19060.0,"Traverse Electric Coop, Inc",Cooperative,short form (residential estimated),True,20
2024,ND,19790.0,Verendrye Electric Coop Inc,Cooperative,bundled,False,14336
2024,ND,27000.0,WAPA-- Western Area Power Administration,Federal,bundled,False,0
2024,NE,993.0,Auburn Board of Public Works,Municipal,short form (residential estimated),True,2219
2024,NE,2599.0,Burt County Public Power Dist,Political Subdivision,short form (residential estimated),True,2585
2024,NE,2643.0,Butler Public Power District - (NE),Political Subdivision,bundled,False,4774
2024,NE,3205.0,Cedar-Knox Public Power Dist,Political Subdivision,bundled,False,5556
2024,NE,3435.0,"Cherry-Todd Electric Coop, Inc",Cooperative,short form (residential estimated),True,845
2024,NE,3495.0,Chimney Rock Public Power Dist,Political Subdivision,short form (residential estimated),True,1990
2024,NE,367.0,City of Alliance- (NE),Municipal,short form (residential estimated),True,4337
2024,NE,695.0,City of Ansley - (NE),Municipal,short form (residential estimated),True,286
2024,NE,752.0,City of Arapahoe - (NE),Municipal,short form (residential estimated),True,571
2024,NE,1346.0,City of Battle Creek- (NE),Municipal,short form (residential estimated),True,489
2024,NE,1374.0,City of Bayard - (NE),Municipal,short form (residential estimated),True,491
2024,NE,1427.0,City of Beatrice - (NE),Municipal,short form (residential estimated),True,5754
2024,NE,1435.0,City of Beaver City - (NE),Municipal,short form (residential estimated),True,342
2024,NE,1554.0,City of Benkelman - (NE),Municipal,short form (residential estimated),True,505
2024,NE,20848.0,City of Blue Hill - (NE),Municipal,short form (residential estimated),True,397
2024,NE,1955.0,City of Bridgeport Utilities - (NE),Municipal,short form (residential estimated),True,750
2024,NE,2277.0,City of Broken Bow - (NE),Municipal,short form (residential estimated),True,2235
2024,NE,2609.0,City of Burwell - (NE),Municipal,short form (residential estimated),True,609
2024,NE,2888.0,City of Cambridge - (NE),Municipal,short form (residential estimated),True,510
2024,NE,3235.0,City of Central City,Municipal,short form (residential estimated),True,1508
2024,NE,3373.0,City of Chappell - (NE),Municipal,short form (residential estimated),True,574
2024,NE,4527.0,City of Crete,Municipal,short form (residential estimated),True,3417
2024,NE,4661.0,City of Curtis - (NE),Municipal,short form (residential estimated),True,597
2024,NE,4836.0,City of David City,Municipal,short form (residential estimated),True,1257
2024,NE,5097.0,City of Deshler - (NE),Municipal,short form (residential estimated),True,424
2024,NE,5850.0,City of Emerson - (NE),Municipal,short form (residential estimated),True,359
2024,NE,6132.0,City of Fairbury,Municipal,short form (residential estimated),True,3263
2024,NE,6175.0,City of Falls City - (NE),Municipal,short form (residential estimated),True,2162
2024,NE,6723.0,City of Franklin - (NE),Municipal,short form (residential estimated),True,486
2024,NE,6779.0,City of Fremont - (NE),Municipal,bundled,False,14077
2024,NE,7149.0,City of Gering - (NE),Municipal,short form (residential estimated),True,3402
2024,NE,7249.0,City of Giltner - (NE),Municipal,short form (residential estimated),True,203
2024,NE,7411.0,City of Gothenburg - (NE),Municipal,short form (residential estimated),True,1828
2024,NE,40606.0,City of Grand Island - (NE),Municipal,bundled,False,22799
2024,NE,7485.0,City of Grant - (NE),Municipal,short form (residential estimated),True,665
2024,NE,8245.0,City of Hastings - (NE),Municipal,bundled,False,11611
2024,NE,10229.0,City of Hickman - (NE),Municipal,short form (residential estimated),True,1007
2024,NE,8717.0,City of Holdrege,Municipal,short form (residential estimated),True,3104
2024,NE,9022.0,City of Hubbell- (NE),Municipal,short form (residential estimated),True,42
2024,NE,9217.0,City of Imperial,Municipal,short form (residential estimated),True,989
2024,NE,9274.0,City of Indianola - (NE),Municipal,short form (residential estimated),True,292
2024,NE,10260.0,City of Kimball - (NE),Municipal,short form (residential estimated),True,1405
2024,NE,10760.0,City of Laurel - (NE),Municipal,short form (residential estimated),True,476
2024,NE,10967.0,City of Lexington - (NE),Municipal,bundled,False,3815
2024,NE,11122.0,City of Lodgepole - (NE),Municipal,short form (residential estimated),True,213
2024,NE,11372.0,City of Lyons - (NE),Municipal,short form (residential estimated),True,471
2024,NE,11481.0,City of Madison - (NE),Municipal,short form (residential estimated),True,794
2024,NE,12626.0,City of Minden - (NE),Municipal,short form (residential estimated),True,1347
2024,NE,12717.0,City of Mitchell - (NE),Municipal,short form (residential estimated),True,955
2024,NE,13334.0,City of Nebraska City,Municipal,short form (residential estimated),True,5256
2024,NE,13233.0,City of Neligh - (NE),Municipal,short form (residential estimated),True,937
2024,NE,13375.0,City of Nelson - (NE),Municipal,short form (residential estimated),True,272
2024,NE,13725.0,City of North Platte,Municipal,bundled,False,11906
2024,NE,14172.0,City of Ord - (NE),Municipal,short form (residential estimated),True,1195
2024,NE,14656.0,City of Pender - (NE),Municipal,short form (residential estimated),True,551
2024,NE,15039.0,City of Pierce - (NE),Municipal,short form (residential estimated),True,1022
2024,NE,15674.0,City of Randolph - (NE),Municipal,short form (residential estimated),True,474
2024,NE,15773.0,City of Red Cloud - (NE),Municipal,short form (residential estimated),True,602
2024,NE,16667.0,City of Sargent - (NE),Municipal,short form (residential estimated),True,298
2024,NE,16778.0,City of Schuyler - (NE),Municipal,short form (residential estimated),True,2313
2024,NE,16610.0,City of Scribner - (NE),Municipal,short form (residential estimated),True,476
2024,NE,16953.0,City of Seward - (NE),Municipal,short form (residential estimated),True,2981
2024,NE,17149.0,City of Sidney - (NE),Municipal,short form (residential estimated),True,3689
2024,NE,17497.0,City of Snyder - (NE),Municipal,short form (residential estimated),True,191
2024,NE,17577.0,City of South Sioux City,Municipal,bundled,False,5217
2024,NE,17787.0,City of Spencer - (NE),Municipal,short form (residential estimated),True,258
2024,NE,17899.0,City of St Paul - (NE),Municipal,short form (residential estimated),True,1041
2024,NE,18129.0,City of Stratton - (NE),Municipal,short form (residential estimated),True,225
2024,NE,18217.0,City of Stromsburg - (NE),Municipal,short form (residential estimated),True,566
2024,NE,18230.0,City of Stuart - (NE),Municipal,short form (residential estimated),True,364
2024,NE,18330.0,City of Superior - (NE),Municipal,short form (residential estimated),True,1086
2024,NE,18354.0,City of Sutton - (NE),Municipal,short form (residential estimated),True,777
2024,NE,18408.0,City of Syracuse - (NE),Municipal,short form (residential estimated),True,1022
2024,NE,18525.0,City of Tecumseh,Municipal,short form (residential estimated),True,857
2024,NE,18954.0,City of Trenton - (NE),Municipal,short form (residential estimated),True,339
2024,NE,19677.0,City of Valentine - (NE),Municipal,short form (residential estimated),True,1826
2024,NE,19968.0,City of Wahoo - (NE),Municipal,short form (residential estimated),True,2102
2024,NE,19980.0,City of Wakefield - (NE),Municipal,short form (residential estimated),True,641
2024,NE,20219.0,City of Wayne,Municipal,short form (residential estimated),True,2296
2024,NE,20397.0,City of West Point - (NE),Municipal,short form (residential estimated),True,1605
2024,NE,20632.0,City of Wilber,Municipal,short form (residential estimated),True,842
2024,NE,20880.0,City of Wisner,Municipal,short form (residential estimated),True,613
2024,NE,20945.0,City of Wood River- (NE),Municipal,short form (residential estimated),True,639
2024,NE,21056.0,City of Wymore - (NE),Municipal,short form (residential estimated),True,711
2024,NE,4373.0,Cornhusker Public Power Dist,Political Subdivision,bundled,False,7385
2024,NE,4459.0,Cozad Board of Public Works,Municipal,short form (residential estimated),True,2108
2024,NE,4632.0,Cuming County Public Pwr Dist,Political Subdivision,short form (residential estimated),True,2349
2024,NE,4671.0,Custer Public Power District,Political Subdivision,bundled,False,4707
2024,NE,4911.0,Dawson Power District,Political Subdivision,bundled,False,16080
2024,NE,5780.0,Elkhorn Rural Public Pwr Dist,Political Subdivision,bundled,False,6146
2024,NE,27058.0,"High West Energy, Inc",Cooperative,bundled,False,1752
2024,NE,8570.0,Highline Electric Assn,Cooperative,bundled,False,752
2024,NE,8924.0,Howard Greeley Rural P P D,Political Subdivision,short form (residential estimated),True,3528
2024,NE,10065.0,KBR Rural Public Power District,Political Subdivision,short form (residential estimated),True,3001
2024,NE,10558.0,"LaCreek Electric Assn, Inc",Cooperative,short form (residential estimated),True,195
2024,NE,11018.0,Lincoln Electric System,Municipal,bundled,False,134912
2024,NE,11251.0,Loup River Public Power Dist,Political Subdivision,bundled,False,16292
2024,NE,11250.0,Loup Valleys Rural P P D,Political Subdivision,short form (residential estimated),True,3550
2024,NE,10550.0,McCook Public Power District,Political Subdivision,short form (residential estimated),True,3070
2024,NE,12539.0,Midwest Electric Member Corp - (NE),Cooperative,bundled,False,2389
2024,NE,13337.0,Nebraska Public Power District,Political Subdivision,bundled,False,73650
2024,NE,13685.0,"Niobrara Electric Assn, Inc",Cooperative,short form (residential estimated),True,700
2024,NE,13610.0,Niobrara Valley El Member Corp,Cooperative,short form (residential estimated),True,4955
2024,NE,13664.0,Norris Public Power District,Political Subdivision,bundled,False,18387
2024,NE,13698.0,North Central Public Pwr Dist,Political Subdivision,short form (residential estimated),True,4149
2024,NE,13739.0,Northeast Power,Political Subdivision,bundled,False,6846
2024,NE,13805.0,Northwest Rural Pub Pwr Dist,Political Subdivision,short form (residential estimated),True,2032
2024,NE,14127.0,Omaha Public Power District,Political Subdivision,bundled,False,362918
2024,NE,14426.0,Panhandle Rural El Member Assn,Cooperative,short form (residential estimated),True,2896
2024,NE,21111.0,Perennial Public Power Dist,Political Subdivision,bundled,False,4142
2024,NE,15188.0,Polk County Rural Pub Pwr Dist,Political Subdivision,short form (residential estimated),True,2956
2024,NE,16164.0,Roosevelt Public Power Dist,Political Subdivision,short form (residential estimated),True,2090
2024,NE,17548.0,South Central Public Pwr Dist,Political Subdivision,bundled,False,3777
2024,NE,17642.0,Southern Public Power District,Political Subdivision,bundled,False,15215
2024,NE,17692.0,Southwest Public Power Dist,Political Subdivision,bundled,False,2186
2024,NE,17979.0,Stanton County Public Pwr Dist,Political Subdivision,short form (residential estimated),True,1651
2024,NE,20456.0,Twin Valleys Public Power Dist,Political Subdivision,short form (residential estimated),True,4038
2024,NE,871.0,Village of Arnold - (NE),Municipal,short form (residential estimated),True,409
2024,NE,1326.0,Village of Bartley - (NE),Municipal,short form (residential estimated),True,162
2024,NE,24791.0,Village of Bradshaw - (NE),Municipal,short form (residential estimated),True,178
2024,NE,2120.0,Village of Brainard - (NE),Municipal,short form (residential estimated),True,202
2024,NE,2859.0,Village of Callaway - (NE),Municipal,short form (residential estimated),True,398
2024,NE,2931.0,Village of Campbell - (NE),Municipal,short form (residential estimated),True,192
2024,NE,3445.0,Village of Chester - (NE),Municipal,short form (residential estimated),True,159
2024,NE,4914.0,Village of Davenport - (NE),Municipal,short form (residential estimated),True,188
2024,NE,4961.0,Village of Decatur - (NE),Municipal,short form (residential estimated),True,293
2024,NE,5350.0,Village of Dorchester - (NE),Municipal,short form (residential estimated),True,287
2024,NE,5762.0,Village of Elk Creek - (NE),Municipal,short form (residential estimated),True,0
2024,NE,5927.0,Village of Endicott - (NE),Municipal,short form (residential estimated),True,70
2024,NE,6136.0,Village of Fairmont - (NE),Municipal,short form (residential estimated),True,305
2024,NE,7650.0,Village of Greenwood - (NE),Municipal,short form (residential estimated),True,288
2024,NE,8063.0,Village of Hampton - (NE),Municipal,short form (residential estimated),True,220
2024,NE,8430.0,Village of Hemingford - (NE),Municipal,short form (residential estimated),True,448
2024,NE,10573.0,Village of Hildreth - (NE),Municipal,short form (residential estimated),True,202
2024,NE,11346.0,Village of Lyman - (NE),Municipal,short form (residential estimated),True,203
2024,NE,12952.0,Village of Morrill - (NE),Municipal,short form (residential estimated),True,894
2024,NE,13090.0,Village of Mullen - (NE),Municipal,short form (residential estimated),True,315
2024,NE,14277.0,Village of Oxford - (NE),Municipal,short form (residential estimated),True,420
2024,NE,15346.0,Village of Polk - (NE),Municipal,short form (residential estimated),True,192
2024,NE,15352.0,Village of Prague - (NE),Municipal,short form (residential estimated),True,167
2024,NE,16022.0,Village of Reynolds - (NE),Municipal,short form (residential estimated),True,34
2024,NE,16845.0,Village of Shickley - (NE),Municipal,short form (residential estimated),True,215
2024,NE,17727.0,Village of Spalding - (NE),Municipal,short form (residential estimated),True,313
2024,NE,18428.0,Village of Talmage - (NE),Municipal,short form (residential estimated),True,135
2024,NE,20063.0,Village of Walthill - (NE),Municipal,short form (residential estimated),True,233
2024,NE,20212.0,Village of Wauneta - (NE),Municipal,short form (residential estimated),True,357
2024,NE,20641.0,Village of Wilcox - (NE),Municipal,short form (residential estimated),True,185
2024,NE,20950.0,Village of Winside - (NE),Municipal,short form (residential estimated),True,201
2024,NE,27000.0,WAPA-- Western Area Power Administration,Federal,bundled,False,0
2024,NE,20509.0,Wheat Belt Public Power Dist,Political Subdivision,short form (residential estimated),True,3026
2024,NE,21079.0,Wyrulec Company,Cooperative,short form (residential estimated),True,387
2024,NE,21075.0,Y-W Electric Assn Inc,Cooperative,bundled,False,0
2024,NH,26510.0,Liberty Utilities (Granite State Electri,Investor Owned,bundled + delivery,False,39667
2024,NH,13441.0,New Hampshire Elec Coop Inc,Cooperative,bundled + delivery,False,74144
2024,NH,13286.0,New Hampton Village Precinct,Municipal,short form (residential estimated),True,73
2024,NH,20980.0,Precinct of Woodsville,Municipal,short form (residential estimated),True,849
2024,NH,15472.0,Public Service Co of NH,Investor Owned,bundled + delivery,False,459907
2024,NH,906.0,Town of Ashland,Municipal,short form (residential estimated),True,1504
2024,NH,11196.0,Town of Littleton - (NH),Municipal,short form (residential estimated),True,3307
2024,NH,20913.0,Town of Wolfeboro - (NH),Municipal,short form (residential estimated),True,4827
2024,NH,24590.0,Unitil Energy Systems,Investor Owned,bundled + delivery,False,68602
2024,NJ,963.0,Atlantic City Electric Co,Investor Owned,bundled + delivery,False,506488
2024,NJ,2650.0,Borough of Butler - (NJ),Municipal,short form (residential estimated),True,9797
2024,NJ,10776.0,Borough of Lavallette - (NJ),Municipal,short form (residential estimated),True,2118
2024,NJ,11476.0,Borough of Madison - (NJ),Municipal,short form (residential estimated),True,5655
2024,NJ,12608.0,Borough of Milltown - (NJ),Municipal,short form (residential estimated),True,2472
2024,NJ,14472.0,Borough of Park Ridge - (NJ),Municipal,short form (residential estimated),True,3172
2024,NJ,14648.0,Borough of Pemberton - (NJ),Municipal,short form (residential estimated),True,632
2024,NJ,17571.0,Borough of South River - (NJ),Municipal,short form (residential estimated),True,5369
2024,NJ,19856.0,City of Vineland - (NJ),Municipal,bundled,False,22774
2024,NJ,9726.0,Jersey Central Power & Lt Co,Investor Owned,bundled + delivery,False,1038258
2024,NJ,15477.0,Public Service Elec & Gas Co,Investor Owned,bundled + delivery,False,2056231
2024,NJ,16213.0,Rockland Electric Co,Investor Owned,bundled + delivery,False,66360
2024,NJ,16864.0,Seaside Heights Municipal Utility,Municipal,short form (residential estimated),True,2600
2024,NJ,40299.0,Sussex Rural Electric Coop Inc,Cooperative,short form (residential estimated),True,9248
2024,NM,3273.0,"Central New Mexico El Coop, Inc",Cooperative,bundled,False,19126
2024,NM,3287.0,"Central Valley Elec Coop, Inc",Cooperative,bundled,False,6150
2024,NM,1046.0,City of Aztec - (NM),Municipal,short form (residential estimated),True,2632
2024,NM,6204.0,City of Farmington - (NM),Municipal,bundled,False,35990
2024,NM,6930.0,City of Gallup - (NM),Municipal,short form (residential estimated),True,8638
2024,NM,19246.0,City of Truth or Consequences - (NM),Municipal,short form (residential estimated),True,3361
2024,NM,4071.0,"Columbus Electric Coop, Inc",Cooperative,short form (residential estimated),True,3602
2024,NM,4265.0,Continental Divide El Coop Inc,Cooperative,bundled,False,20415
2024,NM,5438.0,"Duncan Valley Elec Coop, Inc",Cooperative,short form (residential estimated),True,242
2024,NM,5701.0,El Paso Electric Co,Investor Owned,bundled,False,94760
2024,NM,6198.0,"Farmers Electric Coop, Inc - (NM)",Cooperative,bundled,False,10258
2024,NM,9699.0,"Jemez Mountains Elec Coop, Inc",Cooperative,bundled,False,28093
2024,NM,10378.0,"Kit Carson Electric Coop, Inc",Cooperative,bundled,False,26097
2024,NM,10817.0,"Lea County Electric Coop, Inc - (NM)",Cooperative,bundled,False,7217
2024,NM,11204.0,Los Alamos County,Municipal,bundled,False,7742
2024,NM,12901.0,Mora-San Miguel Elec Coop,Cooperative,short form (residential estimated),True,8144
2024,NM,13314.0,Navajo Tribal Utility Authority,State,bundled,False,9834
2024,NM,13318.0,"Navopache Electric Coop, Inc",Cooperative,bundled,False,1493
2024,NM,13777.0,Northern Rio Arriba E Coop Inc,Cooperative,short form (residential estimated),True,2327
2024,NM,14224.0,Otero County Electric Coop Inc,Cooperative,bundled,False,16448
2024,NM,15473.0,Public Service Co of NM,Investor Owned,bundled,False,492945
2024,NM,15698.0,Raton Public Service Company,Municipal,short form (residential estimated),True,3508
2024,NM,16057.0,"Rio Grande Electric Coop, Inc",Cooperative,bundled,False,232
2024,NM,22690.0,Roosevelt County Elec Coop Inc,Cooperative,bundled,False,3918
2024,NM,23326.0,"Sierra Electric Coop, Inc",Cooperative,short form (residential estimated),True,3161
2024,NM,17492.0,"Socorro Electric Coop, Inc",Cooperative,short form (residential estimated),True,9428
2024,NM,17715.0,Southwestern Electric Coop Inc - (NM),Cooperative,bundled,False,1434
2024,NM,17718.0,Southwestern Public Service Co,Investor Owned,bundled,False,100540
2024,NM,17826.0,"Springer Electric Coop, Inc",Cooperative,bundled,False,2453
2024,NM,17827.0,Town of Springer - (NM),Municipal,short form (residential estimated),True,571
2024,NM,19160.0,"Tri-County Electric Coop, Inc (OK)",Cooperative,bundled,False,3
2024,NM,27000.0,WAPA-- Western Area Power Administration,Federal,bundled,False,0
2024,NV,58123.0,Aha Macav Power Service,Political Subdivision,short form (residential estimated),True,188
2024,NV,191.0,Alamo Power District No 3,Political Subdivision,short form (residential estimated),True,491
2024,NV,2008.0,City of Boulder City - (NV),Municipal,bundled,False,7145
2024,NV,2821.0,City of Caliente - (NV),Municipal,short form (residential estimated),True,491
2024,NV,6172.0,City of Fallon - (NV),Municipal,short form (residential estimated),True,4173
2024,NV,4356.0,Colorado River Comm of Nevada,State,delivery,False,0
2024,NV,11589.0,"Harney Electric Coop, Inc",Cooperative,short form (residential estimated),True,1050
2024,NV,11021.0,Lincoln County Power Dist No 1,Political Subdivision,short form (residential estimated),True,1414
2024,NV,13073.0,"Mt Wheeler Power, Inc",Cooperative,bundled,False,5169
2024,NV,13407.0,Nevada Power Co,Investor Owned,bundled + delivery,False,916385
2024,NV,14245.0,Overton Power District No 5,Political Subdivision,bundled,False,15545
2024,NV,15308.0,Plumas-Sierra Rural Elec Coop,Cooperative,short form (residential estimated),True,346
2024,NV,22814.0,Raft Rural Elec Coop Inc,Cooperative,bundled,False,1564
2024,NV,17166.0,Sierra Pacific Power Co,Investor Owned,bundled + delivery,False,330891
2024,NV,18260.0,Surprise Valley Electrification,Cooperative,bundled,False,6
2024,NV,19840.0,"Valley Electric Assn, Inc",Cooperative,bundled,False,22368
2024,NV,27000.0,WAPA-- Western Area Power Administration,Federal,bundled,False,0
2024,NV,20332.0,Wells Rural Electric Co,Cooperative,bundled,False,4621
2024,NY,1343.0,Bath Electric Gas & Water,Municipal,short form (residential estimated),True,3632
2024,NY,3249.0,Central Hudson Gas & Elec Corp,Investor Owned,bundled + delivery,False,270859
2024,NY,15145.0,City of Plattsburgh - (NY),Municipal,bundled,False,8801
2024,NY,16549.0,City of Salamanca - (NY),Municipal,short form (residential estimated),True,2974
2024,NY,17085.0,City of Sherrill - (NY),Municipal,short form (residential estimated),True,1563
2024,NY,4226.0,Consolidated Edison Co-NY Inc,Investor Owned,bundled + delivery,False,3064038
2024,NY,5021.0,Delaware County Elec Coop Inc,Cooperative,short form (residential estimated),True,4187
2024,NY,66101.0,FirstEnergy Pennsylvania Electric Co,Investor Owned,bundled + delivery,False,3400
2024,NY,6369.0,Fishers Island Utility Co Inc,Investor Owned,bundled,False,657
2024,NY,9645.0,Jamestown Board of Public Util,Municipal,bundled,False,15562
2024,NY,10610.0,"Lake Placid Village, Inc - (NY)",Municipal,short form (residential estimated),True,4355
2024,NY,11171.0,Long Island Power Authority,State,bundled + delivery,False,1029955
2024,NY,12759.0,Mohawk Municipal Comm,Municipal,short form (residential estimated),True,1086
2024,NY,13511.0,New York State Elec & Gas Corp,Investor Owned,bundled + delivery,False,792300
2024,NY,13573.0,Niagara Mohawk Power Corp.,Investor Owned,bundled + delivery,False,1532294
2024,NY,13726.0,North Shore Towers Apts Inc,Cooperative,short form (residential estimated),True,1417
2024,NY,14125.0,"Oneida-Madison Elec Coop, Inc",Cooperative,short form (residential estimated),True,1600
2024,NY,14154.0,Orange & Rockland Utils Inc,Investor Owned,bundled + delivery,False,211011
2024,NY,14267.0,"Otsego Electric Coop, Inc",Cooperative,short form (residential estimated),True,3789
2024,NY,16183.0,Rochester Gas & Electric Corp,Investor Owned,bundled + delivery,False,351481
2024,NY,18102.0,"Steuben Rural Elec Coop, Inc",Cooperative,short form (residential estimated),True,4915
2024,NY,11811.0,Town of Massena - (NY),Municipal,bundled,False,8156
2024,NY,183.0,Village of Akron - (NY),Municipal,short form (residential estimated),True,1392
2024,NY,661.0,Village of Andover - (NY),Municipal,short form (residential estimated),True,496
2024,NY,669.0,Village of Angelica - (NY),Municipal,short form (residential estimated),True,590
2024,NY,122.0,Village of Arcade - (NY),Municipal,short form (residential estimated),True,3581
2024,NY,1604.0,Village of Bergen - (NY),Municipal,short form (residential estimated),True,558
2024,NY,1970.0,Village of Boonville - (NY),Municipal,short form (residential estimated),True,2909
2024,NY,2272.0,Village of Brocton - (NY),Municipal,short form (residential estimated),True,746
2024,NY,3164.0,Village of Castile - (NY),Municipal,short form (residential estimated),True,524
2024,NY,3525.0,Village of Churchville - (NY),Municipal,short form (residential estimated),True,937
2024,NY,5875.0,Village of Endicott - (NY),Municipal,short form (residential estimated),True,2590
2024,NY,5930.0,Village of Fairport - (NY),Municipal,bundled,False,16462
2024,NY,6711.0,Village of Frankfort - (NY),Municipal,short form (residential estimated),True,1513
2024,NY,6775.0,Village of Freeport - (NY),Municipal,bundled,False,13353
2024,NY,7600.0,Village of Green Island - (NY),Municipal,short form (residential estimated),True,1357
2024,NY,7624.0,Village of Greene - (NY),Municipal,short form (residential estimated),True,1050
2024,NY,7630.0,Village of Greenport - (NY),Municipal,short form (residential estimated),True,1814
2024,NY,7713.0,Village of Groton - (NY),Municipal,short form (residential estimated),True,964
2024,NY,7995.0,Village of Hamilton - (NY),Municipal,short form (residential estimated),True,1345
2024,NY,8733.0,Village of Holley - (NY),Municipal,short form (residential estimated),True,828
2024,NY,9200.0,Village of Ilion - (NY),Municipal,short form (residential estimated),True,3354
2024,NY,11083.0,Village of Little Valley - (NY),Municipal,short form (residential estimated),True,1182
2024,NY,11618.0,Village of Marathon - (NY),Municipal,short form (residential estimated),True,770
2024,NY,11892.0,Village of Mayville - (NY),Municipal,short form (residential estimated),True,975
2024,NY,14700.0,Village of Penn Yan - (NY),Municipal,short form (residential estimated),True,2667
2024,NY,14945.0,Village of Philadelphia - (NY),Municipal,short form (residential estimated),True,590
2024,NY,15991.0,Village of Richmondville - (NY),Municipal,short form (residential estimated),True,1119
2024,NY,16217.0,Village of Rockville Centre - (NY),Municipal,short form (residential estimated),True,9284
2024,NY,16325.0,Village of Rouses Point - (NY),Municipal,short form (residential estimated),True,1114
2024,NY,17079.0,Village of Sherburne - (NY),Municipal,short form (residential estimated),True,2019
2024,NY,17186.0,Village of Silver Springs - (NY),Municipal,short form (residential estimated),True,440
2024,NY,17280.0,Village of Skaneateles - (NY),Municipal,short form (residential estimated),True,1339
2024,NY,17512.0,Village of Solvay - (NY),Municipal,bundled,False,4680
2024,NY,17789.0,Village of Spencerport - (NY),Municipal,short form (residential estimated),True,2428
2024,NY,17846.0,Village of Springville - (NY),Municipal,short form (residential estimated),True,2262
2024,NY,18813.0,Village of Theresa - (NY),Municipal,short form (residential estimated),True,387
2024,NY,19274.0,Village of Tupper Lake - (NY),Municipal,short form (residential estimated),True,2867
2024,NY,20193.0,Village of Watkins Glen - (NY),Municipal,short form (residential estimated),True,1227
2024,NY,20337.0,Village of Wellsville - (NY),Municipal,short form (residential estimated),True,2110
2024,NY,20480.0,Village of Westfield - (NY),Municipal,short form (residential estimated),True,2523
2024,OH,118.0,"Adams Rural Electric Coop, Inc",Cooperative,short form (residential estimated),True,5901
2024,OH,2502.0,"Buckeye Rural Elec Coop, Inc",Cooperative,bundled,False,16349
2024,OH,2651.0,Butler Rural Electric Coop Inc - (OH),Cooperative,bundled,False,11374
2024,OH,3076.0,"Carroll Electric Coop, Inc - (OH)",Cooperative,short form (residential estimated),True,9075
2024,OH,560.0,City of Amherst- (OH),Municipal,short form (residential estimated),True,5665
2024,OH,768.0,City of Arcanum - (OH),Municipal,short form (residential estimated),True,1438
2024,OH,2054.0,City of Bowling Green - (OH),Municipal,bundled,False,13068
2024,OH,2439.0,City of Bryan - (OH),Municipal,short form (residential estimated),True,5123
2024,OH,3216.0,City of Celina - (OH),Municipal,bundled,False,7557
2024,OH,3762.0,City of Cleveland - (OH),Municipal,bundled,False,64914
2024,OH,4061.0,City of Columbiana - (OH),Municipal,short form (residential estimated),True,3688
2024,OH,4065.0,City of Columbus - (OH),Municipal,bundled,False,15510
2024,OH,4725.0,City of Custar,Municipal,short form (residential estimated),True,107
2024,OH,4683.0,City of Cuyahoga Falls - (OH),Municipal,bundled,False,24349
2024,OH,5336.0,City of Dover - (OH),Municipal,bundled,False,5869
2024,OH,6914.0,City of Galion,Municipal,short form (residential estimated),True,5277
2024,OH,7977.0,City of Hamilton - (OH),Municipal,bundled,False,26964
2024,OH,8949.0,City of Hubbard,Municipal,short form (residential estimated),True,3740
2024,OH,8972.0,City of Hudson - (OH),Municipal,short form (residential estimated),True,6173
2024,OH,9598.0,City of Jackson - (OH),Municipal,short form (residential estimated),True,3698
2024,OH,10830.0,City of Lebanon - (OH),Municipal,bundled,False,8707
2024,OH,12302.0,City of Mendon - (OH),Municipal,short form (residential estimated),True,291
2024,OH,13209.0,City of Napoleon - (OH),Municipal,short form (residential estimated),True,5364
2024,OH,13563.0,City of Newton Falls - (OH),Municipal,short form (residential estimated),True,2271
2024,OH,13602.0,City of Niles - (OH),Municipal,bundled,False,11882
2024,OH,13949.0,City of Oberlin - (OH),Municipal,short form (residential estimated),True,2735
2024,OH,14194.0,City of Orrville - (OH),Municipal,bundled,False,6314
2024,OH,14381.0,City of Painesville,Municipal,bundled,False,10832
2024,OH,15095.0,City of Piqua - (OH),Municipal,bundled,False,9829
2024,OH,17043.0,City of Shelby - (OH),Municipal,short form (residential estimated),True,4693
2024,OH,17865.0,City of St Clairsville - (OH),Municipal,short form (residential estimated),True,2667
2024,OH,17891.0,City of St Marys - (OH),Municipal,short form (residential estimated),True,3757
2024,OH,18941.0,City of Tipp City - (OH),Municipal,short form (residential estimated),True,4701
2024,OH,19951.0,City of Wadsworth - (OH),Municipal,bundled,False,12180
2024,OH,20077.0,City of Wapakoneta - (OH),Municipal,short form (residential estimated),True,4916
2024,OH,20477.0,City of Westerville - (OH),Municipal,bundled,False,15713
2024,OH,20977.0,City of Woodsfield - (OH),Municipal,short form (residential estimated),True,1338
2024,OH,3755.0,Cleveland Electric Illum Co,Investor Owned,bundled + delivery,False,676098
2024,OH,3824.0,Clyde Light & Power,Municipal,bundled,False,2776
2024,OH,12990.0,Consolidated Cooperative,Cooperative,bundled,False,16897
2024,OH,4796.0,"Darke Rural Electric Coop, Inc",Cooperative,short form (residential estimated),True,3991
2024,OH,4922.0,Dayton Power & Light Co,Investor Owned,bundled + delivery,False,478741
2024,OH,3542.0,Duke Energy Ohio Inc,Investor Owned,bundled + delivery,False,693435
2024,OH,6335.0,"Firelands Electric Coop, Inc",Cooperative,short form (residential estimated),True,7062
2024,OH,6804.0,Frontier Power Company,Cooperative,short form (residential estimated),True,6998
2024,OH,7891.0,Guernsey-Muskingum El Coop Inc,Cooperative,bundled,False,15289
2024,OH,8034.0,Hancock-Wood Electric Coop Inc,Cooperative,bundled,False,11307
2024,OH,8761.0,Holmes-Wayne Electric Coop Inc,Cooperative,bundled,False,14714
2024,OH,10668.0,Licking Rural Electric Inc,Cooperative,bundled,False,25820
2024,OH,11203.0,Logan County Coop Power & Light,Cooperative,short form (residential estimated),True,3647
2024,OH,11200.0,"Lorain-Medina R E C, Inc",Cooperative,bundled,False,15234
2024,OH,36189.0,"Mid-Ohio Energy Coop, Inc",Cooperative,short form (residential estimated),True,6243
2024,OH,12515.0,"Midwest Electric, Inc - (OH)",Cooperative,bundled,False,10836
2024,OH,12377.0,Midwest Energy Cooperative - (MI),Cooperative,bundled,False,863
2024,OH,13693.0,"North Central Elec Coop, Inc - (OH)",Cooperative,bundled,False,8433
2024,OH,13704.0,"North Western Elec Coop, Inc",Cooperative,short form (residential estimated),True,4616
2024,OH,13998.0,Ohio Edison Co,Investor Owned,bundled + delivery,False,957780
2024,OH,14006.0,Ohio Power Co,Investor Owned,bundled + delivery,False,1339232
2024,OH,14015.0,Ohio Valley Electric Corp,Investor Owned,bundled,False,0
2024,OH,14599.0,"Paulding-Putman Elec Coop, Inc",Cooperative,bundled,False,9176
2024,OH,15054.0,"Pioneer Rural Elec Coop, Inc - (OH)",Cooperative,bundled,False,16310
2024,OH,15432.0,Prospect Corporation,Municipal,short form (residential estimated),True,659
2024,OH,16951.0,Seville Board of Public Affairs,Municipal,short form (residential estimated),True,1964
2024,OH,18085.0,South Central Power Company,Cooperative,bundled,False,117469
2024,OH,17588.0,South Vienna Corporation,Municipal,short form (residential estimated),True,213
2024,OH,18997.0,The Toledo Edison Co,Investor Owned,bundled + delivery,False,278814
2024,OH,19176.0,"Tricounty Rural Elec Coop, Inc - (OH)",Cooperative,short form (residential estimated),True,3402
2024,OH,19501.0,"Union Rural Electric Coop, Inc",Cooperative,bundled,False,11812
2024,OH,282.0,Village of Arcadia - (OH),Municipal,short form (residential estimated),True,269
2024,OH,1386.0,Village of Beach City - (OH),Municipal,short form (residential estimated),True,744
2024,OH,1650.0,Village of Bethel - (OH),Municipal,short form (residential estimated),True,1451
2024,OH,1832.0,Village of Blanchester - (OH),Municipal,short form (residential estimated),True,1962
2024,OH,1677.0,Village of Bloomdale - (OH),Municipal,short form (residential estimated),True,275
2024,OH,2128.0,Village of Bradner - (OH),Municipal,short form (residential estimated),True,485
2024,OH,2205.0,Village of Brewster - (OH),Municipal,short form (residential estimated),True,846
2024,OH,3008.0,Village of Carey - (OH),Municipal,short form (residential estimated),True,1727
2024,OH,4685.0,Village of Cygnet - (OH),Municipal,short form (residential estimated),True,239
2024,OH,5096.0,Village of Deshler - (OH),Municipal,short form (residential estimated),True,865
2024,OH,5653.0,Village of Edgerton - (OH),Municipal,short form (residential estimated),True,992
2024,OH,5752.0,Village of Eldorado - (OH),Municipal,short form (residential estimated),True,243
2024,OH,5833.0,Village of Elmore - (OH),Municipal,short form (residential estimated),True,850
2024,OH,7100.0,Village of Genoa - (OH),Municipal,short form (residential estimated),True,1013
2024,OH,7131.0,Village of Georgetown - (OH),Municipal,short form (residential estimated),True,1902
2024,OH,7311.0,Village of Glouster - (OH),Municipal,short form (residential estimated),True,844
2024,OH,7445.0,Village of Grafton - (OH),Municipal,short form (residential estimated),True,1179
2024,OH,7643.0,Village of Greenwich - (OH),Municipal,short form (residential estimated),True,652
2024,OH,7973.0,Village of Hamersville - (OH),Municipal,short form (residential estimated),True,236
2024,OH,8240.0,Village of Haskins - (OH),Municipal,short form (residential estimated),True,489
2024,OH,9572.0,Village of Jackson Center - (OH),Municipal,short form (residential estimated),True,700
2024,OH,10616.0,Village of Lakeview - (OH),Municipal,short form (residential estimated),True,813
2024,OH,11126.0,Village of Lodi - (OH),Municipal,short form (residential estimated),True,1681
2024,OH,11296.0,Village of Lucas - (OH),Municipal,short form (residential estimated),True,315
2024,OH,11739.0,Village of Marshallville - (OH),Municipal,short form (residential estimated),True,446
2024,OH,12533.0,Village of Milan - (OH),Municipal,short form (residential estimated),True,651
2024,OH,12660.0,Village of Minster - (OH),Municipal,short form (residential estimated),True,1367
2024,OH,12811.0,Village of Monroeville - (OH),Municipal,short form (residential estimated),True,766
2024,OH,12861.0,Village of Montpelier - (OH),Municipal,short form (residential estimated),True,2089
2024,OH,13420.0,Village of New Bremen - (OH),Municipal,short form (residential estimated),True,1455
2024,OH,13464.0,Village of New Knoxville - (OH),Municipal,short form (residential estimated),True,423
2024,OH,13932.0,Village of Oak Harbor - (OH),Municipal,short form (residential estimated),True,1368
2024,OH,13950.0,Village of Obetz - (OH),Municipal,short form (residential estimated),True,95
2024,OH,13997.0,Village of Ohio City - (OH),Municipal,short form (residential estimated),True,359
2024,OH,14650.0,Village of Pemberville - (OH),Municipal,short form (residential estimated),True,643
2024,OH,15072.0,Village of Pioneer - (OH),Municipal,short form (residential estimated),True,752
2024,OH,15203.0,Village of Plymouth - (OH),Municipal,short form (residential estimated),True,737
2024,OH,15865.0,Village of Republic - (OH),Municipal,short form (residential estimated),True,277
2024,OH,16062.0,Village of Ripley - (OH),Municipal,short form (residential estimated),True,902
2024,OH,17098.0,Village of Shiloh - (OH),Municipal,short form (residential estimated),True,282
2024,OH,18393.0,Village of Sycamore - (OH),Municipal,short form (residential estimated),True,446
2024,OH,18944.0,Village of Tontogany - (OH),Municipal,short form (residential estimated),True,215
2024,OH,19805.0,Village of Versailles - (OH),Municipal,short form (residential estimated),True,1735
2024,OH,20223.0,Village of Waynesfield - (OH),Municipal,short form (residential estimated),True,416
2024,OH,20313.0,Village of Wellington - (OH),Municipal,short form (residential estimated),True,2443
2024,OH,20471.0,Village of Wharton - (OH),Municipal,short form (residential estimated),True,156
2024,OH,20979.0,Village of Woodville - (OH),Municipal,short form (residential estimated),True,927
2024,OH,21101.0,Village of Yellow Springs - (OH),Municipal,short form (residential estimated),True,1970
2024,OH,20150.0,Washington Electric Coop - (OH),Cooperative,short form (residential estimated),True,8049
2024,OK,296.0,"Alfalfa Electric Coop, Inc",Cooperative,bundled,False,2630
2024,OK,588.0,Anadarko Public Works Authority,Municipal,short form (residential estimated),True,2007
2024,OK,817.0,Arkansas Valley Elec Coop Corp,Cooperative,bundled,False,4250
2024,OK,60482.0,CKenergy Electric Cooperative,Cooperative,bundled,False,22555
2024,OK,2911.0,"Canadian Valley Elec Coop, Inc",Cooperative,bundled,False,24605
2024,OK,3226.0,"Central Rural Electric Cooperative, Inc",Cooperative,bundled,False,19650
2024,OK,3527.0,Choctaw Electric Coop Inc,Cooperative,bundled,False,21483
2024,OK,3478.0,Cimarron Electric Coop,Cooperative,bundled,False,15258
2024,OK,416.0,City of Altus - (OK),Municipal,bundled,False,8167
2024,OK,1800.0,City of Blackwell - (OK),Municipal,short form (residential estimated),True,2617
2024,OK,2553.0,City of Burlington - (OK),Municipal,short form (residential estimated),True,63
2024,OK,3647.0,City of Claremore,Municipal,bundled,False,11855
2024,OK,3986.0,City of Collinsville - (OK),Municipal,short form (residential estimated),True,3015
2024,OK,4078.0,City of Comanche - (OK),Municipal,short form (residential estimated),True,666
2024,OK,4667.0,City of Cushing - (OK),Municipal,short form (residential estimated),True,3623
2024,OK,5429.0,City of Duncan - (OK),Municipal,short form (residential estimated),True,7351
2024,OK,5661.0,City of Edmond - (OK),Municipal,bundled,False,39532
2024,OK,5741.0,City of Eldorado - (OK),Municipal,short form (residential estimated),True,190
2024,OK,6152.0,City of Fairview - (OK),Municipal,short form (residential estimated),True,1325
2024,OK,6750.0,City of Frederick - (OK),Municipal,short form (residential estimated),True,1590
2024,OK,7048.0,City of Geary - (OK),Municipal,short form (residential estimated),True,524
2024,OK,7501.0,City of Granite - (OK),Municipal,short form (residential estimated),True,450
2024,OK,8799.0,City of Hominy - (OK),Municipal,short form (residential estimated),True,959
2024,OK,10320.0,City of Kingfisher - (OK),Municipal,short form (residential estimated),True,1925
2024,OK,10970.0,City of Lexington - (OK),Municipal,short form (residential estimated),True,673
2024,OK,11058.0,City of Lindsay - (OK),Municipal,short form (residential estimated),True,1254
2024,OK,11566.0,City of Mangum - (OK),Municipal,short form (residential estimated),True,1334
2024,OK,11541.0,City of Manitou - (OK),Municipal,short form (residential estimated),True,64
2024,OK,11691.0,City of Marlow - (OK),Municipal,short form (residential estimated),True,1888
2024,OK,12892.0,City of Mooreland - (OK),Municipal,short form (residential estimated),True,647
2024,OK,4344.0,City of New Cordell - (OK),Municipal,short form (residential estimated),True,1179
2024,OK,13530.0,City of Newkirk - (OK),Municipal,short form (residential estimated),True,1277
2024,OK,13966.0,City of Olustee,Municipal,short form (residential estimated),True,288
2024,OK,14176.0,City of Orlando - (OK),Municipal,short form (residential estimated),True,87
2024,OK,14582.0,City of Pawhuska - (OK),Municipal,short form (residential estimated),True,1727
2024,OK,14583.0,City of Pawnee - (OK),Municipal,short form (residential estimated),True,0
2024,OK,14829.0,City of Perry - (OK),Municipal,short form (residential estimated),True,2507
2024,OK,15202.0,City of Ponca City - (OK),Municipal,bundled,False,13790
2024,OK,15923.0,City of Pond Creek - (OK),Municipal,short form (residential estimated),True,495
2024,OK,15462.0,City of Pryor - (OK),Municipal,short form (residential estimated),True,4124
2024,OK,15515.0,City of Purcell - (OK),Municipal,short form (residential estimated),True,2495
2024,OK,16561.0,City of Sallisaw - (OK),Municipal,short form (residential estimated),True,3614
2024,OK,17286.0,City of Skiatook - (OK),Municipal,short form (residential estimated),True,3490
2024,OK,18126.0,City of Stilwell - (OK),Municipal,short form (residential estimated),True,1728
2024,OK,18224.0,City of Stroud - (OK),Municipal,short form (residential estimated),True,1245
2024,OK,19025.0,City of Tonkawa - (OK),Municipal,short form (residential estimated),True,1261
2024,OK,20196.0,City of Watonga - (OK),Municipal,short form (residential estimated),True,1731
2024,OK,20227.0,City of Waynoka - (OK),Municipal,short form (residential estimated),True,666
2024,OK,20502.0,City of Wetumka - (OK),Municipal,short form (residential estimated),True,567
2024,OK,21066.0,City of Wynnewood - (OK),Municipal,short form (residential estimated),True,874
2024,OK,19719.0,City of Yale - (OK),Municipal,short form (residential estimated),True,552
2024,OK,4296.0,"Cookson Hills Elec Coop, Inc",Cooperative,bundled,False,17551
2024,OK,4319.0,Copan Public Works Authority,Municipal,short form (residential estimated),True,331
2024,OK,4401.0,"Cotton Electric Coop, Inc",Cooperative,bundled,False,19696
2024,OK,5598.0,East Central Oklahoma Elec Coop Inc,Cooperative,bundled,False,33358
2024,OK,5860.0,Empire District Electric Co,Investor Owned,bundled,False,3901
2024,OK,7441.0,Goltry Public Works Authority,Municipal,short form (residential estimated),True,135
2024,OK,7490.0,Grand River Dam Authority,State,bundled,False,0
2024,OK,8183.0,Harmon Electric Assn Inc,Cooperative,short form (residential estimated),True,1976
2024,OK,9246.0,"Indian Electric Coop, Inc",Cooperative,bundled,False,14839
2024,OK,10012.0,Kay Electric Coop,Cooperative,bundled,False,4371
2024,OK,10170.0,"Kiamichi Electric Coop, Inc",Cooperative,bundled,False,18685
2024,OK,10599.0,"Lake Region Electric Coop, Inc - (OK)",Cooperative,bundled,False,24788
2024,OK,12408.0,Miami Special Utility Authority,Municipal,short form (residential estimated),True,5641
2024,OK,13734.0,Northeast Oklahoma Electric Co,Cooperative,bundled,False,37871
2024,OK,13838.0,"Northfork Electric Coop, Inc",Cooperative,short form (residential estimated),True,4089
2024,OK,13807.0,Northwestern Electric Coop Inc - (OK),Cooperative,bundled,False,9620
2024,OK,14057.0,Okeene Public Works Authority,Municipal,short form (residential estimated),True,510
2024,OK,14062.0,Oklahoma Electric Coop Inc,Cooperative,bundled,False,58544
2024,OK,14063.0,Oklahoma Gas & Electric Co,Investor Owned,bundled,False,710123
2024,OK,14289.0,Ozarks Electric Coop Corp - (AR),Cooperative,bundled,False,11783
2024,OK,14775.0,People's Electric Cooperative,Cooperative,bundled,False,14728
2024,OK,15311.0,Prague Public Works Authority,Municipal,short form (residential estimated),True,1064
2024,OK,15474.0,Public Service Co of Oklahoma,Investor Owned,bundled,False,501093
2024,OK,15746.0,Red River Valley Rrl Elec Assn,Cooperative,bundled,False,15852
2024,OK,15811.0,"Rich Mountain Elec Coop, Inc",Cooperative,short form (residential estimated),True,327
2024,OK,16382.0,"Rural Electric Coop, Inc - (OK)",Cooperative,bundled,False,9047
2024,OK,17603.0,Southeastern Electric Coop Inc - (OK),Cooperative,bundled,False,15583
2024,OK,17671.0,Southwest Arkansas E C C,Cooperative,bundled,False,220
2024,OK,17681.0,Southwest Rural Elec Assn Inc,Cooperative,short form (residential estimated),True,2753
2024,OK,17715.0,Southwestern Electric Coop Inc - (NM),Cooperative,bundled,False,0
2024,OK,18125.0,Stillwater Utilities Authority,Municipal,bundled,False,19640
2024,OK,18433.0,Tahlequah Public Works Authority,Municipal,short form (residential estimated),True,9140
2024,OK,18524.0,Tecumseh Utility Authority,Municipal,short form (residential estimated),True,1930
2024,OK,2268.0,Town of Braman - (OK),Municipal,short form (residential estimated),True,122
2024,OK,6618.0,Town of Fort Supply - (OK),Municipal,short form (residential estimated),True,163
2024,OK,10777.0,Town of Laverne - (OK),Municipal,short form (residential estimated),True,596
2024,OK,11578.0,Town of Mannford - (OK),Municipal,short form (residential estimated),True,931
2024,OK,16487.0,Town of Ryan - (OK),Municipal,short form (residential estimated),True,316
2024,OK,17553.0,Town of South Coffeyville - (OK),Municipal,short form (residential estimated),True,413
2024,OK,17802.0,Town of Spiro - (OK),Municipal,short form (residential estimated),True,927
2024,OK,19160.0,"Tri-County Electric Coop, Inc (OK)",Cooperative,bundled,False,14212
2024,OK,19785.0,Verdigris Valley Elec Coop Inc,Cooperative,bundled,False,35102
2024,OK,20163.0,Wagoner Public Works Authority,Municipal,short form (residential estimated),True,3206
2024,OK,20061.0,Walters Public Works Authority,Municipal,short form (residential estimated),True,1222
2024,OR,1736.0,Blachly-Lane County Coop El Assn,Cooperative,short form (residential estimated),True,2793
2024,OR,1738.0,Bonneville Power Administration,Federal,bundled,False,0
2024,OR,2955.0,Canby Utility Board,Municipal,short form (residential estimated),True,6445
2024,OR,3240.0,Central Electric Coop Inc - (OR),Cooperative,bundled,False,34562
2024,OR,3264.0,Central Lincoln People's Ut Dt,Political Subdivision,bundled,False,35904
2024,OR,907.0,City of Ashland - (OR),Municipal,short form (residential estimated),True,10077
2024,OR,1176.0,City of Bandon - (OR),Municipal,short form (residential estimated),True,3999
2024,OR,3136.0,City of Cascade Locks - (OR),Municipal,short form (residential estimated),True,879
2024,OR,5354.0,City of Drain - (OR),Municipal,short form (residential estimated),True,637
2024,OR,6022.0,City of Eugene - (OR),Municipal,bundled,False,89582
2024,OR,6582.0,City of Forest Grove,Municipal,bundled,False,10369
2024,OR,8515.0,City of Hermiston,Municipal,short form (residential estimated),True,4628
2024,OR,12187.0,City of McMinnville - (OR),Municipal,bundled,False,17190
2024,OR,12615.0,City of Milton-Freewater- (OR),Municipal,short form (residential estimated),True,3445
2024,OR,12789.0,City of Monmouth - (OR),Municipal,short form (residential estimated),True,4076
2024,OR,17839.0,City of Springfield - (OR),Municipal,bundled,False,29882
2024,OR,28541.0,Clatskanie Peoples Util Dist,Political Subdivision,bundled,False,3761
2024,OR,3739.0,Clearwater Power Company,Cooperative,short form (residential estimated),True,135
2024,OR,4005.0,"Columbia Basin Elec Cooperative, Inc",Cooperative,short form (residential estimated),True,3053
2024,OR,4008.0,Columbia Power Coop Assn Inc - (OR),Cooperative,short form (residential estimated),True,1535
2024,OR,40438.0,Columbia River Peoples Ut Dist,Political Subdivision,bundled,False,16378
2024,OR,4041.0,"Columbia Rural Elec Assn, Inc",Cooperative,bundled,False,44
2024,OR,4743.0,"Consumers Power, Inc",Cooperative,bundled,False,18751
2024,OR,4317.0,"Coos-Curry Electric Coop, Inc",Cooperative,bundled,False,15869
2024,OR,5327.0,Douglas Electric Coop - (OR),Cooperative,short form (residential estimated),True,8059
2024,OR,40437.0,Emerald People's Utility Dist,Political Subdivision,bundled + delivery,False,19968
2024,OR,11589.0,"Harney Electric Coop, Inc",Cooperative,short form (residential estimated),True,1887
2024,OR,8830.0,Hood River Electric Coop,Cooperative,short form (residential estimated),True,3068
2024,OR,9191.0,Idaho Power Co,Investor Owned,bundled,False,14098
2024,OR,10681.0,Lane Electric Coop Inc,Cooperative,bundled,False,12413
2024,OR,12439.0,"Midstate Electric Coop, Inc",Cooperative,bundled,False,18594
2024,OR,13788.0,Northern Wasco County PUD,Political Subdivision,bundled,False,9800
2024,OR,14109.0,"Oregon Trail El Cons Coop, Inc",Cooperative,bundled,False,25997
2024,OR,14354.0,PacifiCorp,Investor Owned,bundled + delivery,False,547235
2024,OR,15248.0,Portland General Electric Co,Investor Owned,bundled + delivery,False,828857
2024,OR,16555.0,Salem Electric - (OR),Cooperative,bundled,False,18385
2024,OR,18260.0,Surprise Valley Electrification,Cooperative,bundled,False,1211
2024,OR,18917.0,Tillamook Peoples Utility Dist,Political Subdivision,bundled,False,20133
2024,OR,19325.0,Umatilla Electric Coop Assn,Cooperative,bundled,False,12620
2024,OR,65352.0,Umpqua Indian Utility Cooperative,Cooperative,short form (residential estimated),True,53
2024,OR,20138.0,"Wasco Electric Coop, Inc",Cooperative,short form (residential estimated),True,3617
2024,OR,20385.0,West Oregon Electric Coop Inc,Cooperative,short form (residential estimated),True,3558
2024,PA,40220.0,Adams Electric Cooperative Inc,Cooperative,bundled,False,32231
2024,PA,40221.0,"Bedford Rural Elec Coop, Inc",Cooperative,bundled,False,8837
2024,PA,1618.0,Borough of Berlin - (PA),Municipal,short form (residential estimated),True,998
2024,PA,1823.0,Borough of Blakely - (PA),Municipal,short form (residential estimated),True,3086
2024,PA,3170.0,Borough of Catawissa,Municipal,short form (residential estimated),True,704
2024,PA,3329.0,Borough of Chambersburg,Municipal,bundled,False,9914
2024,PA,5442.0,Borough of Duncannon - (PA),Municipal,short form (residential estimated),True,808
2024,PA,5586.0,Borough of East Conemaugh,Municipal,short form (residential estimated),True,553
2024,PA,5828.0,Borough of Ellwood City - (PA),Municipal,short form (residential estimated),True,3315
2024,PA,5935.0,Borough of Ephrata - (PA),Municipal,short form (residential estimated),True,5562
2024,PA,7256.0,Borough of Girard - (PA),Municipal,short form (residential estimated),True,1359
2024,PA,7359.0,Borough of Goldsboro - (PA),Municipal,short form (residential estimated),True,321
2024,PA,7719.0,Borough of Grove City - (PA),Municipal,short form (residential estimated),True,2471
2024,PA,8254.0,Borough of Hatfield- (PA),Municipal,short form (residential estimated),True,1528
2024,PA,10494.0,Borough of Kutztown - (PA),Municipal,short form (residential estimated),True,2079
2024,PA,10702.0,Borough of Lansdale,Municipal,short form (residential estimated),True,7362
2024,PA,10882.0,Borough of Lehighton - (PA),Municipal,short form (residential estimated),True,2519
2024,PA,10959.0,Borough of Lewisberry - (PA),Municipal,short form (residential estimated),True,159
2024,PA,12474.0,Borough of Middletown - (PA),Municipal,short form (residential estimated),True,3494
2024,PA,12523.0,Borough of Mifflinburg - (PA),Municipal,short form (residential estimated),True,1580
2024,PA,13489.0,Borough of New Wilmington - (PA),Municipal,short form (residential estimated),True,610
2024,PA,14124.0,Borough of Olyphant - (PA),Municipal,short form (residential estimated),True,2132
2024,PA,14792.0,Borough of Perkasie - (PA),Municipal,short form (residential estimated),True,3625
2024,PA,15104.0,Borough of Pitcairn - (PA),Municipal,short form (residential estimated),True,1537
2024,PA,15541.0,Borough of Quakertown - (PA),Municipal,short form (residential estimated),True,3789
2024,PA,16375.0,Borough of Royalton - (PA),Municipal,short form (residential estimated),True,451
2024,PA,16780.0,Borough of Schuylkill Haven - (PA),Municipal,short form (residential estimated),True,2507
2024,PA,17337.0,Borough of Smethport - (PA),Municipal,short form (residential estimated),True,852
2024,PA,16853.0,Borough of St Clair - (PA),Municipal,short form (residential estimated),True,1523
2024,PA,18284.0,Borough of Summerhill - (PA),Municipal,short form (residential estimated),True,242
2024,PA,18456.0,Borough of Tarentum - (PA),Municipal,short form (residential estimated),True,1859
2024,PA,20070.0,Borough of Wampum,Municipal,short form (residential estimated),True,305
2024,PA,20206.0,Borough of Watsontown - (PA),Municipal,short form (residential estimated),True,987
2024,PA,20232.0,Borough of Weatherly - (PA),Municipal,short form (residential estimated),True,979
2024,PA,21160.0,Borough of Zelienople - (PA),Municipal,short form (residential estimated),True,1866
2024,PA,40224.0,"Central Electric Coop, Inc - (PA)",Cooperative,bundled,False,23629
2024,PA,3597.0,Citizens Electric Co - (PA),Investor Owned,bundled + delivery,False,5963
2024,PA,40289.0,Claverack Rural Elec Coop Inc,Cooperative,bundled,False,16742
2024,PA,5487.0,Duquesne Light Co,Investor Owned,bundled + delivery,False,550405
2024,PA,66101.0,FirstEnergy Pennsylvania Electric Co,Investor Owned,bundled + delivery,False,1802612
2024,PA,8826.0,Hooversville Boro Elec Lgt Co,Municipal,short form (residential estimated),True,301
2024,PA,12817.0,Mont Alto Borough,Municipal,short form (residential estimated),True,594
2024,PA,13205.0,"New Enterprise R E C, Inc",Cooperative,short form (residential estimated),True,2890
2024,PA,40293.0,"Northwestern Rural E C A, Inc - (PA)",Cooperative,bundled,False,18190
2024,PA,14940.0,PECO Energy Co,Investor Owned,bundled + delivery,False,1535818
2024,PA,14715.0,PPL Electric Utilities Corp,Investor Owned,bundled + delivery,False,1295883
2024,PA,61353.0,Philadelphia Authority for Industrial Development,Municipal,bundled,False,0
2024,PA,15045.0,Pike County Light & Power Co,Investor Owned,bundled + delivery,False,4347
2024,PA,40292.0,REA Energy Coop Inc,Cooperative,bundled,False,20932
2024,PA,40167.0,"Somerset Rural Elec Coop, Inc",Cooperative,bundled,False,12322
2024,PA,40291.0,"Sullivan County R E C, Inc - (PA)",Cooperative,short form (residential estimated),True,4717
2024,PA,40290.0,Tri-County Rural Elec Coop Inc (PA),Cooperative,bundled,False,18206
2024,PA,19390.0,"UGI Utilities, Inc",Investor Owned,bundled + delivery,False,55011
2024,PA,40219.0,"United Electric Coop, Inc - (PA)",Cooperative,short form (residential estimated),True,14631
2024,PA,40222.0,Valley Rural Electric Coop Inc,Cooperative,bundled,False,18180
2024,PA,40223.0,Warren Electric Coop Inc,Cooperative,short form (residential estimated),True,6621
2024,PA,20334.0,Wellsborough Electric Co,Investor Owned,bundled + delivery,False,5158
2024,RI,1857.0,Block Island Utility District,Political Subdivision,bundled,False,1629
2024,RI,14537.0,Pascoag Utility District,Municipal,bundled,False,4373
2024,RI,13214.0,The Narragansett Electric Co,Investor Owned,bundled + delivery,False,451381
2024,SC,162.0,Aiken Electric Coop Inc,Cooperative,bundled,False,49460
2024,SC,1170.0,Bamberg Board of Public Works,Municipal,short form (residential estimated),True,1471
2024,SC,1613.0,Berkeley Electric Coop Inc,Cooperative,bundled,False,115117
2024,SC,1763.0,"Black River Electric Coop, Inc - (SC)",Cooperative,bundled,False,30610
2024,SC,1890.0,Blue Ridge Electric Coop Inc - (SC),Cooperative,bundled,False,67553
2024,SC,2212.0,"Broad River Electric Coop, Inc",Cooperative,bundled,False,23140
2024,SC,34.0,City of Abbeville - (SC),Municipal,short form (residential estimated),True,2918
2024,SC,1566.0,City of Bennettsville - (SC),Municipal,short form (residential estimated),True,3964
2024,SC,2890.0,City of Camden,Municipal,short form (residential estimated),True,9639
2024,SC,5402.0,City of Due West - (SC),Municipal,short form (residential estimated),True,403
2024,SC,6894.0,City of Gaffney - (SC),Municipal,bundled,False,6314
2024,SC,7128.0,City of Georgetown - (SC),Municipal,short form (residential estimated),True,4492
2024,SC,21526.0,City of Laurens - (SC),Municipal,short form (residential estimated),True,4552
2024,SC,13523.0,City of Newberry - (SC),Municipal,short form (residential estimated),True,4507
2024,SC,14164.0,City of Orangeburg - (SC),Municipal,bundled,False,20639
2024,SC,16195.0,City of Rock Hill - (SC),Municipal,bundled,False,36492
2024,SC,16921.0,City of Seneca - (SC),Municipal,short form (residential estimated),True,6733
2024,SC,19431.0,City of Union - (SC),Municipal,short form (residential estimated),True,5770
2024,SC,20490.0,City of Westminster - (SC),Municipal,short form (residential estimated),True,1256
2024,SC,3804.0,Clinton Combined Utility Sys,Municipal,short form (residential estimated),True,3571
2024,SC,3844.0,"Coastal Electric Coop, Inc - (SC)",Cooperative,short form (residential estimated),True,9317
2024,SC,17539.0,"Dominion Energy South Carolina, Inc",Investor Owned,bundled,False,696385
2024,SC,5416.0,"Duke Energy Carolinas, LLC",Investor Owned,bundled,False,568586
2024,SC,3046.0,Duke Energy Progress - (NC),Investor Owned,bundled,False,143713
2024,SC,6709.0,Easley Combined Utility System,Municipal,bundled,False,15772
2024,SC,5644.0,"Edisto Electric Coop, Inc",Cooperative,bundled,False,15421
2024,SC,5929.0,"Fairfield Electric Coop, Inc",Cooperative,bundled,False,32397
2024,SC,7646.0,Greenwood CPW,Municipal,bundled,False,11753
2024,SC,7654.0,Greer Commission of Public Wks,Municipal,bundled,False,24893
2024,SC,8333.0,Haywood Electric Member Corp,Cooperative,bundled,False,9
2024,SC,8786.0,Horry Electric Coop Inc,Cooperative,bundled,False,86726
2024,SC,10768.0,"Laurens Electric Coop, Inc",Cooperative,bundled,False,58438
2024,SC,11019.0,Little River Electric Coop Inc,Cooperative,short form (residential estimated),True,11708
2024,SC,11118.0,Lockhart Power Co,Investor Owned,bundled,False,4976
2024,SC,11355.0,"Lynches River Elec Coop, Inc",Cooperative,bundled,False,21363
2024,SC,66073.0,MPD Electric Cooperative,Cooperative,bundled,False,31874
2024,SC,12462.0,Mid-Carolina Electric Coop Inc,Cooperative,bundled,False,56463
2024,SC,13524.0,"Newberry Electric Coop, Inc",Cooperative,bundled,False,12970
2024,SC,14398.0,Palmetto Electric Coop Inc,Cooperative,bundled,False,68338
2024,SC,16606.0,"Santee Electric Coop, Inc",Cooperative,bundled,False,35235
2024,SC,17543.0,South Carolina Public Service Authority,State,bundled,False,185529
2024,SC,12006.0,Town of McCormick - (SC),Municipal,short form (residential estimated),True,885
2024,SC,15433.0,Town of Prosperity - (SC),Municipal,short form (residential estimated),True,680
2024,SC,20826.0,Town of Winnsboro - (SC),Municipal,short form (residential estimated),True,2628
2024,SC,14175.0,"Tri-County Electric Coop, Inc (SC)",Cooperative,bundled,False,17672
2024,SC,21002.0,York Electric Coop Inc,Cooperative,bundled,False,65244
2024,SD,1769.0,"Black Hills Electric Coop, Inc",Cooperative,bundled,False,9227
2024,SD,19545.0,"Black Hills Power, Inc.",Investor Owned,bundled,False,60951
2024,SD,1898.0,"Bon Homme Yankton El Assn, Inc",Cooperative,short form (residential estimated),True,3148
2024,SD,2655.0,"Butte Electric Coop, Inc",Cooperative,short form (residential estimated),True,5533
2024,SD,2986.0,"Cam Wal Electric Coop, Inc",Cooperative,short form (residential estimated),True,1970
2024,SD,3236.0,"Central Electric Coop, Inc - (SD)",Cooperative,bundled,False,6483
2024,SD,3315.0,"Charles Mix Electric Assn, Inc",Cooperative,short form (residential estimated),True,2026
2024,SD,3435.0,"Cherry-Todd Electric Coop, Inc",Cooperative,short form (residential estimated),True,3762
2024,SD,831.0,City of Arlington - (SD),Municipal,short form (residential estimated),True,509
2024,SD,1004.0,City of Aurora - (SD),Municipal,short form (residential estimated),True,437
2024,SD,1080.0,City of Badger - (SD),Municipal,short form (residential estimated),True,69
2024,SD,1601.0,City of Beresford,Municipal,short form (residential estimated),True,1031
2024,SD,1698.0,City of Big Stone City - (SD),Municipal,short form (residential estimated),True,331
2024,SD,2285.0,City of Brookings - (SD),Municipal,bundled,False,10544
2024,SD,2448.0,City of Bryant - (SD),Municipal,short form (residential estimated),True,228
2024,SD,2534.0,City of Burke - (SD),Municipal,short form (residential estimated),True,379
2024,SD,3735.0,City of Colman - (SD),Municipal,short form (residential estimated),True,339
2024,SD,5771.0,City of Elk Point,Municipal,short form (residential estimated),True,863
2024,SD,5995.0,City of Estelline - (SD),Municipal,short form (residential estimated),True,347
2024,SD,6157.0,City of Faith - (SD),Municipal,short form (residential estimated),True,227
2024,SD,6390.0,City of Flandreau,Municipal,short form (residential estimated),True,1168
2024,SD,6615.0,City of Fort Pierre - (SD),Municipal,short form (residential estimated),True,1168
2024,SD,7712.0,City of Groton - (SD),Municipal,short form (residential estimated),True,625
2024,SD,8379.0,City of Hecla,Municipal,short form (residential estimated),True,235
2024,SD,8919.0,City of Howard - (SD),Municipal,short form (residential estimated),True,513
2024,SD,11475.0,City of Madison - (SD),Municipal,bundled,False,2802
2024,SD,3633.0,City of McLaughlin - (SD),Municipal,short form (residential estimated),True,275
2024,SD,12580.0,City of Miller - (SD),Municipal,short form (residential estimated),True,784
2024,SD,14138.0,City of Onida - (SD),Municipal,short form (residential estimated),True,399
2024,SD,14489.0,City of Parker - (SD),Municipal,short form (residential estimated),True,557
2024,SD,15040.0,City of Pierre - (SD),Municipal,bundled,False,6126
2024,SD,15134.0,City of Plankinton - (SD),Municipal,short form (residential estimated),True,392
2024,SD,17265.0,City of Sioux Falls - (SD),Municipal,short form (residential estimated),True,2424
2024,SD,19333.0,City of Tyndall - (SD),Municipal,short form (residential estimated),True,533
2024,SD,19788.0,City of Vermillion - (SD),Municipal,short form (residential estimated),True,4157
2024,SD,19896.0,City of Volga - (SD),Municipal,bundled,False,1075
2024,SD,20359.0,City of Wessington Springs,Municipal,short form (residential estimated),True,504
2024,SD,40435.0,City of White - (SD),Municipal,short form (residential estimated),True,254
2024,SD,3716.0,Clay-Union Electric Corp,Cooperative,short form (residential estimated),True,2967
2024,SD,3850.0,"Codington-Clark Elec Coop, Inc",Cooperative,short form (residential estimated),True,2633
2024,SD,4720.0,Dakota Energy Coop Inc,Cooperative,bundled,False,3224
2024,SD,5328.0,"Douglas Electric Coop, Inc",Cooperative,short form (residential estimated),True,625
2024,SD,6272.0,"FEM Electric Assn, Inc",Cooperative,short form (residential estimated),True,1639
2024,SD,7484.0,"Grand Electric Coop, Inc",Cooperative,short form (residential estimated),True,3996
2024,SD,7870.0,H-D Electric Coop Inc,Cooperative,short form (residential estimated),True,2916
2024,SD,40604.0,Heartland Consumers Power Dist,Political Subdivision,short form (residential estimated),True,2
2024,SD,10329.0,"Kingsbury Electric Coop, Inc",Cooperative,short form (residential estimated),True,689
2024,SD,10558.0,"LaCreek Electric Assn, Inc",Cooperative,short form (residential estimated),True,5076
2024,SD,10632.0,"Lake Region Electric Assn, Inc - (SD)",Cooperative,short form (residential estimated),True,2641
2024,SD,12341.0,MidAmerican Energy Co,Investor Owned,bundled,False,4236
2024,SD,12199.0,Montana-Dakota Utilities Co,Investor Owned,bundled,False,6367
2024,SD,12915.0,Moreau-Grand Electric Coop Inc,Cooperative,short form (residential estimated),True,5448
2024,SD,13337.0,Nebraska Public Power District,Political Subdivision,bundled,False,1044
2024,SD,13685.0,"Niobrara Electric Assn, Inc",Cooperative,short form (residential estimated),True,12
2024,SD,13809.0,NorthWestern Energy - (SD),Investor Owned,bundled,False,51467
2024,SD,13750.0,"Northern Electric Coop, Inc",Cooperative,bundled,False,5757
2024,SD,13781.0,Northern States Power Co - Minnesota,Investor Owned,bundled,False,92204
2024,SD,13853.0,Oahe Electric Coop Inc,Cooperative,short form (residential estimated),True,2578
2024,SD,14232.0,Otter Tail Power Co,Investor Owned,bundled,False,9048
2024,SD,16286.0,Rosebud Electric Coop Inc,Cooperative,bundled,False,4856
2024,SD,17267.0,Sioux Valley SW Elec Coop,Cooperative,bundled,False,22213
2024,SD,17593.0,"Southeast Electric Coop, Inc",Cooperative,short form (residential estimated),True,18
2024,SD,19293.0,Southeastern Electric Coop Inc - (SD),Cooperative,bundled,False,20160
2024,SD,26120.0,Town of Langford- (SD),Municipal,short form (residential estimated),True,157
2024,SD,58139.0,Town of Pickstown - (SD),Municipal,short form (residential estimated),True,150
2024,SD,19060.0,"Traverse Electric Coop, Inc",Cooperative,short form (residential estimated),True,817
2024,SD,19493.0,Union County Electric Coop Inc,Cooperative,short form (residential estimated),True,1287
2024,SD,27000.0,WAPA-- Western Area Power Administration,Federal,bundled,False,0
2024,SD,20187.0,Watertown Municipal Utilities,Municipal,bundled,False,11633
2024,SD,20368.0,West Central Electric Coop Inc - (SD),Cooperative,short form (residential estimated),True,5180
2024,SD,20401.0,West River Electric Assn Inc,Cooperative,bundled,False,18423
2024,SD,20422.0,Whetstone Valley Elec Coop Inc,Cooperative,short form (residential estimated),True,2786
2024,SD,20823.0,Winner Municipal Utility,Municipal,short form (residential estimated),True,1557
2024,TN,727.0,Appalachian Electric Coop,Cooperative,bundled,False,43709
2024,TN,947.0,Athens Utility Board,Municipal,bundled,False,11651
2024,TN,1578.0,Benton County,Municipal,bundled,False,8775
2024,TN,1936.0,Bolivar Energy Authority,Municipal,bundled,False,8929
2024,TN,2960.0,"Caney Fork Electric Coop, Inc",Cooperative,bundled,False,29631
2024,TN,3075.0,Carroll County - (TN),Municipal,bundled,False,12344
2024,TN,40166.0,"Chickasaw Electric Coop, Inc",Cooperative,bundled,False,19576
2024,TN,577.0,City of Alcoa Utilities,Municipal,bundled,False,28183
2024,TN,2247.0,City of Bristol - (TN),Municipal,bundled,False,29622
2024,TN,2411.0,City of Brownsville,Municipal,bundled,False,4067
2024,TN,3408.0,City of Chattanooga - (TN),Municipal,bundled,False,164417
2024,TN,3704.0,City of Clarksville - (TN),Municipal,bundled,False,75953
2024,TN,3758.0,City of Cleveland - (TN),Municipal,bundled,False,29331
2024,TN,3812.0,City of Clinton - (TN),Municipal,bundled,False,26230
2024,TN,4294.0,City of Cookeville - (TN),Municipal,bundled,False,15946
2024,TN,4437.0,City of Covington - (TN),Municipal,bundled,False,3727
2024,TN,4920.0,City of Dayton - (TN),Municipal,bundled,False,9053
2024,TN,5148.0,City of Dickson,Municipal,bundled,False,30808
2024,TN,5509.0,City of Dyersburg,Municipal,bundled,False,9475
2024,TN,5763.0,City of Elizabethton - (TN),Municipal,bundled,False,23344
2024,TN,6008.0,City of Etowah,Municipal,bundled,False,4443
2024,TN,6234.0,City of Fayetteville,Municipal,bundled,False,16667
2024,TN,6923.0,City of Gallatin - (TN),Municipal,bundled,False,23204
2024,TN,7625.0,City of Greeneville - (TN),Municipal,bundled,False,32388
2024,TN,8147.0,City of Harriman - (TN),Municipal,bundled,False,9335
2024,TN,9023.0,City of Humboldt,Municipal,bundled,False,3529
2024,TN,9612.0,City of Jackson - (TN),Municipal,bundled,False,31856
2024,TN,9697.0,City of Jellico,Municipal,bundled,False,1620
2024,TN,10579.0,City of LaFollette,Municipal,bundled,False,19934
2024,TN,10799.0,City of Lawrenceburg,Municipal,bundled,False,18076
2024,TN,10906.0,City of Lenoir - (TN),Municipal,bundled,False,62455
2024,TN,10960.0,City of Lewisburg - (TN),Municipal,bundled,False,4981
2024,TN,10968.0,City of Lexington - (TN),Municipal,bundled,False,17961
2024,TN,12293.0,City of Memphis - (TN),Municipal,bundled,False,380286
2024,TN,12532.0,City of Milan - (TN),Municipal,bundled,False,6902
2024,TN,12988.0,City of Morristown - (TN),Municipal,bundled,False,13459
2024,TN,13039.0,City of Mt Pleasant - (TN),Municipal,bundled,False,3524
2024,TN,13437.0,City of Newbern,Municipal,bundled,False,1495
2024,TN,13550.0,City of Newport - (TN),Municipal,bundled,False,19859
2024,TN,13933.0,City of Oak Ridge,Municipal,bundled,False,15497
2024,TN,14455.0,City of Paris - (TN),Municipal,bundled,False,16263
2024,TN,15507.0,City of Pulaski - (TN),Municipal,bundled,False,12432
2024,TN,27222.0,City of Ripley - (TN),Municipal,bundled,False,5106
2024,TN,16223.0,City of Rockwood - (TN),Municipal,bundled,False,12042
2024,TN,17047.0,City of Shelbyville - (TN),Municipal,bundled,False,9877
2024,TN,17452.0,City of Smithville - (TN),Municipal,bundled,False,2408
2024,TN,17740.0,City of Sparta,Municipal,bundled,False,2258
2024,TN,17829.0,City of Springfield - (TN),Municipal,bundled,False,7675
2024,TN,18384.0,City of Sweetwater,Municipal,bundled,False,7534
2024,TN,19149.0,City of Trenton - (TN),Municipal,bundled,False,1956
2024,TN,19430.0,City of Union City,Municipal,bundled,False,5203
2024,TN,20793.0,City of Winchester - (TN),Municipal,bundled,False,5292
2024,TN,3855.0,Columbia Power System - (TN),Municipal,bundled,False,31166
2024,TN,4624.0,Cumberland Elec Member Corp,Cooperative,bundled,False,100585
2024,TN,4622.0,"Cumberland Valley Electric, Inc.",Cooperative,bundled,False,78
2024,TN,5399.0,Duck River Elec Member Corp,Cooperative,bundled,False,71342
2024,TN,814.0,Entergy Arkansas LLC,Investor Owned,bundled,False,1
2024,TN,40236.0,"Forked Deer Electric Coop, Inc",Cooperative,bundled,False,8345
2024,TN,6608.0,Fort Loudoun Electric Coop,Cooperative,bundled,False,30527
2024,TN,6784.0,French Broad Elec Member Corp,Cooperative,bundled,False,994
2024,TN,7174.0,Gibson Electric Members Corp,Cooperative,bundled,False,29331
2024,TN,8764.0,"Holston Electric Coop, Inc",Cooperative,bundled,False,25773
2024,TN,9777.0,Johnson City - (TN),Municipal,bundled,False,72205
2024,TN,10331.0,Kingsport Power Co,Investor Owned,bundled,False,43159
2024,TN,10421.0,Knoxville Utilities Board,Municipal,bundled,False,193707
2024,TN,11222.0,Loudon Utilities Board,Municipal,bundled,False,12698
2024,TN,11789.0,Maryville Utilities,Municipal,bundled,False,19971
2024,TN,12186.0,McMinnville Electric System,Municipal,bundled,False,6646
2024,TN,12330.0,Meriwether Lewis Electric Coop,Cooperative,bundled,False,30319
2024,TN,12470.0,Middle Tennessee E M C,Cooperative,bundled,False,307370
2024,TN,13027.0,"Mountain Electric Coop, Inc",Cooperative,bundled,False,12539
2024,TN,13216.0,Nashville Electric Service,Municipal,bundled,False,417640
2024,TN,15016.0,Pickwick Electric Coop,Cooperative,bundled,False,16609
2024,TN,15141.0,Plateau Electric Cooperative,Cooperative,bundled,False,14331
2024,TN,15293.0,Powell Valley Electric Coop,Cooperative,bundled,False,21147
2024,TN,16930.0,Sequachee Valley Electric Coop,Cooperative,bundled,False,33206
2024,TN,16949.0,Sevier County Electric System,Municipal,bundled,False,35626
2024,TN,17564.0,South Kentucky Rural E C C,Cooperative,bundled,False,152
2024,TN,17694.0,Southwest Tennessee E M C,Cooperative,bundled,False,43750
2024,TN,18642.0,Tennessee Valley Authority,Federal,bundled,False,0
2024,TN,18643.0,Tennessee Valley Electric Coop,Cooperative,bundled,False,16804
2024,TN,5961.0,Town of Erwin - (TN),Municipal,bundled,False,7618
2024,TN,19162.0,Tri-County Elec Member Corp (TN),Cooperative,bundled,False,24824
2024,TN,19154.0,Tri-State Electric Member Corp,Cooperative,bundled,False,2812
2024,TN,19266.0,Tullahoma Board-Public Utils,Municipal,bundled,False,9278
2024,TN,19574.0,Upper Cumberland E M C,Cooperative,bundled,False,45560
2024,TN,19898.0,Volunteer Electric Coop,Cooperative,bundled,False,104387
2024,TN,20228.0,Weakley County Mun Elec Sys,Municipal,bundled,False,15315
2024,TX,3278.0,AEP Texas Central Company,Investor Owned,delivery (Texas wires),False,784148
2024,TX,20404.0,AEP Texas North Company,Investor Owned,delivery (Texas wires),False,157455
2024,TX,1015.0,Austin Energy,Municipal,bundled,False,507291
2024,TX,1169.0,Bailey County Elec Coop Assn,Cooperative,bundled,False,3348
2024,TX,1175.0,"Bandera Electric Coop, Inc",Cooperative,bundled,False,35346
2024,TX,1273.0,"Bartlett Electric Coop, Inc",Cooperative,bundled,False,11527
2024,TX,1591.0,"Big Country Electric Coop, Inc",Cooperative,bundled,False,9449
2024,TX,1892.0,"Bluebonnet Electric Coop, Inc",Cooperative,bundled,False,113890
2024,TX,2049.0,"Bowie-Cass Electric Coop, Inc",Cooperative,bundled,False,34526
2024,TX,2409.0,Brownsville Public Utilities Board,Municipal,bundled,False,48146
2024,TX,8901.0,CenterPoint Energy,Investor Owned,delivery (Texas wires),False,2485470
2024,TX,3282.0,"Central Texas Elec Coop, Inc",Cooperative,bundled,False,39569
2024,TX,3470.0,Cherokee County Elec Coop Assn - (TX),Cooperative,bundled,False,22026
2024,TX,1287.0,City of Bartlett - (TX),Municipal,short form (residential estimated),True,566
2024,TX,1324.0,City of Bastrop - (TX),Municipal,short form (residential estimated),True,2430
2024,TX,1519.0,City of Bellville - (TX),Municipal,short form (residential estimated),True,2161
2024,TX,1913.0,City of Boerne,Municipal,short form (residential estimated),True,5402
2024,TX,2050.0,City of Bowie - (TX),Municipal,short form (residential estimated),True,2614
2024,TX,2135.0,City of Brady - (TX),Municipal,short form (residential estimated),True,2500
2024,TX,2194.0,City of Brenham - (TX),Municipal,bundled,False,6059
2024,TX,2210.0,City of Bridgeport - (TX),Municipal,short form (residential estimated),True,1936
2024,TX,2404.0,City of Brownfield - (TX),Municipal,short form (residential estimated),True,3426
2024,TX,2442.0,City of Bryan - (TX),Municipal,bundled,False,58284
2024,TX,2559.0,City of Burnet - (TX),Municipal,short form (residential estimated),True,2775
2024,TX,2800.0,City of Caldwell,Municipal,short form (residential estimated),True,1839
2024,TX,3168.0,City of Castroville - (TX),Municipal,short form (residential estimated),True,1414
2024,TX,3923.0,City of Coleman - (TX),Municipal,short form (residential estimated),True,2007
2024,TX,3940.0,City of College Station - (TX),Municipal,bundled,False,42995
2024,TX,4610.0,City of Cuero - (TX),Municipal,short form (residential estimated),True,3134
2024,TX,5063.0,City of Denton - (TX),Municipal,bundled,False,58941
2024,TX,5744.0,City of Electra - (TX),Municipal,short form (residential estimated),True,992
2024,TX,6203.0,City of Farmersville - (TX),Municipal,short form (residential estimated),True,1315
2024,TX,6396.0,City of Flatonia - (TX),Municipal,short form (residential estimated),True,960
2024,TX,6427.0,City of Floresville,Municipal,bundled,False,15797
2024,TX,6472.0,City of Floydada - (TX),Municipal,short form (residential estimated),True,1010
2024,TX,6758.0,City of Fredericksburg - (TX),Municipal,short form (residential estimated),True,4917
2024,TX,6958.0,City of Garland - (TX),Municipal,bundled,False,69421
2024,TX,7129.0,City of Georgetown - (TX),Municipal,bundled,False,29904
2024,TX,7184.0,City of Giddings - (TX),Municipal,short form (residential estimated),True,2358
2024,TX,7419.0,City of Goldsmith - (TX),Municipal,short form (residential estimated),True,183
2024,TX,7368.0,City of Goldthwaite - (TX),Municipal,short form (residential estimated),True,1102
2024,TX,7370.0,City of Gonzales - (TX),Municipal,short form (residential estimated),True,2474
2024,TX,7480.0,City of Granbury - (TX),Municipal,short form (residential estimated),True,3016
2024,TX,7634.0,City of Greenville - (TX),Municipal,bundled,False,15165
2024,TX,7958.0,City of Hallettsville - (TX),Municipal,short form (residential estimated),True,1362
2024,TX,8359.0,City of Hearne - (TX),Municipal,short form (residential estimated),True,2059
2024,TX,8432.0,City of Hemphill - (TX),Municipal,short form (residential estimated),True,647
2024,TX,8435.0,City of Hempstead - (TX),Municipal,short form (residential estimated),True,2228
2024,TX,8801.0,City of Hondo - (TX),Municipal,short form (residential estimated),True,2533
2024,TX,9664.0,City of Jasper - (TX),Municipal,short form (residential estimated),True,4354
2024,TX,10532.0,City of La Grange - (TX),Municipal,short form (residential estimated),True,2640
2024,TX,10656.0,City of Lampasas - (TX),Municipal,short form (residential estimated),True,3880
2024,TX,10969.0,City of Lexington - (TX),Municipal,short form (residential estimated),True,544
2024,TX,10982.0,City of Liberty - (TX),Municipal,short form (residential estimated),True,2997
2024,TX,11097.0,City of Livingston - (TX),Municipal,short form (residential estimated),True,2766
2024,TX,11103.0,City of Llano - (TX),Municipal,short form (residential estimated),True,1713
2024,TX,11119.0,City of Lockhart - (TX),Municipal,short form (residential estimated),True,5101
2024,TX,11292.0,City of Lubbock - (TX),Municipal,bundled + delivery (Texas wires),False,95280
2024,TX,11316.0,City of Luling - (TX),Municipal,short form (residential estimated),True,2381
2024,TX,11793.0,City of Mason - (TX),Municipal,short form (residential estimated),True,1220
2024,TX,13025.0,City of Moulton - (TX),Municipal,short form (residential estimated),True,516
2024,TX,13418.0,City of New Braunfels - (TX),Municipal,bundled,False,53975
2024,TX,13603.0,City of Newton - (TX),Municipal,short form (residential estimated),True,863
2024,TX,16175.0,City of Robstown - (TX),Municipal,short form (residential estimated),True,3741
2024,TX,16604.0,City of San Antonio - (TX),Municipal,bundled,False,865914
2024,TX,16605.0,City of San Augustine - (TX),Municipal,short form (residential estimated),True,887
2024,TX,28978.0,City of San Marcos - (TX),Municipal,bundled,False,22261
2024,TX,28981.0,City of San Saba - (TX),Municipal,short form (residential estimated),True,1569
2024,TX,16647.0,City of Sanger - (TX),Municipal,short form (residential estimated),True,2164
2024,TX,16765.0,City of Schulenburg - (TX),Municipal,short form (residential estimated),True,1565
2024,TX,16900.0,City of Seguin - (TX),Municipal,bundled,False,8478
2024,TX,16961.0,City of Seymour - (TX),Municipal,short form (residential estimated),True,1956
2024,TX,17101.0,City of Shiner - (TX),Municipal,short form (residential estimated),True,1021
2024,TX,17453.0,City of Smithville - (TX),Municipal,short form (residential estimated),True,1924
2024,TX,18933.0,City of Timpson - (TX),Municipal,short form (residential estimated),True,555
2024,TX,19264.0,City of Tulia,Municipal,short form (residential estimated),True,1406
2024,TX,19952.0,City of Waelder - (TX),Municipal,short form (residential estimated),True,0
2024,TX,20331.0,City of Weimar - (TX),Municipal,short form (residential estimated),True,997
2024,TX,20588.0,City of Whitesboro - (TX),Municipal,short form (residential estimated),True,1898
2024,TX,21108.0,City of Yoakum - (TX),Municipal,short form (residential estimated),True,2542
2024,TX,3938.0,"Coleman County Elec Coop, Inc",Cooperative,short form (residential estimated),True,5007
2024,TX,4295.0,Comanche County Elec Coop Assn,Cooperative,bundled,False,7359
2024,TX,4146.0,Concho Valley Elec Coop Inc,Cooperative,bundled,False,12060
2024,TX,4262.0,Cooke County Elec Coop Assn,Cooperative,bundled,False,15886
2024,TX,4939.0,"Deaf Smith Electric Coop, Inc",Cooperative,bundled,False,5333
2024,TX,4975.0,Deep East Texas Elec Coop Inc,Cooperative,bundled,False,40404
2024,TX,5078.0,"Denton County Elec Coop, Inc",Cooperative,bundled,False,298734
2024,TX,5701.0,El Paso Electric Co,Investor Owned,bundled,False,312576
2024,TX,55937.0,Entergy Texas Inc.,Investor Owned,bundled,False,457369
2024,TX,6173.0,Fannin County Electric Coop,Cooperative,bundled,False,11712
2024,TX,6182.0,"Farmers Electric Coop, Inc - (TX)",Cooperative,bundled,False,84006
2024,TX,6183.0,"Fayette Electric Coop, Inc",Cooperative,bundled,False,14150
2024,TX,6611.0,Fort Belknap Electric Coop Inc,Cooperative,short form (residential estimated),True,3424
2024,TX,7559.0,"Grayson-Collin Elec Coop, Inc",Cooperative,bundled,False,90464
2024,TX,7561.0,"Greenbelt Electric Coop, Inc",Cooperative,bundled,False,3912
2024,TX,7752.0,Guadalupe Valley Elec Coop Inc,Cooperative,bundled,False,92189
2024,TX,8620.0,"HILCO Electric Cooperative, Inc.",Cooperative,bundled,False,26883
2024,TX,7979.0,Hamilton County Elec Coop Assn,Cooperative,bundled,False,19594
2024,TX,8183.0,Harmon Electric Assn Inc,Cooperative,short form (residential estimated),True,270
2024,TX,55982.0,Heart of Texas Electric Coop,Cooperative,bundled,False,18722
2024,TX,8898.0,Houston County Elec Coop Inc,Cooperative,bundled,False,21426
2024,TX,9422.0,J-A-C Electric Coop Inc,Cooperative,short form (residential estimated),True,3292
2024,TX,9590.0,"Jackson Electric Coop, Inc - (TX)",Cooperative,bundled,False,15620
2024,TX,9668.0,"Jasper-Newton Elec Coop, Inc",Cooperative,bundled,False,21180
2024,TX,10009.0,Karnes Electric Coop Inc,Cooperative,bundled,False,13222
2024,TX,28604.0,Kerrville Public Utility Board,Municipal,bundled,False,20278
2024,TX,10359.0,Kirbyville Light & Power Co,Municipal,short form (residential estimated),True,875
2024,TX,10649.0,Lamar County Elec Coop Assn,Cooperative,bundled,False,12935
2024,TX,10625.0,"Lamb County Electric Coop, Inc",Cooperative,bundled,False,2810
2024,TX,10817.0,"Lea County Electric Coop, Inc - (NM)",Cooperative,bundled,False,1989
2024,TX,11014.0,"Lighthouse Electric Coop, Inc",Cooperative,bundled,False,3878
2024,TX,11364.0,"Lyntegar Electric Coop, Inc",Cooperative,bundled,False,9021
2024,TX,11501.0,Magic Valley Electric Coop Inc,Cooperative,bundled,False,126402
2024,TX,12268.0,"Medina Electric Coop, Inc",Cooperative,bundled,False,30205
2024,TX,12452.0,Mid-South Electric Coop Assn,Cooperative,bundled,False,36267
2024,TX,13332.0,"Navarro County Elec Coop, Inc",Cooperative,bundled,False,18435
2024,TX,16146.0,"Navasota Valley Elec Coop, Inc",Cooperative,bundled,False,19672
2024,TX,13757.0,North Plains Electric Coop Inc,Cooperative,bundled,False,3081
2024,TX,13830.0,Nueces Electric Cooperative,Cooperative,bundled + delivery (Texas wires),False,18038
2024,TX,44372.0,Oncor Electric Delivery Company LLC,Investor Owned,delivery (Texas wires),False,3477215
2024,TX,14424.0,"Panola-Harrison Elec Coop, Inc",Cooperative,bundled,False,9394
2024,TX,14626.0,"Pedernales Electric Coop, Inc",Cooperative,bundled,False,405587
2024,TX,16057.0,"Rio Grande Electric Coop, Inc",Cooperative,bundled,False,9298
2024,TX,16063.0,"Rita Blanca Electric Coop, Inc",Cooperative,bundled,False,1255
2024,TX,16461.0,"Rusk County Electric Coop, Inc",Cooperative,bundled,False,18152
2024,TX,16613.0,Sam Houston Electric Coop Inc,Cooperative,bundled,False,86118
2024,TX,16638.0,"San Bernard Electric Coop, Inc",Cooperative,bundled,False,31774
2024,TX,16627.0,San Patricio Electric Coop Inc,Cooperative,bundled,False,10007
2024,TX,17561.0,South Plains Electric Coop Inc,Cooperative,bundled,False,56173
2024,TX,17671.0,Southwest Arkansas E C C,Cooperative,bundled,False,1087
2024,TX,17681.0,Southwest Rural Elec Assn Inc,Cooperative,short form (residential estimated),True,1856
2024,TX,17693.0,"Southwest Texas Elec Coop, Inc",Cooperative,bundled,False,5886
2024,TX,17715.0,Southwestern Electric Coop Inc - (NM),Cooperative,bundled,False,10
2024,TX,17698.0,Southwestern Electric Power Co,Investor Owned,bundled,False,156271
2024,TX,17718.0,Southwestern Public Service Co,Investor Owned,bundled,False,222146
2024,TX,18199.0,"Swisher Electric Coop, Inc",Cooperative,short form (residential estimated),True,4340
2024,TX,27369.0,Taylor Electric Coop Inc - (TX),Cooperative,bundled,False,18722
2024,TX,58113.0,"Texas A&M, Utilities & Energy Services",State,bundled,False,2
2024,TX,40051.0,Texas-New Mexico Power Co,Investor Owned,delivery (Texas wires),False,233056
2024,TX,19160.0,"Tri-County Electric Coop, Inc (OK)",Cooperative,bundled,False,210
2024,TX,19159.0,"Tri-County Electric Coop, Inc (TX)",Cooperative,bundled,False,118075
2024,TX,18976.0,Trinity Valley Elec Coop Inc,Cooperative,bundled,False,79954
2024,TX,19490.0,United Electric Coop Service Inc - (TX),Cooperative,bundled,False,88324
2024,TX,19579.0,Upshur Rural Elec Coop Corp,Cooperative,bundled,False,44415
2024,TX,19806.0,"Victoria Electric Coop, Inc",Cooperative,bundled,False,21500
2024,TX,20230.0,Weatherford Mun Utility System,Municipal,bundled,False,14466
2024,TX,20472.0,"Wharton County Elec Coop, Inc",Cooperative,bundled,False,5548
2024,TX,20948.0,Wise Electric Coop Inc,Cooperative,bundled,False,20137
2024,TX,20927.0,"Wood County Electric Coop, Inc",Cooperative,bundled,False,35793
2024,UT,1434.0,Beaver City Corporation,Municipal,short form (residential estimated),True,1489
2024,UT,2215.0,"Bridger Valley Elec Assn, Inc",Cooperative,short form (residential estimated),True,1679
2024,UT,2220.0,Brigham City Corporation,Municipal,short form (residential estimated),True,7136
2024,UT,1839.0,City of Blanding - (UT),Municipal,short form (residential estimated),True,1509
2024,UT,2010.0,City of Bountiful,Municipal,bundled,False,15709
2024,UT,40433.0,City of Enterprise - (UT),Municipal,short form (residential estimated),True,685
2024,UT,5932.0,City of Ephraim - (UT),Municipal,short form (residential estimated),True,2260
2024,UT,8428.0,City of Helper - (UT),Municipal,short form (residential estimated),True,1071
2024,UT,11135.0,City of Logan - (UT),Municipal,bundled,False,19455
2024,UT,11588.0,City of Manti - (UT),Municipal,short form (residential estimated),True,1311
2024,UT,12797.0,City of Monroe - (UT),Municipal,short form (residential estimated),True,1047
2024,UT,13037.0,City of Mt Pleasant - (UT),Municipal,short form (residential estimated),True,2117
2024,UT,13137.0,City of Murray - (UT),Municipal,bundled,False,17000
2024,UT,16648.0,City of Santa Clara - (UT),Municipal,short form (residential estimated),True,3132
2024,UT,17845.0,City of Springville - (UT),Municipal,bundled,False,10852
2024,UT,17874.0,City of St George,Municipal,bundled,False,28436
2024,UT,20135.0,City of Washington - (UT),Municipal,short form (residential estimated),True,9638
2024,UT,40165.0,"Dixie Escalante R E A, Inc",Cooperative,bundled,False,26906
2024,UT,5862.0,"Empire Electric Assn, Inc",Cooperative,bundled,False,946
2024,UT,6154.0,Fairview City Corporation,Municipal,short form (residential estimated),True,781
2024,UT,6316.0,Fillmore City Corporation,Municipal,short form (residential estimated),True,1085
2024,UT,6957.0,"Garkane Energy Coop, Inc",Cooperative,bundled,False,11653
2024,UT,8366.0,Heber Light & Power Company,Municipal,short form (residential estimated),True,13011
2024,UT,9128.0,Hurricane City Power,Municipal,short form (residential estimated),True,8054
2024,UT,9163.0,Hyrum City Corporation,Municipal,short form (residential estimated),True,3590
2024,UT,9995.0,Kanosh Town Corporation,Municipal,short form (residential estimated),True,245
2024,UT,10063.0,Kaysville City Corporation,Municipal,short form (residential estimated),True,9107
2024,UT,10879.0,Lehi City Corporation,Municipal,bundled,False,27459
2024,UT,10978.0,Levan Town Corporation - (UT),Municipal,short form (residential estimated),True,314
2024,UT,12289.0,Meadow Town Corporation,Municipal,short form (residential estimated),True,141
2024,UT,12866.0,Moon Lake Electric Assn Inc,Cooperative,bundled,False,13275
2024,UT,12928.0,Morgan City - (UT),Municipal,short form (residential estimated),True,1669
2024,UT,13073.0,"Mt Wheeler Power, Inc",Cooperative,bundled,False,211
2024,UT,13314.0,Navajo Tribal Utility Authority,State,bundled,False,1805
2024,UT,13388.0,Nephi City Corporation,Municipal,short form (residential estimated),True,2401
2024,UT,14354.0,PacifiCorp,Investor Owned,bundled,False,947246
2024,UT,14512.0,Parowan City Corporation,Municipal,short form (residential estimated),True,1410
2024,UT,14600.0,Payson City Corporation,Municipal,short form (residential estimated),True,7803
2024,UT,14198.0,Price Municipal Corporation,Municipal,short form (residential estimated),True,4002
2024,UT,15444.0,Provo City Corp,Municipal,bundled,False,35299
2024,UT,22814.0,Raft Rural Elec Coop Inc,Cooperative,bundled,False,381
2024,UT,16557.0,Salem City Corporation - (UT),Municipal,short form (residential estimated),True,2966
2024,UT,17732.0,Spanish Fork City Corporation,Municipal,bundled,False,13988
2024,UT,17844.0,Spring City Corporation,Municipal,short form (residential estimated),True,527
2024,UT,18206.0,Strawberry Electric Serv Dist,Political Subdivision,bundled,False,3593
2024,UT,66058.0,Ticaboo Electric Improvement District,Political Subdivision,short form (residential estimated),True,63
2024,UT,8714.0,Town of Holden - (UT),Municipal,short form (residential estimated),True,211
2024,UT,14022.0,Town of Oak City - (UT),Municipal,short form (residential estimated),True,262
2024,UT,14443.0,Town of Paragonah - (UT),Municipal,short form (residential estimated),True,236
2024,UT,27000.0,WAPA-- Western Area Power Administration,Federal,bundled,False,0
2024,UT,20332.0,Wells Rural Electric Co,Cooperative,bundled,False,510
2024,VA,84.0,A & N Electric Coop,Cooperative,bundled,False,33096
2024,VA,733.0,Appalachian Power Co,Investor Owned,bundled + delivery,False,465283
2024,VA,1062.0,BARC Electric Coop Inc,Cooperative,short form (residential estimated),True,9975
2024,VA,2248.0,Bristol Virginia Utilities,Municipal,bundled,False,13633
2024,VA,3291.0,Central Virginia Electric Coop,Cooperative,bundled,False,34893
2024,VA,4794.0,City of Danville - (VA),Municipal,bundled,False,37781
2024,VA,6715.0,City of Franklin - (VA),Municipal,short form (residential estimated),True,4725
2024,VA,8198.0,City of Harrisonburg - (VA),Municipal,bundled,False,18089
2024,VA,11560.0,City of Manassas - (VA),Municipal,bundled,False,13947
2024,VA,11770.0,City of Martinsville - (VA),Municipal,short form (residential estimated),True,6389
2024,VA,15619.0,City of Radford - (VA),Municipal,short form (residential estimated),True,6246
2024,VA,16558.0,City of Salem - (VA),Municipal,bundled,False,11298
2024,VA,4117.0,Community Electric Coop,Cooperative,short form (residential estimated),True,9114
2024,VA,4471.0,Craig-Botetourt Electric Coop,Cooperative,short form (residential estimated),True,5296
2024,VA,10171.0,Kentucky Utilities Co,Investor Owned,bundled,False,22669
2024,VA,12260.0,Mecklenburg Electric Cooperative,Cooperative,bundled,False,30016
2024,VA,13762.0,"Northern Neck Elec Coop, Inc",Cooperative,bundled,False,17991
2024,VA,13640.0,Northern Virginia Elec Coop,Cooperative,bundled,False,167274
2024,VA,15293.0,Powell Valley Electric Coop,Cooperative,bundled,False,6589
2024,VA,15410.0,Prince George Electric Coop,Cooperative,bundled,False,10954
2024,VA,40228.0,Rappahannock Electric Coop,Cooperative,bundled,False,169489
2024,VA,17066.0,Shenandoah Valley Elec Coop,Cooperative,bundled,False,85281
2024,VA,21244.0,"Southside Electric Coop, Inc",Cooperative,bundled,False,56846
2024,VA,1456.0,Town of Bedford - (VA),Municipal,short form (residential estimated),True,5730
2024,VA,1795.0,Town of Blackstone - (VA),Municipal,short form (residential estimated),True,1680
2024,VA,4619.0,Town of Culpeper- (VA),Municipal,short form (residential estimated),True,4835
2024,VA,5794.0,Town of Elkton,Municipal,short form (residential estimated),True,932
2024,VA,6803.0,Town of Front Royal,Municipal,short form (residential estimated),True,6471
2024,VA,15982.0,Town of Richlands - (VA),Municipal,short form (residential estimated),True,2465
2024,VA,19978.0,Town of Wakefield - (VA),Municipal,short form (residential estimated),True,448
2024,VA,19876.0,Virginia Electric & Power Co,Investor Owned,bundled + delivery,False,2383548
2024,VA,19882.0,Virginia Tech Electric Service,State,bundled,False,5660
2024,VT,1299.0,"Barton Village, Inc",Municipal,short form (residential estimated),True,1831
2024,VT,2548.0,City of Burlington Electric - (VT),Municipal,bundled,False,17861
2024,VT,7601.0,Green Mountain Power Corp,Investor Owned,bundled,False,226675
2024,VT,11359.0,The Town of Lyndon Electric Department,Municipal,short form (residential estimated),True,5160
2024,VT,8104.0,Town of Hardwick,Municipal,short form (residential estimated),True,4020
2024,VT,27316.0,Town of Stowe- (VT),Municipal,short form (residential estimated),True,3850
2024,VT,19791.0,"Vermont Electric Cooperative, Inc",Cooperative,bundled,False,35964
2024,VT,5915.0,Village of Enosburg Falls - (VT),Municipal,short form (residential estimated),True,1511
2024,VT,9144.0,Village of Hyde Park - (VT),Municipal,short form (residential estimated),True,1178
2024,VT,9610.0,Village of Jacksonville - (VT),Municipal,short form (residential estimated),True,609
2024,VT,9806.0,Village of Johnson - (VT),Municipal,short form (residential estimated),True,820
2024,VT,11305.0,Village of Ludlow - (VT),Municipal,short form (residential estimated),True,3193
2024,VT,12989.0,Village of Morrisville - (VT),Municipal,short form (residential estimated),True,3855
2024,VT,13789.0,Village of Northfield - (VT),Municipal,short form (residential estimated),True,1565
2024,VT,14261.0,Village of Orleans - (VT),Municipal,short form (residential estimated),True,563
2024,VT,18371.0,Village of Swanton - (VT),Municipal,short form (residential estimated),True,3155
2024,VT,20151.0,Washington Electric Coop - (VT),Cooperative,short form (residential estimated),True,9242
2024,WA,20169.0,Avista Corp,Investor Owned,bundled,False,246055
2024,WA,1625.0,Benton Rural Electric Assn,Cooperative,bundled,False,13422
2024,WA,1723.0,"Big Bend Electric Coop, Inc",Cooperative,bundled,False,5841
2024,WA,1738.0,Bonneville Power Administration,Federal,bundled,False,0
2024,WA,1818.0,City of Blaine - (WA),Municipal,short form (residential estimated),True,3207
2024,WA,3295.0,City of Centralia - (WA),Municipal,bundled,False,9068
2024,WA,3420.0,City of Cheney - (WA),Municipal,short form (residential estimated),True,5133
2024,WA,3459.0,City of Chewelah,Municipal,short form (residential estimated),True,1130
2024,WA,4414.0,City of Coulee Dam - (WA),Municipal,short form (residential estimated),True,497
2024,WA,6149.0,City of Ellensburg - (WA),Municipal,bundled,False,8799
2024,WA,11965.0,City of McCleary - (WA),Municipal,short form (residential estimated),True,990
2024,WA,12616.0,City of Milton - (WA),Municipal,short form (residential estimated),True,2988
2024,WA,15231.0,City of Port Angeles - (WA),Municipal,bundled,False,9321
2024,WA,15979.0,City of Richland - (WA),Municipal,bundled,False,25687
2024,WA,16868.0,City of Seattle - (WA),Municipal,bundled,False,459964
2024,WA,18282.0,City of Sumas - (WA),Municipal,short form (residential estimated),True,819
2024,WA,18429.0,City of Tacoma - (WA),Municipal,bundled,False,180357
2024,WA,3739.0,Clearwater Power Company,Cooperative,short form (residential estimated),True,805
2024,WA,4041.0,"Columbia Rural Elec Assn, Inc",Cooperative,bundled,False,4339
2024,WA,5832.0,Elmhurst Mutual Power & Light Co,Cooperative,bundled,False,15410
2024,WA,8699.0,Inland Power & Light Company,Cooperative,bundled,False,41684
2024,WA,10454.0,Kootenai Electric Cooperative,Cooperative,bundled,False,92
2024,WA,10627.0,Lakeview Light & Power,Cooperative,bundled,False,8238
2024,WA,12744.0,Modern Electric Water Company,Cooperative,bundled,False,9181
2024,WA,13387.0,"Nespelem Valley Elec Coop, Inc",Cooperative,short form (residential estimated),True,1178
2024,WA,13758.0,"Northern Lights, Inc",Cooperative,bundled,False,14
2024,WA,14012.0,"Ohop Mutual Light Company, Inc",Cooperative,short form (residential estimated),True,3843
2024,WA,14074.0,"Okanogan County Elec Coop, Inc",Cooperative,short form (residential estimated),True,3175
2024,WA,14170.0,Orcas Power & Light Coop,Cooperative,bundled,False,13948
2024,WA,14771.0,PUD No 1 of Asotin County,Municipal,short form (residential estimated),True,2
2024,WA,1579.0,PUD No 1 of Benton County,Political Subdivision,bundled,False,50072
2024,WA,3413.0,PUD No 1 of Chelan County,Political Subdivision,bundled,False,42120
2024,WA,3644.0,PUD No 1 of Clallam County,Political Subdivision,bundled,False,30585
2024,WA,3660.0,PUD No 1 of Clark County - (WA),Political Subdivision,bundled,False,219477
2024,WA,4442.0,PUD No 1 of Cowlitz County,Political Subdivision,bundled,False,48267
2024,WA,5326.0,PUD No 1 of Douglas County,Political Subdivision,bundled,False,16667
2024,WA,6297.0,PUD No 1 of Ferry County,Political Subdivision,short form (residential estimated),True,2520
2024,WA,6716.0,PUD No 1 of Franklin County,Political Subdivision,bundled,False,27388
2024,WA,7548.0,PUD No 1 of Grays Harbor County,Political Subdivision,bundled,False,39881
2024,WA,59013.0,PUD No 1 of Jefferson County,Political Subdivision,bundled,False,18661
2024,WA,10326.0,PUD No 1 of Kittitas County,Political Subdivision,short form (residential estimated),True,2540
2024,WA,10393.0,PUD No 1 of Klickitat County,Political Subdivision,bundled,False,11917
2024,WA,10944.0,PUD No 1 of Lewis County,Political Subdivision,bundled,False,29417
2024,WA,22355.0,PUD No 1 of Mason County,Political Subdivision,short form (residential estimated),True,3757
2024,WA,14055.0,PUD No 1 of Okanogan County,Political Subdivision,bundled,False,18133
2024,WA,14653.0,PUD No 1 of Pend Oreille County,Political Subdivision,bundled,False,9120
2024,WA,17279.0,PUD No 1 of Skamania Co,Political Subdivision,short form (residential estimated),True,4355
2024,WA,17470.0,PUD No 1 of Snohomish County,Political Subdivision,bundled,False,346532
2024,WA,15327.0,PUD No 1 of Wahkiakum County,Political Subdivision,short form (residential estimated),True,1854
2024,WA,40456.0,PUD No 1 of Whatcom County,Political Subdivision,bundled,False,0
2024,WA,14624.0,PUD No 2 of Grant County,Political Subdivision,bundled,False,42485
2024,WA,14324.0,PUD No 2 of Pacific County,Political Subdivision,bundled,False,16513
2024,WA,15419.0,PUD No 3 of Mason County,Political Subdivision,bundled,False,33975
2024,WA,14354.0,PacifiCorp,Investor Owned,bundled,False,114453
2024,WA,14505.0,Parkland Light & Water Company,Cooperative,short form (residential estimated),True,3503
2024,WA,14668.0,Peninsula Light Company,Cooperative,bundled,False,35478
2024,WA,15500.0,Puget Sound Energy Inc,Investor Owned,bundled + delivery,False,1091599
2024,WA,18448.0,Tanner Electric Coop,Cooperative,short form (residential estimated),True,4140
2024,WA,5631.0,Town of Eatonville - (WA),Municipal,short form (residential estimated),True,1064
2024,WA,16462.0,Town of Ruston - (WA),Municipal,short form (residential estimated),True,500
2024,WA,18051.0,Town of Steilacoom,Municipal,short form (residential estimated),True,3168
2024,WA,19784.0,Vera Irrigation District #15,Political Subdivision,bundled,False,12171
2024,WA,56621.0,Yakama Power,Cooperative,short form (residential estimated),True,1743
2024,WI,108.0,Adams-Columbia Electric Coop,Cooperative,bundled,False,35910
2024,WI,307.0,Algoma Utility Comm,Municipal,bundled,False,1654
2024,WI,1251.0,Barron Electric Coop,Cooperative,bundled,False,19266
2024,WI,1367.0,"Bayfield Electric Coop, Inc",Cooperative,short form (residential estimated),True,7229
2024,WI,1866.0,Bloomer Electric & Water Co,Municipal,short form (residential estimated),True,1872
2024,WI,2273.0,Brodhead Water & Lighting Comm,Municipal,bundled,False,1545
2024,WI,3208.0,Cedarburg Light & Water Comm,Municipal,bundled,False,6063
2024,WI,3293.0,Central Wisconsin Elec Coop,Cooperative,short form (residential estimated),True,6323
2024,WI,3498.0,Chippewa Valley Electric Coop,Cooperative,short form (residential estimated),True,6045
2024,WI,765.0,City of Arcadia - (WI),Municipal,short form (residential estimated),True,1472
2024,WI,792.0,City of Argyle - (WI),Municipal,short form (residential estimated),True,441
2024,WI,1278.0,City of Barron - (WI),Municipal,short form (residential estimated),True,1594
2024,WI,1776.0,City of Black River Falls,Municipal,bundled,False,2321
2024,WI,1997.0,City of Boscobel - (WI),Municipal,bundled,False,1448
2024,WI,3814.0,City of Clintonville - (WI),Municipal,short form (residential estimated),True,2444
2024,WI,4073.0,City of Columbus - (WI),Municipal,bundled,False,2459
2024,WI,4369.0,City of Cornell,Municipal,short form (residential estimated),True,744
2024,WI,4607.0,City of Cuba City,Municipal,bundled,False,985
2024,WI,4627.0,City of Cumberland - (WI),Municipal,short form (residential estimated),True,1244
2024,WI,5551.0,City of Eagle River - (WI),Municipal,bundled,False,1055
2024,WI,5777.0,City of Elkhorn - (WI),Municipal,short form (residential estimated),True,4323
2024,WI,5834.0,City of Elroy - (WI),Municipal,short form (residential estimated),True,710
2024,WI,6043.0,City of Evansville,Municipal,bundled,False,3806
2024,WI,6274.0,City of Fennimore - (WI),Municipal,short form (residential estimated),True,1220
2024,WI,10056.0,City of Kaukauna,Municipal,bundled,False,14543
2024,WI,10243.0,City of Kiel - (WI),Municipal,short form (residential estimated),True,2426
2024,WI,11125.0,City of Lodi - (WI),Municipal,bundled,False,1490
2024,WI,11740.0,City of Marshfield - (WI),Municipal,bundled,False,11928
2024,WI,12265.0,City of Medford - (WI),Municipal,short form (residential estimated),True,3397
2024,WI,12298.0,City of Menasha - (WI),Municipal,bundled,False,8607
2024,WI,13448.0,City of New Holstein - (WI),Municipal,bundled,False,2255
2024,WI,13466.0,City of New Lisbon,Municipal,short form (residential estimated),True,925
2024,WI,13481.0,City of New Richmond,Municipal,bundled,False,4957
2024,WI,15159.0,City of Plymouth - (WI),Municipal,bundled,False,7358
2024,WI,15385.0,City of Princeton - (WI),Municipal,short form (residential estimated),True,731
2024,WI,15978.0,City of Richland Center - (WI),Municipal,bundled,False,2434
2024,WI,16082.0,City of River Falls,Municipal,bundled,False,6709
2024,WI,17028.0,City of Sheboygan Falls - (WI),Municipal,short form (residential estimated),True,4389
2024,WI,17130.0,City of Shullsburg - (WI),Municipal,short form (residential estimated),True,653
2024,WI,17811.0,City of Spooner - (WI),Municipal,short form (residential estimated),True,1601
2024,WI,18181.0,City of Stoughton - (WI),Municipal,bundled,False,8391
2024,WI,18249.0,City of Sturgeon Bay - (WI),Municipal,bundled,False,7786
2024,WI,20434.0,City of Westby,Municipal,bundled,False,1054
2024,WI,3701.0,Clark Electric Coop - (WI),Cooperative,short form (residential estimated),True,7385
2024,WI,4247.0,Consolidated Water Power Co,Investor Owned,bundled,False,70
2024,WI,4715.0,Dahlberg Light & Power Co,Investor Owned,bundled,False,10939
2024,WI,5417.0,Dunn County Electric Coop,Cooperative,bundled,False,9482
2024,WI,5574.0,East Central Energy,Cooperative,bundled,False,5182
2024,WI,5632.0,Eau Claire Electric Coop,Cooperative,short form (residential estimated),True,9659
2024,WI,6424.0,Florence Utility Comm,Municipal,bundled,False,1428
2024,WI,8212.0,Hartford Electric,Municipal,bundled,False,6998
2024,WI,9124.0,Hustisford Utilities,Municipal,bundled,False,1315
2024,WI,8574.0,"Jackson Electric Coop, Inc - (WI)",Cooperative,short form (residential estimated),True,6171
2024,WI,9690.0,Jefferson Utilities,Municipal,bundled,False,3718
2024,WI,9922.0,Jump River Electric Coop Inc,Cooperative,short form (residential estimated),True,7681
2024,WI,9936.0,Juneau Utility Comm,Municipal,bundled,False,970
2024,WI,10525.0,La Farge Municipal Electric Co,Municipal,short form (residential estimated),True,451
2024,WI,10605.0,Lake Mills Light & Water,Municipal,bundled,False,4124
2024,WI,11479.0,Madison Gas & Electric Co,Investor Owned,bundled,False,147501
2024,WI,11571.0,Manitowoc Public Utilities,Municipal,bundled,False,16152
2024,WI,13467.0,New London Electric&Water Util,Municipal,bundled,False,3501
2024,WI,13697.0,North Central Power Co Inc,Investor Owned,bundled,False,4991
2024,WI,13780.0,Northern States Power Co,Investor Owned,bundled,False,220574
2024,WI,13815.0,Northwestern Wisconsin Elec Co,Investor Owned,bundled,False,12990
2024,WI,13936.0,Oakdale Electric Coop,Cooperative,bundled,False,17027
2024,WI,13963.0,Oconomowoc Utilities,Municipal,bundled,False,9972
2024,WI,13964.0,Oconto Electric Cooperative,Cooperative,short form (residential estimated),True,7866
2024,WI,13965.0,Oconto Falls Water & Light Comm,Municipal,bundled,False,1364
2024,WI,15034.0,Pierce-Pepin Coop Services,Cooperative,short form (residential estimated),True,6072
2024,WI,15086.0,Pioneer Power and Light Co,Investor Owned,bundled,False,2021
2024,WI,15344.0,Polk-Burnett Electric Coop,Cooperative,bundled,False,20379
2024,WI,15356.0,Price Electric Coop Inc,Cooperative,short form (residential estimated),True,7304
2024,WI,15804.0,Reedsburg Utility Comm,Municipal,bundled,False,4833
2024,WI,15938.0,Rice Lake Utilities,Municipal,short form (residential estimated),True,5207
2024,WI,15983.0,Richland Electric Coop,Cooperative,short form (residential estimated),True,2968
2024,WI,16060.0,Riverland Energy Cooperative,Cooperative,bundled,False,18970
2024,WI,16196.0,Rock Energy Cooperative,Cooperative,bundled,False,7310
2024,WI,16740.0,Scenic Rivers Energy Coop,Cooperative,bundled,False,13597
2024,WI,17011.0,Shawano Municipal Utilities,Municipal,bundled,False,4932
2024,WI,17324.0,Slinger Utilities,Municipal,bundled,False,2586
2024,WI,17868.0,St Croix Electric Coop,Cooperative,short form (residential estimated),True,9160
2024,WI,18312.0,Sun Prairie Utilities,Municipal,bundled,False,16647
2024,WI,18336.0,Superior Water and Light Co,Investor Owned,bundled,False,13072
2024,WI,18383.0,Taylor Electric Coop - (WI),Cooperative,short form (residential estimated),True,3465
2024,WI,19324.0,Two Rivers Water & Light,Municipal,bundled,False,5573
2024,WI,19813.0,Vernon Electric Coop,Cooperative,short form (residential estimated),True,8809
2024,WI,1181.0,Village of Bangor - (WI),Municipal,short form (residential estimated),True,1712
2024,WI,1522.0,Village of Belmont - (WI),Municipal,short form (residential estimated),True,502
2024,WI,1585.0,Village of Benton - (WI),Municipal,short form (residential estimated),True,397
2024,WI,1765.0,Village of Black Earth - (WI),Municipal,short form (residential estimated),True,1179
2024,WI,2759.0,Village of Cadott - (WI),Municipal,short form (residential estimated),True,722
2024,WI,3156.0,Village of Cashton - (WI),Municipal,short form (residential estimated),True,555
2024,WI,7665.0,Village of Gresham - (WI),Municipal,short form (residential estimated),True,1064
2024,WI,8336.0,Village of Hazel Green - (WI),Municipal,short form (residential estimated),True,552
2024,WI,11895.0,Village of Mazomanie - (WI),Municipal,short form (residential estimated),True,845
2024,WI,12336.0,Village of Merrillan - (WI),Municipal,short form (residential estimated),True,357
2024,WI,13036.0,Village of Mt. Horeb - (WI),Municipal,bundled,False,3734
2024,WI,13145.0,Village of Muscoda - (WI),Municipal,bundled,False,938
2024,WI,13438.0,Village of New Glarus - (WI),Municipal,bundled,False,1091
2024,WI,14451.0,Village of Pardeeville - (WI),Municipal,short form (residential estimated),True,1198
2024,WI,15312.0,Village of Prairie Du Sac - (WI),Municipal,bundled,False,1921
2024,WI,16680.0,Village of Sauk City - (WI),Municipal,short form (residential estimated),True,1675
2024,WI,18200.0,Village of Stratford - (WI),Municipal,short form (residential estimated),True,760
2024,WI,19114.0,Village of Trempealeau - (WI),Municipal,short form (residential estimated),True,1271
2024,WI,19867.0,Village of Viola - (WI),Municipal,short form (residential estimated),True,401
2024,WI,20211.0,Village of Waunakee - (WI),Municipal,bundled,False,6677
2024,WI,20153.0,"Washington Island El Coop, Inc",Cooperative,short form (residential estimated),True,847
2024,WI,20182.0,Waterloo Light & Water Comm,Municipal,bundled,False,1626
2024,WI,20213.0,Waupun Utilities,Municipal,bundled,False,3950
2024,WI,40036.0,Westfield Electric Company,Investor Owned,bundled,False,622
2024,WI,20583.0,Whitehall Electric Utility,Municipal,bundled,False,778
2024,WI,20844.0,Wisconsin Dells Electric Util,Municipal,short form (residential estimated),True,1994
2024,WI,20847.0,Wisconsin Electric Power Co,Investor Owned,bundled,False,1048148
2024,WI,20856.0,Wisconsin Power & Light Co,Investor Owned,bundled,False,437211
2024,WI,20860.0,Wisconsin Public Service Corp,Investor Owned,bundled,False,411775
2024,WI,20862.0,Wisconsin Rapids W W & L Comm,Municipal,bundled,False,12395
2024,WI,20924.0,Wonewoc Electric & Water Util,Municipal,short form (residential estimated),True,399
2024,WV,733.0,Appalachian Power Co,Investor Owned,bundled,False,348946
2024,WV,1764.0,Black Diamond Power Co,Investor Owned,bundled,False,3479
2024,WV,13471.0,City of New Martinsville - (WV),Municipal,short form (residential estimated),True,1435
2024,WV,4471.0,Craig-Botetourt Electric Coop,Cooperative,short form (residential estimated),True,375
2024,WV,8192.0,"Harrison Rural Elec Assn, Inc",Cooperative,short form (residential estimated),True,5363
2024,WV,12796.0,Monongahela Power Co,Investor Owned,bundled,False,334588
2024,WV,14954.0,Philippi Municipal Electric,Municipal,short form (residential estimated),True,2026
2024,WV,15263.0,The Potomac Edison Company,Investor Owned,bundled,False,135266
2024,WV,20521.0,Wheeling Power Co,Investor Owned,bundled,False,34392
2024,WY,1417.0,"Beartooth Electric Coop, Inc",Cooperative,short form (residential estimated),True,424
2024,WY,1683.0,"Big Horn County Elec Coop, Inc",Cooperative,short form (residential estimated),True,230
2024,WY,1675.0,Big Horn Rural Electric Co,Cooperative,short form (residential estimated),True,3106
2024,WY,19545.0,"Black Hills Power, Inc.",Investor Owned,bundled,False,2018
2024,WY,2215.0,"Bridger Valley Elec Assn, Inc",Cooperative,short form (residential estimated),True,3663
2024,WY,2998.0,"Carbon Power & Light, Inc",Cooperative,short form (residential estimated),True,5121
2024,WY,3461.0,Cheyenne Light Fuel & Power,Investor Owned,bundled,False,39954
2024,WY,3881.0,City of Cody,Municipal,short form (residential estimated),True,6442
2024,WY,4981.0,City of Deaver - (WY),Municipal,short form (residential estimated),True,70
2024,WY,7222.0,City of Gillette - (WY),Municipal,bundled,False,13990
2024,WY,15051.0,City of Pine Bluffs - (WY),Municipal,short form (residential estimated),True,605
2024,WY,15294.0,City of Powell - (WY),Municipal,short form (residential estimated),True,2834
2024,WY,19032.0,City of Torrington - (WY),Municipal,short form (residential estimated),True,3266
2024,WY,6169.0,Fall River Rural Elec Coop Inc,Cooperative,bundled,False,341
2024,WY,6950.0,Garland Light & Power Company,Cooperative,short form (residential estimated),True,1767
2024,WY,8566.0,High Plains Power Inc,Cooperative,bundled,False,12767
2024,WY,27058.0,"High West Energy, Inc",Cooperative,bundled,False,5579
2024,WY,11273.0,Lower Valley Energy Inc,Cooperative,bundled,False,22827
2024,WY,31516.0,Midvale Irrigation District,Political Subdivision,short form (residential estimated),True,3
2024,WY,12199.0,Montana-Dakota Utilities Co,Investor Owned,bundled,False,14706
2024,WY,13685.0,"Niobrara Electric Assn, Inc",Cooperative,short form (residential estimated),True,1663
2024,WY,12825.0,NorthWestern Energy LLC - (MT),Investor Owned,bundled,False,294
2024,WY,14354.0,PacifiCorp,Investor Owned,bundled,False,118130
2024,WY,19156.0,Powder River Energy Corp,Cooperative,bundled,False,15406
2024,WY,17593.0,"Southeast Electric Coop, Inc",Cooperative,short form (residential estimated),True,11
2024,WY,1779.0,Town of Basin - (WY),Municipal,short form (residential estimated),True,653
2024,WY,6509.0,Town of Fort Laramie- (WY),Municipal,short form (residential estimated),True,130
2024,WY,7759.0,Town of Guernsey - (WY),Municipal,short form (residential estimated),True,595
2024,WY,11099.0,Town of Lingle - (WY),Municipal,short form (residential estimated),True,246
2024,WY,11330.0,Town of Lusk - (WY),Municipal,short form (residential estimated),True,900
2024,WY,20512.0,Town of Wheatland - (WY),Municipal,short form (residential estimated),True,1945
2024,WY,27000.0,WAPA-- Western Area Power Administration,Federal,bundled,False,0
2024,WY,20506.0,"Wheatland Rural Elec Assn, Inc",Cooperative,short form (residential estimated),True,3155
2024,WY,21664.0,Willwood Light & Power Company,Cooperative,short form (residential estimated),True,57
2024,WY,21079.0,Wyrulec Company,Cooperative,short form (residential estimated),True,3973
2024,WY,21081.0,Yampa Valley Electric Assn Inc,Cooperative,bundled,False,569
