State,Utility,Ownership,Population,Tesla,Enphase,ConnectDER,Any device approved
Alabama,Alabama Power Co,Investor Owned,2759973,,,,
Alabama,Albertville Municipal Utilities Board,Municipal,18765,,,,
Alabama,Arab Electric Coop Inc,Cooperative,30718,,,,
Alabama,Baldwin County El Member Corp,Cooperative,171827,,,,
Alabama,Black Warrior Elec Member Corp,Cooperative,40755,,,,
Alabama,Central Alabama Electric Coop,Cooperative,91898,,,,
Alabama,Cherokee Electric Coop - (AL),Cooperative,40783,,,,
Alabama,City of Alexander City,Municipal,8700,,,,
Alabama,City of Andalusia,Municipal,7597,,,,
Alabama,City of Athens - (AL),Municipal,112288,,,,
Alabama,City of Bessemer Utilities,Municipal,18743,,,,
Alabama,City of Brundidge - (AL),Municipal,1967,,,,
Alabama,City of Courtland,Municipal,1114,,,,
Alabama,City of Dothan - (AL),Municipal,55120,,,,
Alabama,City of Elba - (AL),Municipal,5068,,,,
Alabama,City of Evergreen - (AL),Municipal,2981,,,,
Alabama,City of Fairhope - (AL),Municipal,11346,,,,
Alabama,City of Florence - (AL),Municipal,81937,,,,
Alabama,City of Hartford - (AL),Municipal,2316,,,,
Alabama,City of Hartselle,Municipal,9632,,,,
Alabama,City of Huntsville - (AL),Municipal,393255,,,,
Alabama,City of Lafayette - (AL),Municipal,2180,,,,
Alabama,City of Lanett - (AL),Municipal,5497,,,,
Alabama,City of Luverne - (AL),Municipal,2958,,,,
Alabama,City of Muscle Shoals,Municipal,14142,,,,
Alabama,City of Opelika - (AL),Municipal,28271,,,,
Alabama,City of Opp - (AL),Municipal,5296,,,,
Alabama,City of Piedmont - (AL),Municipal,3429,,,,
Alabama,City of Robertsdale,Municipal,5676,,,,
Alabama,City of Russellville - (AL),Municipal,8588,,,,
Alabama,City of Scottsboro - (AL),Municipal,14222,,,,
Alabama,City of Tarrant,Municipal,4135,,,,
Alabama,City of Troy - (AL),Municipal,15912,,,,
Alabama,City of Tuscumbia,Municipal,7982,,,,
Alabama,City of Tuskegee,Municipal,9717,,,,
Alabama,Clarke-Washington E M C,Cooperative,40397,,,,
Alabama,Coosa Valley Electric Coop Inc,Cooperative,33005,,,,
Alabama,"Covington Electric Coop, Inc",Cooperative,49343,,,,
Alabama,"Cullman Electric Coop, Inc",Cooperative,82809,,,,
Alabama,Cullman Power Board,Municipal,14878,,,,
Alabama,Decatur Utilities,Municipal,47483,,,,
Alabama,Diverse Power Incorporated,Cooperative,1225,,,,
Alabama,Dixie Electric Coop - (AL),Cooperative,44399,,,,
Alabama,Foley Board of Utilities,Municipal,105096,,,,
Alabama,Fort Payne Improvement Authority,Municipal,15733,,,,
Alabama,Franklin Electric Coop - (AL),Cooperative,12275,,,,
Alabama,Guntersville Electric Board,Municipal,10998,,,,
Alabama,Joe Wheeler Elec Member Corp,Cooperative,76458,,,,
Alabama,Marshall-De Kalb Electric Coop,Cooperative,38421,,,,
Alabama,North Alabama Electric Coop,Cooperative,28325,,,,
Alabama,Pea River Electric Coop,Cooperative,31041,,,,
Alabama,"Pioneer Electric Coop, Inc - (AL)",Cooperative,20296,,,,
Alabama,Sand Mountain Electric Coop,Cooperative,59965,,,,
Alabama,Sheffield Utilities,Municipal,30963,,,,
Alabama,Singing River Elec Cooperative,Cooperative,701,,,,
Alabama,"South Alabama Elec Coop, Inc",Cooperative,33977,,,,
Alabama,"Southern Pine Elec Coop, Inc",Cooperative,43133,,,,
Alabama,Sylacauga Utilities Board,Municipal,9136,,,,
Alabama,Tallapoosa River Elec Coop Inc,Cooperative,60581,,,,
Alabama,Tennessee Valley Authority,Federal,0,,,,
Alabama,"Tombigbee Electric Coop, Inc",Cooperative,16025,,,,
Alabama,"Wiregrass Electric Coop, Inc",Cooperative,46709,,,,
Alaska,Akiachak Native Community Electric,Cooperative,641,,,,
Alaska,Alaska Electric Light & Power Co.,Investor Owned,33165,,,,
Alaska,Alaska Power and Telephone Co,Investor Owned,11032,,,,
Alaska,"Alaska Village Elec Coop, Inc",Cooperative,22364,,,,
Alaska,Aniak Light & Power Co Inc,Investor Owned,501,,,,
Alaska,Atmautluak Tribal Utilities,Municipal,285,,,,
Alaska,"Barrow Utils & Elec Coop, Inc",Cooperative,4745,,,,
Alaska,Birch Creek Village Elec Util - (AK),Municipal,0,,,,
Alaska,Chitina Electric Inc,Investor Owned,157,,,,
Alaska,Chugach Electric Assn Inc,Cooperative,226565,,,,
Alaska,City & Borough of Sitka - (AK),Municipal,9781,,,,
Alaska,City of Akutan - (AK),Municipal,0,,,,
Alaska,City of Atka - (AK),Municipal,0,,,,
Alaska,City of Chefornak,Municipal,402,,,,
Alaska,City of Chignik - (AK),Municipal,219,,,,
Alaska,City of Egegik - (AK),Municipal,256,,,,
Alaska,City of Elfin Cove - (AK),Municipal,164,,,,
Alaska,City of King Cove,Municipal,350,,,,
Alaska,City of Larsen Bay - (AK),Municipal,139,,,,
Alaska,City of Ouzinkie - (AK),Municipal,225,,,,
Alaska,City of Saint Paul - (AK),Municipal,546,,,,
Alaska,City of Seward - (AK),Municipal,5107,,,,
Alaska,City of Tenakee Springs - (AK),Municipal,340,,,,
Alaska,City of Unalaska - (AK),Municipal,1823,,,,
Alaska,City of White Mountain - (AK),Municipal,267,,,,
Alaska,City of Wrangell - (AK),Municipal,4084,,,,
Alaska,"Copper Valley Elec Assn, Inc",Cooperative,7273,,,,
Alaska,"Cordova Electric Coop, Inc",Cooperative,2977,,,,
Alaska,"G & K, Inc",Investor Owned,229,,,,
Alaska,Galena Electric Utility,Municipal,617,,,,
Alaska,Gold Country Energy,Investor Owned,210,,,,
Alaska,Golden Valley Elec Assn Inc,Cooperative,92341,,,,
Alaska,Gwitchyaa Zhee Utility Co,Investor Owned,578,,,,
Alaska,Homer Electric Assn Inc,Cooperative,65121,,,,
Alaska,Hughes Power & Light Co,Investor Owned,94,,,,
Alaska,"I-N-N Electric Coop, Inc",Cooperative,505,,,,
Alaska,Igiugig Electric Company,Political Subdivision,96,,,,
Alaska,"Inside Passage Elec Coop, Inc",Cooperative,2198,,,,
Alaska,Ipnatchiaq Electric Company,Municipal,209,,,,
Alaska,Ketchikan Public Utilities,Municipal,14046,,,,
Alaska,Kodiak Electric Assn Inc,Cooperative,11406,,,,
Alaska,Kokhanok Village Council,Political Subdivision,128,,,,
Alaska,Kotzebue Electric Assn Inc,Cooperative,4275,,,,
Alaska,Kuiggluum Kallugvia,Investor Owned,671,,,,
Alaska,Kwig Power Company,Political Subdivision,292,,,,
Alaska,Manokotak Power Company,Municipal,0,,,,
Alaska,Matanuska Electric Assn Inc,Cooperative,154732,,,,
Alaska,McGrath Light & Power Co,Investor Owned,419,,,,
Alaska,Metlakatla Power & Light,Municipal,1994,,,,
Alaska,Middle Kuskokwim Elec Coop Inc,Cooperative,461,,,,
Alaska,"Naknek Electric Assn, Inc",Cooperative,1762,,,,
Alaska,Napakiak Ircinraq Power Co,Investor Owned,362,,,,
Alaska,Native Village of Perryville - (AK),Municipal,0,,,,
Alaska,Nelson Lagoon Elec Coop Inc,Cooperative,94,,,,
Alaska,Nome Joint Utility Systems,Municipal,5683,,,,
Alaska,North Slope Borough Power & Light,Municipal,3138,,,,
Alaska,"Nushagak Electric Coop, Inc",Cooperative,3217,,,,
Alaska,Pedro Bay Village Council - (AK),Municipal,82,,,,
Alaska,Pelican Utility,Municipal,198,,,,
Alaska,Petersburg Borough - (AK),Municipal,4551,,,,
Alaska,Tanana Power Co Inc,Investor Owned,248,,,,
Alaska,Tatitlek Electric Utility,Municipal,126,,,,
Alaska,TDX Manley Generating LLC,Investor Owned,178,,,,
Alaska,TDX North Slope Generating Co,Investor Owned,0,,,,
Alaska,Tuntutuliak Comm Services Assn,Cooperative,368,,,,
Alaska,Unalakleet Valley Elec Coop,Cooperative,896,,,,
Arizona,Aguila Irrigation District,Political Subdivision,88,,,,
Arizona,Aha Macav Power Service,Political Subdivision,830,,,,
Arizona,Ajo Improvement Co,Investor Owned,1767,,,,
Arizona,Ak-Chin Electric Utility Authority,State,815,,,,
Arizona,Arizona Public Service Co,Investor Owned,2902453,Approved,Approved,Approved,Yes
Arizona,Buckeye Water C&D District,Political Subdivision,192,,,,
Arizona,City of Fredonia - (AZ),Municipal,1496,,,,
Arizona,City of Mesa - (AZ),Municipal,36317,,,,
Arizona,City of Safford - (AZ),Municipal,13284,,,,
Arizona,City of Williams - AZ,Municipal,4144,,,,
Arizona,Colorado River Indian Irr Proj,Federal,0,,,,
Arizona,"Columbus Electric Coop, Inc",Cooperative,854,,,,
Arizona,"Dixie Escalante R E A, Inc",Cooperative,5409,,,,
Arizona,"Duncan Valley Elec Coop, Inc",Cooperative,4454,,,,
Arizona,Electrical Dist No2 Pinal County,Political Subdivision,13334,,,,
Arizona,Electrical Dist No3 Pinal County,Political Subdivision,81794,,,,
Arizona,Electrical Dist No4 Pinal County,Political Subdivision,5545,,,,
Arizona,Electrical Dist No6 Pinal County,Political Subdivision,212,,,,
Arizona,Electrical Dist No7 Maricopa,Political Subdivision,129,,,,
Arizona,Electrical Dist No8 Maricopa,Political Subdivision,0,,,,
Arizona,"Garkane Energy Coop, Inc",Cooperative,2833,,,,
Arizona,Gila River Indian Utility Authority (GRICUA),Cooperative,6396,,,,
Arizona,Graham County Electric Coop Inc,Cooperative,16911,,,,
Arizona,Harquahala Valley Pwr District,Political Subdivision,173,,,,
Arizona,Hohokam Irr & Drain Dist,Political Subdivision,3508,Approved,Approved,,Yes
Arizona,Maricopa County M W C Dist #1,Political Subdivision,161,,,,
Arizona,McMullen Valley Water C&D Dist,Political Subdivision,228,,,,
Arizona,"Mohave Electric Cooperative, Inc.",Cooperative,82237,,,,
Arizona,Morenci Water and Electric,Investor Owned,5308,,,,
Arizona,Navajo Tribal Utility Authority,State,63859,,,,
Arizona,"Navopache Electric Coop, Inc",Cooperative,95912,,,,
Arizona,Ocotillo Water Conserv. Dist.,Political Subdivision,265,,,,
Arizona,Page Utility Enterprises,Municipal,8235,,,,
Arizona,Roosevelt Irrigation District,Political Subdivision,379,,,,
Arizona,Salt River Project,Political Subdivision,2507655,Approved,Approved,Approved,Yes
Arizona,Sulphur Springs Valley E C Inc,Cooperative,100206,Approved,Approved,Approved,Yes
Arizona,Tohono O'Odham Utility Authority,Political Subdivision,6239,,,,
Arizona,Tonopah Irrigation District,Political Subdivision,88,,,,
Arizona,Town of Thatcher- (AZ),Municipal,6553,,,,
Arizona,Town of Wickenburg,Municipal,2933,,,,
Arizona,Trico Electric Cooperative Inc,Cooperative,119101,,Approved,,Yes
Arizona,Tucson Electric Power Co,Investor Owned,887870,Approved,Approved,Approved,Yes
Arizona,"UNS Electric, Inc",Investor Owned,193882,,Pilot,,
Arizona,USBIA-San Carlos Project,Federal,26744,,,,
Arizona,WAPA-- Western Area Power Administration,Federal,0,,,,
Arizona,Wellton-Mohawk Irr & Drain Dist,Political Subdivision,6623,,,,
Arkansas,Arkansas Valley Elec Coop Corp,Cooperative,111008,,,,
Arkansas,"Ashley Chicot Elec Coop, Inc",Cooperative,7460,,,,
Arkansas,C & L Electric Coop Corp,Cooperative,39917,,,,
Arkansas,Carroll Electric Coop Corp - (AR),Cooperative,213993,,,,
Arkansas,City of Augusta - (AR),Municipal,1328,,,,
Arkansas,City of Benton - (AR),Municipal,26581,,,,
Arkansas,City of Bentonville - (AR),Municipal,54986,,,,
Arkansas,City of Hope - (AR),Municipal,12093,,,,
Arkansas,City of North Little Rock - (AR),Municipal,64803,,,,
Arkansas,City of Osceola - (AR),Municipal,5917,,,,
Arkansas,City of Paris - (AR),Municipal,3099,,,,
Arkansas,City of Piggott - (AR),Municipal,3580,,,,
Arkansas,City of Prescott - (AR),Municipal,2684,,,,
Arkansas,City of Siloam Springs - (AR),Municipal,18816,,,,
Arkansas,City of West Memphis - (AR),Municipal,21242,,,,
Arkansas,City Water and Light Plant,Municipal,70604,,,,
Arkansas,Clarksville Connected Utilities,Municipal,7588,,,,
Arkansas,Clay County Electric Coop Corp - (AR),Cooperative,21536,,,,
Arkansas,Conway Corporation,Municipal,62720,,,,
Arkansas,Craighead Electric Coop Corp,Cooperative,51795,,,,
Arkansas,Empire District Electric Co,Investor Owned,10542,,,,
Arkansas,Entergy Arkansas LLC,Investor Owned,1198657,,,,
Arkansas,Farmers Electric Coop Corp - (AR),Cooperative,7824,,,,
Arkansas,First Electric Coop Corp,Cooperative,185650,,,,
Arkansas,Mississippi County Electric Co,Cooperative,6538,,,,
Arkansas,"North Arkansas Elec Coop, Inc",Cooperative,68929,,,,
Arkansas,Oklahoma Gas & Electric Co,Investor Owned,119050,,,,
Arkansas,Ouachita Electric Coop Corp,Cooperative,17284,,,,
Arkansas,Ozarks Electric Coop Corp - (AR),Cooperative,153696,,,,
Arkansas,Paragould Municipal Utilities,Municipal,25970,,,,
Arkansas,Petit Jean Electric Coop Corp,Cooperative,37183,,,,
Arkansas,"Rich Mountain Elec Coop, Inc",Cooperative,13888,,,,
Arkansas,"South Central Ark El Coop, Inc",Cooperative,18626,,,,
Arkansas,Southwest Arkansas E C C,Cooperative,50609,,,,
Arkansas,Southwestern Electric Power Co,Investor Owned,226007,,,,
Arkansas,Woodruff Electric Coop Corp,Cooperative,24373,,,,
California,Aha Macav Power Service,Political Subdivision,234,,,,
California,Alameda Municipal Power,Municipal,85179,,,,
California,Anza Electric Coop Inc,Cooperative,10997,,,,
California,Bear Valley Electric Service,Investor Owned,71010,,,,
California,City & County of San Francisco,Municipal,6088,,,,
California,City of Anaheim - (CA),Municipal,289672,,,,
California,City of Azusa,Municipal,41783,,,,
California,City of Banning - (CA),Municipal,32296,,,,
California,City of Biggs - (CA),Municipal,1564,,,,
California,City of Burbank Water and Power,Municipal,123635,,,,
California,City of Colton - (CA),Municipal,53187,,,,
California,City of Corona - (CA),Municipal,3854,,,,
California,City of Escondido - (CA),Municipal,0,,,,
California,City of Glendale - (CA),Municipal,207758,,,,
California,City of Gridley - (CA),Municipal,5907,,,,
California,City of Healdsburg - (CA),Municipal,11748,,,,
California,City of Industry,Municipal,297,,,,
California,City of Lodi - (CA),Municipal,72209,,,,
California,City of Lompoc - (CA),Municipal,32891,,,,
California,City of Moreno Valley - (CA),Municipal,23800,,,,
California,City of Needles - (CA),Municipal,7461,,,,
California,City of Palo Alto - (CA),Municipal,70580,,,,
California,City of Pasadena - (CA),Municipal,156833,,,,
California,City of Redding - (CA),Municipal,90748,,,,
California,City of Riverside - (CA),Municipal,301247,,,,
California,City of Roseville - (CA),Municipal,157284,,,,
California,City of Santa Clara - (CA),Municipal,136995,,,,
California,City of Shasta Lake - (CA),Municipal,10147,,,,
California,City of Ukiah - (CA),Municipal,15320,,,,
California,City of Vernon,Municipal,196,,,,
California,City of Victorville - (CA),Municipal,222,,,,
California,Colorado River Indian Irr Proj,Federal,0,,,,
California,DOD USMC Marine Air Ground Combat,Federal,0,,,,
California,Imperial Irrigation District,Political Subdivision,392831,,,,
California,Kings River Conservation Dist,Political Subdivision,0,,,,
California,Kirkwood Meadows PUD,Political Subdivision,1140,,,,
California,Lassen Municipal Utility District,Municipal,20915,,,,
California,Lathrop Irrigation District,Political Subdivision,8254,Approved,Approved,,Yes
California,Liberty Utilities,Investor Owned,105968,,,,
California,Los Angeles Department of Water & Power,Municipal,3775503,,,,
California,Merced Irrigation District,Political Subdivision,35938,,,,
California,Modesto Irrigation District,Political Subdivision,310439,,,,
California,Pacific Gas & Electric Co.,Investor Owned,13472517,Approved,Approved,Approved,Yes
California,PacifiCorp,Investor Owned,84834,Approved,Approved,Approved,Yes
California,Pittsburg Power Company,Municipal,1281,,,,
California,Plumas-Sierra Rural Elec Coop,Cooperative,13830,,Approved,,Yes
California,Port of Oakland,Municipal,272,,,,
California,Port of Stockton - (CA),Municipal,234,,,,
California,Rancho Cucamonga Municipal Utility,Municipal,8816,,,,
California,Sacramento Municipal Util Dist,Political Subdivision,1534320,Approved,Approved,Approved,Yes
California,San Diego Gas & Electric Co,Investor Owned,3627482,Approved,Approved,Approved,Yes
California,Shelter Cove Resort Improvement Dist No. 1,Political Subdivision,963,,,,
California,Southern California Edison Co,Investor Owned,12722119,Approved,Approved,Approved,Yes
California,Surprise Valley Electrification,Cooperative,6742,,,,
California,Trinity Public Utilities Dist,Political Subdivision,12829,,,,
California,Truckee Donner P U D,Political Subdivision,23942,,,,
California,Tuolumne County Pub Power Agny,Political Subdivision,47,,,,
California,Turlock Irrigation District,Political Subdivision,236829,,,,
California,"Valley Electric Assn, Inc",Cooperative,25,,,,
California,WAPA-- Western Area Power Administration,Federal,0,,,,
Colorado,"Black Hills Colorado Electric, LLC",Investor Owned,202551,Approved,Approved,Approved,Yes
Colorado,City of Aspen- (CO),Municipal,4375,,,,
Colorado,City of Burlington - (CO),Municipal,3720,,,,
Colorado,City of Center - (CO),Municipal,1431,,,,
Colorado,City of Colorado Springs - (CO),Municipal,496699,,,,
Colorado,City of Delta - (CO),Municipal,6698,,,,
Colorado,City of Fort Collins - (CO),Municipal,151972,Approved,Approved,Approved,Yes
Colorado,City of Fort Morgan,Municipal,14565,,,,
Colorado,City of Fountain,Municipal,39761,,,,
Colorado,City of Glenwood Springs - (CO),Municipal,13218,,,,
Colorado,City of Gunnison - (CO),Municipal,6763,,,,
Colorado,City of Holyoke - (CO),Municipal,2123,,,,
Colorado,City of Julesburg - (CO),Municipal,1634,,,,
Colorado,City of La Junta - (CO),Municipal,6861,,,,
Colorado,City of Lamar - (CO),Municipal,7489,,,,
Colorado,City of Las Animas - (CO),Municipal,3608,,,,
Colorado,City of Longmont,Municipal,95849,,Approved,,Yes
Colorado,City of Loveland - (CO),Municipal,79432,,,,
Colorado,City of Springfield - (CO),Municipal,1464,,,,
Colorado,City of Trinidad - (CO),Municipal,7498,,,,
Colorado,City of Wray,Municipal,2442,,,,
Colorado,City of Yuma - (CO),Municipal,2978,,,,
Colorado,CORE Electric Cooperative,Cooperative,387683,,,,
Colorado,Delta Montrose Electric Assn,Cooperative,67965,,,,
Colorado,Deseret Generation & Tran Coop,Cooperative,2,,,,
Colorado,"Empire Electric Assn, Inc",Cooperative,25468,,,,
Colorado,Grand Valley Power,Cooperative,38599,,Approved,,Yes
Colorado,Gunnison County Elec Assn.,Cooperative,12335,,,,
Colorado,"High West Energy, Inc",Cooperative,1562,,,,
Colorado,Highline Electric Assn,Cooperative,12694,,,,
Colorado,"Holy Cross Electric Assn, Inc",Cooperative,109157,,Approved,Approved,Yes
Colorado,K C Electric Association,Cooperative,7306,,,,
Colorado,"La Plata Electric Assn, Inc",Cooperative,82976,,Approved,Approved,Yes
Colorado,Moon Lake Electric Assn Inc,Cooperative,3619,,,,
Colorado,Morgan County Rural Elec Assn,Cooperative,14427,,,,
Colorado,"Mountain Parks Electric, Inc",Cooperative,40985,,,,
Colorado,"Mountain View Elec Assn, Inc",Cooperative,140746,,,,
Colorado,"Poudre Valley REA, Inc",Cooperative,112660,Approved,Approved,,Yes
Colorado,Public Service Co of Colorado,Investor Owned,3063020,Approved,,Approved,Yes
Colorado,"San Isabel Electric Assn, Inc",Cooperative,50590,,Approved,,Yes
Colorado,"San Luis Valley R E C, Inc",Cooperative,18645,,,,
Colorado,"San Miguel Power Assn, Inc",Cooperative,25941,,,,
Colorado,Sangre De Cristo Elec Assn Inc,Cooperative,17333,,,,
Colorado,Southeast Colorado Power Assn,Cooperative,18562,,,,
Colorado,Southwestern Electric Coop Inc - (NM),Cooperative,10,,,,
Colorado,Town of Estes Park,Municipal,19896,,Approved,,Yes
Colorado,Town of Fleming - (CO),Municipal,385,,,,
Colorado,Town of Granada - (CO),Municipal,595,,,,
Colorado,Town of Haxtun - (CO),Municipal,1054,,,,
Colorado,Town of Holly - (CO),Municipal,1070,,,,
Colorado,Town of Lyons - (CO),Municipal,1987,,,,
Colorado,Town of Oak Creek - (CO),Municipal,1137,,,,
Colorado,"Tri-County Electric Coop, Inc (OK)",Cooperative,17,,,,
Colorado,"United Power, Inc",Cooperative,238486,,,,
Colorado,WAPA-- Western Area Power Administration,Federal,0,,,,
Colorado,"Wheatland Electric Coop, Inc",Cooperative,69,,,,
Colorado,"White River Electric Assn, Inc",Cooperative,6244,,,,
Colorado,Y-W Electric Assn Inc,Cooperative,10640,,,,
Colorado,Yampa Valley Electric Assn Inc,Cooperative,50488,,Approved,,Yes
Connecticut,Bozrah Light & Power Company,Municipal,5519,,,,
Connecticut,City of Jewett City - (CT),Municipal,4365,,,,
Connecticut,City of Norwich - (CT),Municipal,42789,,,,
Connecticut,City of South Norwalk - (CT),Municipal,13909,,,,
Connecticut,Connecticut Light & Power Co,Investor Owned,2663053,Approved,Approved,Approved,Yes
Connecticut,Groton Dept of Utilities - (CT),Municipal,27855,,,,
Connecticut,Mohegan Tribal Utility Authority,Political Subdivision,113,,,,
Connecticut,Norwalk Third Taxing District,Municipal,7685,,,,
Connecticut,Town of Wallingford - (CT),Municipal,48537,,,,
Connecticut,United Illuminating Co,Investor Owned,708135,,Pilot,,
Delaware,City of Dover - (DE),Municipal,47183,,,,
Delaware,City of Lewes - (DE),Municipal,6711,,,,
Delaware,City of Milford - (DE),Municipal,14968,,,,
Delaware,City of Newark - (DE),Municipal,25367,,,,
Delaware,City of Seaford- (DE),Municipal,7322,,,,
Delaware,Delaware Electric Cooperative,Cooperative,218897,Approved,,,Yes
Delaware,Delmarva Power,Investor Owned,638179,Approved,Approved,Approved,Yes
Delaware,New Castle Municipal Serv Comm,Municipal,5151,,,,
Delaware,Town of Clayton - (DE),Municipal,3285,,,,
Delaware,Town of Middletown - (DE),Municipal,19356,,,,
Delaware,Town of Smyrna - (DE),Municipal,11479,,,,
District of Columbia,Potomac Electric Power Co,Investor Owned,647013,Approved,,Approved,Yes
Florida,Beaches Energy Services,Municipal,62359,,,,
Florida,"Central Florida Elec Coop, Inc",Cooperative,64385,,,,
Florida,Central Florida Tourism Oversight District,Municipal,21,,,,
Florida,"Choctawhatche Elec Coop, Inc",Cooperative,120740,,,,
Florida,City of Alachua - (FL),Municipal,7926,,,,
Florida,City of Bartow - (FL),Municipal,25994,,,,
Florida,City of Blountstown - (FL),Municipal,2303,,,,
Florida,City of Bushnell - (FL),Municipal,2240,,,,
Florida,City of Chattahoochee - (FL),Municipal,1846,,,,
Florida,City of Clewiston,Municipal,8221,,,,
Florida,City of Fort Meade - (FL),Municipal,5108,,,,
Florida,City of Green Cove Springs,Municipal,8489,,,,
Florida,City of Homestead - (FL),Municipal,60156,,,,
Florida,City of Lake Worth Beach - (FL),Municipal,50931,,,,
Florida,City of Lakeland - (FL),Municipal,272189,,,,
Florida,City of Leesburg - (FL),Municipal,47408,,,,
Florida,City of Moore Haven - (FL),Municipal,1815,,,,
Florida,City of Mount Dora - (FL),Municipal,10607,,,,
Florida,City of Newberry - (FL),Municipal,4568,,,,
Florida,City of Ocala,Municipal,89691,,,,
Florida,City of Quincy - (FL),Municipal,9389,,,,
Florida,City of Starke - (FL),Municipal,5347,,,,
Florida,City of Tallahassee - (FL),Municipal,203391,,Approved,Approved,Yes
Florida,City of Wauchula - (FL),Municipal,5771,,,,
Florida,City of Williston - (FL),Municipal,2954,,,,
Florida,City of Winter Park - (FL),Municipal,27561,,,,
Florida,"Clay Electric Cooperative, Inc - (FL)",Cooperative,345507,,,,
Florida,"Duke Energy Florida, LLC",Investor Owned,3720008,,,,
Florida,"Escambia River Elec Coop, Inc",Cooperative,24752,,,,
Florida,"Florida Keys El Coop Assn, Inc",Cooperative,56225,,,,
Florida,Florida Power & Light Co,Investor Owned,11085545,,,,
Florida,Florida Public Utilities Co,Investor Owned,52276,,,,
Florida,Fort Pierce Utilities Authority,Municipal,53111,,,,
Florida,Gainesville Regional Utilities,Municipal,177261,,,,
Florida,"Glades Electric Coop, Inc",Cooperative,28978,,,,
Florida,"Gulf Coast Electric Coop, Inc",Cooperative,41693,,,,
Florida,Havana Power & Light Company,Municipal,2404,,,,
Florida,JEA,Municipal,978769,,,,
Florida,Kissimmee Utility Authority,Municipal,197339,,,,
Florida,"Lee County Electric Coop, Inc - (FL)",Cooperative,484024,,,,
Florida,New Smyrna Beach City of,Municipal,54243,,,,
Florida,Okefenoke Rural El Member Corp,Cooperative,23501,,,,
Florida,Orlando Utilities Comm,Municipal,576274,Approved,Approved,,Yes
Florida,"Peace River Electric Coop, Inc",Cooperative,120824,,,,
Florida,"Sumter Electric Coop, Inc",Cooperative,461373,,,,
Florida,Suwannee Valley Elec Coop Inc,Cooperative,55362,,,,
Florida,"Talquin Electric Coop, Inc",Cooperative,104004,,,,
Florida,Tampa Electric Co,Investor Owned,1570549,,,,
Florida,"Tri-County Electric Coop, Inc (FL)",Cooperative,36182,,,,
Florida,"Utility Board of the City of Key West, F",Municipal,53199,,,,
Florida,"West Florida El Coop Assn, Inc",Cooperative,53901,,,,
Florida,Withlacoochee River Elec Coop,Cooperative,480594,,,,
Georgia,Albany Utility Board,Municipal,59922,,,,
Georgia,Altamaha Electric Member Corp,Cooperative,43136,,,,
Georgia,Amicalola Electric Member Corp,Cooperative,117866,,,,
Georgia,Blue Ridge Mountain EMC - (GA),Cooperative,58602,,,,
Georgia,Canoochee Electric Member Corp,Cooperative,51627,,,,
Georgia,Carroll Electric Member Corp - (GA),Cooperative,124351,,,,
Georgia,Central Georgia El Member Corp,Cooperative,141005,,Approved,,Yes
Georgia,City of Acworth - (GA),Municipal,12894,,,,
Georgia,City of Adel- (GA),Municipal,5477,,,,
Georgia,City of Barnesville - (GA),Municipal,5672,,,,
Georgia,City of Blakely - (GA),Municipal,4898,,,,
Georgia,City of Buford,Municipal,7482,,,,
Georgia,City of Cairo - (GA),Municipal,8161,,,,
Georgia,City of Calhoun - (GA),Municipal,11498,,,,
Georgia,City of Camilla,Municipal,4835,,,,
Georgia,City of Cartersville - (GA),Municipal,15625,,,,
Georgia,City of Chattanooga - (TN),Municipal,22356,,,,
Georgia,City of Chickamauga,Municipal,1795,,,,
Georgia,City of College Park - (GA),Municipal,16295,,,,
Georgia,City of Commerce - (GA),Municipal,6353,,,,
Georgia,City of Covington - (GA),Municipal,30071,,,,
Georgia,City of Doerun - (GA),Municipal,756,,,,
Georgia,City of Douglas,Municipal,9076,,,,
Georgia,City of East Point - (GA),Municipal,31349,,,,
Georgia,City of Elberton,Municipal,7234,,,,
Georgia,City of Ellaville,Municipal,1548,,,,
Georgia,City of Fairburn - (GA),Municipal,5362,,,,
Georgia,City of Forsyth - (GA),Municipal,5852,,,,
Georgia,City of Grantville - (GA),Municipal,1831,,,,
Georgia,City of Griffin - (GA),Municipal,30326,,,,
Georgia,City of Hampton - (GA),Municipal,5469,,,,
Georgia,City of Hogansville - (GA),Municipal,3420,,,,
Georgia,City of Jackson - (GA),Municipal,3253,,,,
Georgia,City of La Grange - (GA),Municipal,26796,,,,
Georgia,City of LaFayette - (GA),Municipal,7381,,,,
Georgia,City of Lawrenceville - (GA),Municipal,26936,,,,
Georgia,City of Mansfield - (GA),Municipal,583,,,,
Georgia,City of Marietta - (GA),Municipal,79641,,,,
Georgia,City of Monroe - (GA),Municipal,13737,,,,
Georgia,City of Monticello - (GA),Municipal,2399,,,,
Georgia,City of Moultrie - (GA),Municipal,12718,,,,
Georgia,City of Norcross- (GA),Municipal,10642,,,,
Georgia,City of Oxford - (GA),Municipal,1412,,,,
Georgia,City of Palmetto - (GA),Municipal,3206,,,,
Georgia,City of Quitman,Municipal,4265,,,,
Georgia,City of Sandersville - (GA),Municipal,4664,,,,
Georgia,City of Sylvania - (GA),Municipal,4186,,,,
Georgia,City of Sylvester - (GA),Municipal,5046,,,,
Georgia,City of Thomaston - (GA),Municipal,8026,,,,
Georgia,City of Thomasville - (GA),Municipal,29382,,,,
Georgia,City of Washington - (GA),Municipal,3589,,,,
Georgia,City of West Point - (GA),Municipal,3354,,,,
Georgia,City of Whigham - (GA),Municipal,544,,,,
Georgia,Coastal Electric Member Corp - (GA),Cooperative,47869,,,,
Georgia,Cobb Electric Membership Corp,Cooperative,421427,,,,
Georgia,Colquitt Electric Membership Corp,Cooperative,142798,,,,
Georgia,Coweta-Fayette El Member Corp,Cooperative,170608,,Approved,,Yes
Georgia,Crisp County Power Comm,Political Subdivision,19527,,,,
Georgia,Dalton Utilities,Municipal,31748,,,,
Georgia,Diverse Power Incorporated,Cooperative,68073,,,,
Georgia,Excelsior Electric Member Corp,Cooperative,52841,,,,
Georgia,Fitzgerald Wtr Lgt & Bond Comm,Municipal,9782,,,,
Georgia,Flint Electric Membership Corp,Cooperative,179581,,,,
Georgia,Fort Valley Utility Comm,Municipal,8710,,,,
Georgia,Georgia Power Co,Investor Owned,5477681,,,,
Georgia,Grady Electric Membership Corp,Cooperative,41976,,,,
Georgia,GreyStone Power Corporation,Cooperative,294936,,,,
Georgia,Habersham Electric Membership Corp,Cooperative,81296,,,,
Georgia,Hart Electric Member Corp,Cooperative,65824,,,,
Georgia,Haywood Electric Member Corp,Cooperative,822,,,,
Georgia,Irwin Electric Membership Corp,Cooperative,21189,,,,
Georgia,Jackson Electric Member Corp - (GA),Cooperative,580508,,,,
Georgia,Jefferson Electric Member Corp,Cooperative,78244,,,,
Georgia,Little Ocmulgee El Member Corp,Cooperative,20717,,,,
Georgia,Middle Georgia El Member Corp,Cooperative,14255,,,,
Georgia,Mitchell Electric Member Corp,Cooperative,45113,,,,
Georgia,"Newnan Wtr, Sewer & Light Comm",Municipal,21095,,,,
Georgia,North Georgia Elec Member Corp,Cooperative,201911,,,,
Georgia,Ocmulgee Electric Member Corp,Cooperative,21964,,,,
Georgia,Oconee Electric Member Corp,Cooperative,22834,,,,
Georgia,Okefenoke Rural El Member Corp,Cooperative,59383,,,,
Georgia,Planters Electric Member Corp,Cooperative,36144,,,,
Georgia,Rayle Electric Membership Corp,Cooperative,33854,,,,
Georgia,Satilla Rural Elec Member Corporation,Cooperative,118874,,,,
Georgia,Sawnee Electric Membership Corporation,Cooperative,405491,,,,
Georgia,Slash Pine Elec Member Corp,Cooperative,15604,,,,
Georgia,Snapping Shoals El Member Corp,Cooperative,241882,,,,
Georgia,Southern Rivers Energy,Cooperative,45184,,,,
Georgia,Sumter Electric Member Corp,Cooperative,30823,,,,
Georgia,Three Notch Elec Member Corp,Cooperative,29142,,,,
Georgia,Town of Brinson - (GA),Municipal,233,,,,
Georgia,Tri-County Elec Member Corp (GA),Cooperative,44370,,,,
Georgia,Tri-State Electric Member Corp,Cooperative,23941,,,,
Georgia,Upson Elec Member Corp,Cooperative,16240,,,,
Georgia,Walton Electric Member Corp,Cooperative,310095,,Approved,,Yes
Georgia,Washington Elec Member Corp,Cooperative,32145,,,,
Hawaii,Hawaii Electric Light Co Inc,Investor Owned,236914,Approved,Pilot,Pending,Yes
Hawaii,Hawaiian Electric Co Inc,Investor Owned,868313,Approved,Pilot,Pending,Yes
Hawaii,Kauai Island Utility Cooperative,Cooperative,102447,,,,
Hawaii,Maui Electric Co Ltd,Investor Owned,197408,Approved,Pilot,Pending,Yes
Idaho,Avista Corp,Investor Owned,260524,,,,
Idaho,City of Albion - (ID),Municipal,407,,,,
Idaho,City of Bonners Ferry,Municipal,5122,,,,
Idaho,City of Burley - (ID),Municipal,10260,,,,
Idaho,City of Declo - (ID),Municipal,280,,,,
Idaho,City of Heyburn - (ID),Municipal,3143,,,,
Idaho,City of Idaho Falls - (ID),Municipal,67271,,,Approved,Yes
Idaho,City of Minidoka - (ID),Municipal,90,,,,
Idaho,City of Plummer - (ID),Municipal,1798,,,,
Idaho,City of Rupert - (ID),Municipal,5918,,,,
Idaho,City of Soda Springs - (ID),Municipal,3689,,,,
Idaho,City of Weiser - (ID),Municipal,5691,,,,
Idaho,Clearwater Power Company,Cooperative,14788,,,,
Idaho,East End Mutual Elec Co Ltd,Cooperative,1368,,,,
Idaho,Fall River Rural Elec Coop Inc,Cooperative,39504,,,,
Idaho,"Farmers Electric Company, Ltd - (ID)",Cooperative,246,,,,
Idaho,"Idaho County L&P Coop Assn, Inc",Cooperative,6562,,,,
Idaho,Idaho Power Co,Investor Owned,1144554,,,,
Idaho,Inland Power & Light Company,Cooperative,4396,,,,
Idaho,Kootenai Electric Cooperative,Cooperative,63143,,,,
Idaho,Lost River Electric Coop Inc,Cooperative,4105,,,,
Idaho,Lower Valley Energy Inc,Cooperative,3908,,,,
Idaho,"Missoula Electric Coop, Inc",Cooperative,94,,,,
Idaho,"Northern Lights, Inc",Cooperative,38558,,,,
Idaho,PacifiCorp,Investor Owned,176399,,Approved,Approved,Yes
Idaho,Raft Rural Elec Coop Inc,Cooperative,3279,,,,
Idaho,Riverside Electric Cooperative,Cooperative,1005,,,,
Idaho,Salmon River Electric Coop Inc,Cooperative,4589,,,,
Idaho,"South Side Electric, Inc",Cooperative,1507,,,,
Idaho,"United Electric Co-op, Inc - (ID)",Cooperative,11965,,,,
Idaho,"Vigilante Electric Coop, Inc",Cooperative,51,,,,
Illinois,Adams Electric Coop,Cooperative,14398,,,,
Illinois,Ameren Illinois Company,Investor Owned,2324147,Approved,Approved,Approved,Yes
Illinois,Cairo Public Utility Company,Municipal,2199,,,,
Illinois,City of Albany - (IL),Municipal,871,,,,
Illinois,City of Allendale- (IL),Municipal,468,,,,
Illinois,City of Altamont - (IL),Municipal,2849,,,,
Illinois,City of Batavia - (IL),Municipal,25979,,,,
Illinois,City of Breese - (IL),Municipal,4743,,,,
Illinois,City of Bushnell - (IL),Municipal,2490,,,,
Illinois,City of Carlyle - (IL),Municipal,3840,,,,
Illinois,City of Carmi - (IL),Municipal,5547,,,,
Illinois,City of Casey - (IL),Municipal,3253,,,,
Illinois,City of Fairfield- (IL),Municipal,5813,,,,
Illinois,City of Farmer City - (IL),Municipal,2255,,,,
Illinois,City of Flora - (IL),Municipal,5080,,,,
Illinois,City of Geneseo - (IL),Municipal,6932,,,,
Illinois,City of Geneva- (IL),Municipal,22533,,,,
Illinois,City of Highland,Municipal,12839,,Case-by-case,,
Illinois,City of Marshall - (IL),Municipal,4517,,,,
Illinois,City of Mascoutah - (IL),Municipal,7906,,,,
Illinois,City of McLeansboro - (IL),Municipal,4470,,,,
Illinois,City of Metropolis - (IL),Municipal,7181,,,,
Illinois,City of Naperville - (IL),Municipal,142023,,,,
Illinois,City of Newton - (IL),Municipal,3096,,,,
Illinois,City of Oglesby - (IL),Municipal,4492,,,,
Illinois,City of Peru - (IL),Municipal,10877,,,,
Illinois,City of Princeton - (IL),Municipal,8140,,,,
Illinois,City of Red Bud - (IL),Municipal,4076,,,,
Illinois,City of Rock Falls - (IL),Municipal,9577,,,,
Illinois,City of Roodhouse - (IL),Municipal,1888,,,,
Illinois,City of Springfield - (IL),Municipal,125707,,,,
Illinois,City of St Charles - (IL),Municipal,35383,,,,
Illinois,City of Sullivan - (IL),Municipal,5752,,,,
Illinois,City of Waterloo - (IL),Municipal,10047,,,,
Illinois,Clay Electric Coop Inc - (IL),Cooperative,5595,,,,
Illinois,"Clinton County Elec Coop, Inc",Cooperative,10704,,,,
Illinois,Coles-Moultrie Electric Coop,Cooperative,17881,,,,
Illinois,Commonwealth Edison Co,Investor Owned,8775739,Approved,Approved,Approved,Yes
Illinois,Corn Belt Energy Corporation,Cooperative,77038,,,,
Illinois,Eastern Illinois Elec Coop,Cooperative,23883,,,,
Illinois,Egyptian Electric Coop Assn,Cooperative,30417,,,,
Illinois,Enerstar Power Corp,Cooperative,8450,,,,
Illinois,Illinois Rural Electric Coop,Cooperative,17536,,,,
Illinois,"Jo-Carroll Energy, Inc",Cooperative,36691,,,,
Illinois,M J M Electric Cooperative Inc,Cooperative,16269,,,,
Illinois,McDonough Power Coop,Cooperative,7763,,,,
Illinois,Menard Electric Coop,Cooperative,19353,,,,
Illinois,MidAmerican Energy Co,Investor Owned,156180,,Approved,,Yes
Illinois,"Monroe County Elec Coop, Inc",Cooperative,13220,,,,
Illinois,Mt Carmel Public Utility Co,Investor Owned,9324,,,,
Illinois,Norris Electric Coop,Cooperative,40112,,,,
Illinois,Rochelle Municipal Utilities,Municipal,13169,,,,
Illinois,Rock Energy Cooperative,Cooperative,21994,,,,
Illinois,Rural Electric Conven Coop - (IL),Cooperative,9819,,,,
Illinois,Scenic Rivers Energy Coop,Cooperative,24,,,,
Illinois,"Shelby Electric Coop, Inc - (IL)",Cooperative,21275,,,,
Illinois,"Southeastern IL Elec Coop, Inc",Cooperative,49235,,,,
Illinois,Southern Illinois Elec Coop,Cooperative,18295,,,,
Illinois,Southwestern Electric Coop Inc - (IL),Cooperative,55799,,,,
Illinois,"Spoon River Electric Coop, Inc",Cooperative,7699,,,,
Illinois,"Tri-County Electric Coop, Inc (IL)",Cooperative,36441,,,,
Illinois,University of Illinois,State,2,,,,
Illinois,Village of Bethany - (IL),Municipal,1281,,,,
Illinois,Village of Chatham - (IL),Municipal,11265,,,,
Illinois,Village of Freeburg - (IL),Municipal,4380,,,,
Illinois,Village of Greenup - (IL),Municipal,1725,,,,
Illinois,Village of Ladd - (IL),Municipal,1207,,,,
Illinois,Village of Rantoul - (IL),Municipal,10729,,,,
Illinois,Village of Riverton - (IL),Municipal,3005,,,,
Illinois,Village of Winnetka - (IL),Municipal,9453,,,,
Illinois,Wayne-White Counties Elec Coop,Cooperative,26038,,,,
Illinois,Western Illinois Elec Coop,Cooperative,5617,,,,
Indiana,AES Indiana,Investor Owned,1023518,,,,
Indiana,AGC Division of APGI Inc,Investor Owned,0,,,,
Indiana,Bartholomew County Rural E M C,Cooperative,25115,,,,
Indiana,Boone County Rural EMC,Cooperative,42652,,,,
Indiana,Bremen Electric Light & Power Co,Municipal,4595,,,,
Indiana,Cannelton Utilities,Municipal,1589,,,,
Indiana,Carroll-White REMC,Cooperative,31091,,,,
Indiana,City of Anderson - (IN),Municipal,62116,,,,
Indiana,City of Auburn - (IN),Municipal,15290,,,,
Indiana,City of Bluffton - (IN),Municipal,10714,,,,
Indiana,City of Columbia City - (IN),Municipal,9351,,,,
Indiana,City of Covington - (IN),Municipal,2948,,,,
Indiana,City of Frankfort - (IN),Municipal,18159,,,,
Indiana,City of Garrett,Municipal,6464,,,,
Indiana,City of Gas City - (IN),Municipal,5572,,,,
Indiana,City of Greendale,Municipal,4090,,,,
Indiana,City of Greenfield - (IN),Municipal,26154,,,,
Indiana,City of Hagerstown - (IN),Municipal,2066,,,,
Indiana,City of Huntingburg - (IN),Municipal,6713,,,,
Indiana,City of Jasper - (IN),Municipal,14182,,,,
Indiana,City of Lebanon - (IN),Municipal,18426,,Approved,,Yes
Indiana,City of Lewisville - (IN),Municipal,405,,,,
Indiana,City of Linton - (IN),Municipal,6143,,,,
Indiana,City of Logansport - (IN),Municipal,24620,,,,
Indiana,City of Mishawaka,Municipal,54079,,,,
Indiana,City of New Ross - (IN),Municipal,389,,,,
Indiana,City of Peru - (IN),Municipal,19850,,,,
Indiana,City of Rensselaer - (IN),Municipal,6333,,,,
Indiana,City of Richmond - (IN),Municipal,34460,,Approved,,Yes
Indiana,City of Rising Sun - (IN),Municipal,2962,,,,
Indiana,City of Scottsburg - (IN),Municipal,7455,,,,
Indiana,City of Tell City - (IN),Municipal,7409,,,,
Indiana,City of Thorntown - (IN),Municipal,1709,,,,
Indiana,City of Troy - (IN),Municipal,535,,,,
Indiana,City of Washington - (IN),Municipal,16530,,,,
Indiana,City of Waynetown - (IN),Municipal,928,,,,
Indiana,City of Williamsport - (IN),Municipal,1847,,,,
Indiana,Clark County Rural E M C - (IN),Cooperative,58486,,,,
Indiana,"Crawfordsville Elec, Lgt & Pwr",Municipal,18132,,,,
Indiana,Darlington Light & Power Co,Municipal,1206,,,,
Indiana,Daviess Martin County R E M C,Cooperative,17352,,,,
Indiana,Decatur County Rural E M C,Cooperative,17679,,,,
Indiana,Dublin Municipal Electric Util,Municipal,875,,,,
Indiana,Dubois Rural Electric Coop Inc,Cooperative,28504,,,,
Indiana,"Duke Energy Indiana, LLC",Investor Owned,1715631,,,,
Indiana,Edinburgh Municipal Utilities,Municipal,5377,,,,
Indiana,Flora Utilities,Municipal,2525,,,,
Indiana,Fulton County Rural E M C,Cooperative,12764,,,,
Indiana,Harrison County Rural E M C,Cooperative,50264,,,,
Indiana,Heartland REMC,Cooperative,39130,,,,
Indiana,Hendricks County Rural E M C,Cooperative,85288,,,,
Indiana,Henry County Rural E M C,Cooperative,19007,,,,
Indiana,Indiana Michigan Power Co,Investor Owned,934701,,,,
Indiana,Jackson County Rural E M C - (IN),Cooperative,50490,,,,
Indiana,Jasper County Rural E M C,Cooperative,17128,,,,
Indiana,Jay County Rural E M C,Cooperative,10711,,,,
Indiana,Johnson County Rural E M C,Cooperative,63715,,,,
Indiana,Kankakee Valley Rural E M C,Cooperative,41985,,,,
Indiana,Kosciusko County Rural E M C,Cooperative,37628,,,,
Indiana,Lagrange County Rural E M C,Cooperative,16676,,,,
Indiana,Lawrenceburg Municipal Utils,Municipal,6972,,Approved,,Yes
Indiana,Marshall County Rural E M C,Cooperative,15854,,,,
Indiana,Miami-Cass County Rural E M C,Cooperative,12308,,,,
Indiana,Midwest Energy Cooperative - (MI),Cooperative,722,,,,
Indiana,Newton County Rural E M C,Cooperative,2915,,,,
Indiana,NineStar Connect,Cooperative,40195,,,,
Indiana,Noble County R E M C,Cooperative,25062,,,,
Indiana,Northeastern Rural E M C,Cooperative,66607,,,,
Indiana,Northern Indiana Pub Serv Co,Investor Owned,969923,,,,
Indiana,Orange County Rural E M C,Cooperative,16374,,,,
Indiana,Parke County Rural E M C,Cooperative,24559,,,,
Indiana,"Paulding-Putman Elec Coop, Inc",Cooperative,8526,,,,
Indiana,RushShelby Energy,Cooperative,32775,,,,
Indiana,South Central Indiana REMC,Cooperative,74389,,,,
Indiana,Southeastern Indiana R E M C,Cooperative,57237,,,,
Indiana,Southern Indiana Gas & Elec Co,Investor Owned,277260,,,,
Indiana,"Southern Indiana R E C, Inc",Cooperative,19552,,,,
Indiana,Steuben County Rural E M C,Cooperative,21494,,,,
Indiana,Tipmont Rural Elec Member Corp,Cooperative,61216,,,,
Indiana,Tipton Municipal Electric Util,Municipal,7688,,,,
Indiana,Town of Advance - (IN),Municipal,529,,,,
Indiana,Town of Argos,Municipal,1699,,,,
Indiana,Town of Avilla - (IN),Municipal,2323,,,,
Indiana,Town of Bainbridge - (IN),Municipal,702,,,,
Indiana,Town of Bargersville - (IN),Municipal,7196,,,,
Indiana,Town of Brooklyn,Municipal,1071,,,,
Indiana,Town of Brookston - (IN),Municipal,1506,,,,
Indiana,Town of Centerville - (IN),Municipal,2597,,,,
Indiana,Town of Chalmers - (IN),Municipal,609,,,,
Indiana,Town of Coatesville - (IN),Municipal,661,,,,
Indiana,Town of Crane - (IN),Municipal,196,,,,
Indiana,Town of Dunreith - (IN),Municipal,274,,,,
Indiana,Town of Etna Green,Municipal,672,,,,
Indiana,Town of Ferdinand - (IN),Municipal,1630,,,,
Indiana,Town of Frankton - (IN),Municipal,1985,,,,
Indiana,Town of Jamestown - (IN),Municipal,1082,,,,
Indiana,Town of Kingsford Heights,Municipal,0,,,,
Indiana,Town of Knightstown - (IN),Municipal,3195,,,,
Indiana,Town of Ladoga - (IN),Municipal,1189,,,,
Indiana,Town of Middletown - (IN),Municipal,2554,,,,
Indiana,Town of Montezuma - (IN),Municipal,1128,,,,
Indiana,Town of New Carlisle- (IN),Municipal,1771,,,,
Indiana,Town of Paoli - (IN),Municipal,3321,,,,
Indiana,Town of Pendleton - (IN),Municipal,5996,,,,
Indiana,Town of Pittsboro - (IN),Municipal,1572,,,,
Indiana,Town of Rockville - (IN),Municipal,3708,,,,
Indiana,Town of South Whitley - (IN),Municipal,1925,,,,
Indiana,Town of Spiceland - (IN),Municipal,1099,,,,
Indiana,Town of Straughn - (IN),Municipal,287,,,,
Indiana,Town of Veedersburg - (IN),Municipal,2214,,,,
Indiana,Town of Walkerton - (IN),Municipal,2882,,,,
Indiana,Town of Warren - (IN),Municipal,1481,,,,
Indiana,Town of Winamac - (IN),Municipal,4092,,,,
Indiana,Utilities Dist-Western IN REMC,Cooperative,38720,,,,
Indiana,Warren County Rural E M C,Cooperative,9501,,,,
Indiana,Western Indiana Energy REMC,Cooperative,31252,,,,
Indiana,Whitewater Valley Rural EMC,Cooperative,25718,,,,
Iowa,Access Energy Coop,Cooperative,18891,,,,
Iowa,"Allamakee-Clayton El Coop, Inc",Cooperative,17866,,,,
Iowa,Amana Society Service Co,Investor Owned,1510,,,,
Iowa,Atchison-Holt Electric Coop,Cooperative,2092,,,,
Iowa,Atlantic Municipal Utilities,Municipal,8339,,,,
Iowa,Bancroft Municipal Utilities,Municipal,1014,,,,
Iowa,Board of Water Electric & Communications,Municipal,22229,,,,
Iowa,Boone Valley Electric Coop,Cooperative,168,,,,
Iowa,Butler County Rural Elec Coop - (IA),Cooperative,8055,,,,
Iowa,Calhoun County Elec Coop Assn,Cooperative,2880,,,,
Iowa,Cascade Municipal Utilities,Municipal,2103,,,,
Iowa,Cass Electric Coop,Cooperative,158,,,,
Iowa,Cedar Falls Utilities,Municipal,37623,,,,
Iowa,"Chariton Valley Elec Coop, Inc",Cooperative,11910,,,,
Iowa,City of Afton- (IA),Municipal,871,,,,
Iowa,City of Akron - (IA),Municipal,1583,,,,
Iowa,City of Algona - (IA),Municipal,6252,,,,
Iowa,City of Alta - (IA),Municipal,1978,,,,
Iowa,City of Alta Vista- (IA),Municipal,301,,,,
Iowa,City of Alton,Municipal,1198,,,,
Iowa,City of Ames - (IA),Municipal,51305,,,,
Iowa,City of Anita - (IA),Municipal,1018,,,,
Iowa,City of Anthon - (IA),Municipal,710,,,,
Iowa,City of Aplington,Municipal,1002,,,,
Iowa,City of Auburn - (IA),Municipal,294,,,,
Iowa,City of Aurelia - (IA),Municipal,869,,,,
Iowa,City of Bellevue - (IA),Municipal,3074,,,,
Iowa,City of Bloomfield - (IA),Municipal,2993,,,,
Iowa,City of Breda - (IA),Municipal,522,,,,
Iowa,City of Brooklyn - (IA),Municipal,1328,,,,
Iowa,City of Buffalo - (IA),Municipal,822,,,,
Iowa,City of Burt,Municipal,502,,,,
Iowa,City of Callender - (IA),Municipal,333,,,,
Iowa,City of Carlisle- (IA),Municipal,3028,,,,
Iowa,City of Coggon - (IA),Municipal,617,,,,
Iowa,City of Coon Rapids,Municipal,1401,,,,
Iowa,City of Corning - (IA),Municipal,1965,,,,
Iowa,City of Corwith - (IA),Municipal,325,,,,
Iowa,City of Danville - (IA),Municipal,731,,,,
Iowa,City of Dayton - (IA),Municipal,879,,,,
Iowa,City of Denison - (IA),Municipal,6236,,,,
Iowa,City of Denver - (IA),Municipal,1712,,,,
Iowa,City of Dike,Municipal,886,,,,
Iowa,City of Durant - (IA),Municipal,1702,,,,
Iowa,City of Dysart - (IA),Municipal,1340,,,,
Iowa,City of Earlville - (IA),Municipal,755,,,,
Iowa,City of Ellsworth - (IA),Municipal,499,,,,
Iowa,City of Estherville - (IA),Municipal,5178,,,,
Iowa,City of Fairbank - (IA),Municipal,1039,,,,
Iowa,City of Farnhamville - (IA),Municipal,509,,,,
Iowa,City of Fonda - (IA),Municipal,617,,,,
Iowa,City of Fontanelle - (IA),Municipal,773,,,,
Iowa,City of Forest City- (IA),Municipal,3557,,,,
Iowa,City of Fredericksburg - (IA),Municipal,987,,,,
Iowa,City of Glidden - (IA),Municipal,1222,,,,
Iowa,City of Graettinger - (IA),Municipal,869,,,,
Iowa,City of Grand Junction - (IA),Municipal,738,,,,
Iowa,City of Greenfield - (IA),Municipal,1987,,,,
Iowa,City of Guttenberg,Municipal,2337,,,,
Iowa,City of Hartley - (IA),Municipal,1721,,,,
Iowa,City of Hawarden - (IA),Municipal,2677,,,,
Iowa,City of Hinton,Municipal,755,,,,
Iowa,City of Hopkinton - (IA),Municipal,685,,,,
Iowa,City of Independence - (IA),Municipal,6153,,,,
Iowa,City of Kimballton - (IA),Municipal,325,,,,
Iowa,City of Lake Mills,Municipal,2004,,,,
Iowa,City of Lake Park - (IA),Municipal,981,,,,
Iowa,City of Lake View - (IA),Municipal,2290,,,,
Iowa,City of Lamoni - (IA),Municipal,1988,,,,
Iowa,City of Larchwood - (IA),Municipal,1074,,,,
Iowa,City of Laurens - (IA),Municipal,1420,,,,
Iowa,City of Lawler - (IA),Municipal,555,,,,
Iowa,City of Lehigh - (IA),Municipal,399,,,,
Iowa,City of Lenox - (IA),Municipal,1300,,,,
Iowa,City of Livermore- (IA),Municipal,363,,,,
Iowa,City of Long Grove - (IA),Municipal,407,,,,
Iowa,City of Manning,Municipal,1434,,,,
Iowa,City of Mapleton- (IA),Municipal,1252,,,,
Iowa,City of Maquoketa - (IA),Municipal,5953,,,,
Iowa,City of Marathon - (IA),Municipal,373,,,,
Iowa,City of McGregor- (IA),Municipal,1057,,,,
Iowa,City of Milford - (IA),Municipal,2416,,,,
Iowa,City of Montezuma - (IA),Municipal,1483,,,,
Iowa,City of Mt Pleasant - (IA),Municipal,7122,,,,
Iowa,City of Neola - (IA),Municipal,851,,,,
Iowa,City of New Hampton - (IA),Municipal,4404,,,,
Iowa,City of Ogden - (IA),Municipal,2054,,,,
Iowa,City of Onawa - (IA),Municipal,5436,,,,
Iowa,City of Orange City - (IA),Municipal,4639,,,,
Iowa,City of Orient - (IA),Municipal,406,,,,
Iowa,City of Osage - (IA),Municipal,4132,,,,
Iowa,City of Panora - (IA),Municipal,1275,,,,
Iowa,City of Paton - (IA),Municipal,195,,,,
Iowa,City of Paullina - (IA),Municipal,1161,,,,
Iowa,City of Pella - (IA),Municipal,9663,,,,
Iowa,City of Pocahontas - (IA),Municipal,2337,,,,
Iowa,City of Preston,Municipal,1102,,,,
Iowa,City of Primghar - (IA),Municipal,1109,,,,
Iowa,City of Readlyn - (IA),Municipal,684,,,,
Iowa,City of Remsen - (IA),Municipal,1619,,,,
Iowa,City of Renwick - (IA),Municipal,445,,,,
Iowa,City of Rockford- (IA),Municipal,824,,,,
Iowa,City of Sabula - (IA),Municipal,666,,,,
Iowa,City of Sanborn - (IA),Municipal,1416,,,,
Iowa,City of Sergeant Bluff - (IA),Municipal,4107,,,,
Iowa,City of Shelby - (IA),Municipal,648,,,,
Iowa,City of Sibley - (IA),Municipal,2596,,,,
Iowa,City of Sioux Center,Municipal,5888,,,,
Iowa,City of Spencer - (IA),Municipal,10502,,,,
Iowa,City of Stanhope - (IA),Municipal,441,,,,
Iowa,City of Stanton - (IA),Municipal,604,,,,
Iowa,City of State Center - (IA),Municipal,1791,,,,
Iowa,City of Story City - (IA),Municipal,3502,,,,
Iowa,City of Stratford - (IA),Municipal,683,,,,
Iowa,City of Strawberry Point,Municipal,1195,,,,
Iowa,City of Stuart - (IA),Municipal,1680,,,,
Iowa,City of Sumner - (IA),Municipal,2065,,,,
Iowa,City of Tipton - (IA),Municipal,3238,,,,
Iowa,City of Traer - (IA),Municipal,2046,,,,
Iowa,City of Villisca - (IA),Municipal,1179,,,,
Iowa,City of Vinton - (IA),Municipal,4821,,,,
Iowa,City of Wall Lake - (IA),Municipal,886,,,,
Iowa,City of Webster City - (IA),Municipal,7655,,,,
Iowa,City of West Bend,Municipal,1024,,,,
Iowa,City of West Liberty - (IA),Municipal,3272,,,,
Iowa,City of Whittemore - (IA),Municipal,528,,,,
Iowa,City of Wilton - (IA),Municipal,2820,,,,
Iowa,City of Winterset - (IA),Municipal,5354,,,,
Iowa,City of Woodbine - (IA),Municipal,1553,,,,
Iowa,City of Woolstock - (IA),Municipal,218,,,,
Iowa,Clarke Electric Coop Inc - (IA),Cooperative,10988,,,,
Iowa,Consumers Energy Coop - (IA),Cooperative,15076,,,,
Iowa,East-Central Iowa Rural Elec Coop,Cooperative,15758,,,,
Iowa,Eastern Iowa Light & Power Coop,Cooperative,44375,,,,
Iowa,Eldridge City Utilities,Municipal,5187,,,,
Iowa,Farmers Electric Coop - (IA),Cooperative,1170,,,,
Iowa,"Farmers Electric Coop, Inc - (IA)",Cooperative,9133,,,,
Iowa,Federated Rural Electric Assn,Cooperative,102,,,,
Iowa,Franklin Rural Electric Coop - (IA),Cooperative,3414,,,,
Iowa,Freeborn Mower Electric Cooperative,Cooperative,12,,,,
Iowa,Gowrie Municipal Utilities,Municipal,1012,,,,
Iowa,Grafton Electric - (IA),Municipal,277,,,,
Iowa,Grundy Center Mun Light & Power,Municipal,2840,,,,
Iowa,Grundy County Rural Elec Coop,Cooperative,4158,,,,
Iowa,"Grundy Electric Coop, Inc",Cooperative,424,,,,
Iowa,Guthrie County Rural E C A,Cooperative,9350,,,,
Iowa,Harlan Municipal Utilities - (IA),Municipal,5099,,,,
Iowa,Harrison County Rrl Elec Coop,Cooperative,7310,,,,
Iowa,Heartland Power Coop,Cooperative,8795,,,,
Iowa,Indianola Municipal Utilities,Municipal,12705,,,,
Iowa,Interstate Power and Light Co,Investor Owned,895173,,,,
Iowa,Iowa Lakes Electric Coop,Cooperative,20148,,,,
Iowa,Keosauqua Municipal Light & Pwr,Municipal,1179,,,,
Iowa,La Porte City Utilities,Municipal,2100,,,,
Iowa,Linn County REC,Cooperative,65128,,,,
Iowa,Lyon Rural Electric Coop,Cooperative,4711,,,,
Iowa,Maquoketa Valley Rrl Elec Coop,Cooperative,23595,,,,
Iowa,MidAmerican Energy Co,Investor Owned,1373035,,Approved,,Yes
Iowa,Midland Power Coop,Cooperative,25894,,,,
Iowa,MiEnergy Cooperative,Cooperative,12481,,,,
Iowa,New London Municipal Utilities,Municipal,2127,,,,
Iowa,Nishnabotna Valley R E C,Cooperative,6892,,,,
Iowa,Nobles Cooperative Electric,Cooperative,21,,,,
Iowa,North West Rural Electric Coop,Cooperative,21154,,,,
Iowa,"Osceola Electric Coop, Inc",Cooperative,2250,,,,
Iowa,Pella Cooperative Elec Assn,Cooperative,6055,,,,
Iowa,Pleasant Hill Community Line,Cooperative,247,,,,
Iowa,Prairie Energy Coop,Cooperative,6942,,,,
Iowa,Raccoon Valley Electric Cooperative,Cooperative,5063,,,,
Iowa,Rock Rapids Municipal Utility,Municipal,2905,,,,
Iowa,"Southern Iowa Elec Coop, Inc",Cooperative,9251,,,,
Iowa,Southwest Iowa Rural Elec Coop,Cooperative,10853,,,,
Iowa,T I P Rural Electric Coop,Cooperative,12116,,,,
Iowa,Town of Manilla - (IA),Municipal,911,,,,
Iowa,Town of Westfield - (IA),Municipal,146,,,,
Iowa,"United Electric Coop, Inc - (MO)",Cooperative,934,,,,
Iowa,Waverly Municipal Elec Utility,Municipal,9381,,,,
Iowa,West Point Utility System,Municipal,1422,,,,
Iowa,Western Iowa Power Coop,Cooperative,10544,,,,
Iowa,Woodbury County Rural E C A,Cooperative,6598,,,,
Kansas,"4 Rivers Electric Cooperative, Inc.",Cooperative,20757,,,,
Kansas,"Alfalfa Electric Coop, Inc",Cooperative,418,,,,
Kansas,"Ark Valley Elec Coop Assn, Inc",Cooperative,8278,,,,
Kansas,Bluestem Electric Coop Inc,Cooperative,12194,,,,
Kansas,Brown-Atchison E C A Inc,Cooperative,5575,,,,
Kansas,"Butler Rural El Coop Assn, Inc - (KS)",Cooperative,13186,,,,
Kansas,"Caney Valley El Coop Assn, Inc",Cooperative,8695,,,,
Kansas,City of Alma - (KS),Municipal,1054,,,,
Kansas,City of Altamont - (KS),Municipal,988,,,,
Kansas,City of Anthony - (KS),Municipal,3255,,,,
Kansas,City of Arcadia - (KS),Municipal,318,,,,
Kansas,City of Arma - (KS),Municipal,1356,,,,
Kansas,City of Ashland - (KS),Municipal,1253,,,,
Kansas,City of Attica - (KS),Municipal,794,,,,
Kansas,City of Augusta - (KS),Municipal,7949,,,,
Kansas,City of Axtell - (KS),Municipal,398,,,,
Kansas,City of Baldwin City- (KS),Municipal,3350,,,,
Kansas,City of Belleville - (KS),Municipal,2373,,,,
Kansas,City of Beloit - (KS),Municipal,3569,,,,
Kansas,City of Blue Mound - (KS),Municipal,237,,,,
Kansas,City of Bronson,Municipal,231,,,,
Kansas,City of Burlingame - (KS),Municipal,1201,,,,
Kansas,City of Burlington - (KS),Municipal,2870,,,,
Kansas,City of Cawker City - (KS),Municipal,657,,,,
Kansas,City of Centralia - (KS),Municipal,501,,,,
Kansas,City of Chanute,Municipal,9541,,,,
Kansas,City of Chapman - (KS),Municipal,1126,,,,
Kansas,City of Chetopa - (KS),Municipal,1075,,,,
Kansas,City of Cimarron - (KS),Municipal,2144,,,,
Kansas,City of Clay Center - (KS),Municipal,4555,,,,
Kansas,City of Coffeyville - (KS),Municipal,9876,,,,
Kansas,City of Colby - (KS),Municipal,5577,,,,
Kansas,City of Dighton - (KS),Municipal,1322,,,,
Kansas,City of Ellinwood - (KS),Municipal,2251,,,,
Kansas,City of Elsmore - (KS),Municipal,83,,,,
Kansas,City of Elwood - (KS),Municipal,1082,,,,
Kansas,City of Enterprise - (KS),Municipal,682,,,,
Kansas,City of Erie - (KS),Municipal,1095,,,,
Kansas,City of Eudora - (KS),Municipal,4366,,,,
Kansas,City of Fredonia - (KS),Municipal,2552,,,,
Kansas,City of Galva - (KS),Municipal,811,,,,
Kansas,City of Garden City,Municipal,26300,,,,
Kansas,City of Gardner - (KS),Municipal,18171,,,,
Kansas,City of Garnett - (KS),Municipal,4049,,,,
Kansas,City of Girard - (KS),Municipal,2698,,,,
Kansas,City of Glasco - (KS),Municipal,599,,,,
Kansas,City of Glen Elder - (KS),Municipal,582,,,,
Kansas,City of Goodland - (KS),Municipal,4418,,,,
Kansas,City of Greensburg - (KS),Municipal,1080,,,,
Kansas,City of Haven - (KS),Municipal,1100,,,,
Kansas,City of Herington - (KS),Municipal,2209,,,,
Kansas,City of Herndon,Municipal,234,,,,
Kansas,City of Hill City,Municipal,1429,,,,
Kansas,City of Hillsboro - (KS),Municipal,2557,,,,
Kansas,City of Hoisington - (KS),Municipal,2706,,,,
Kansas,City of Holton - (KS),Municipal,4836,,,,
Kansas,City of Holyrood - (KS),Municipal,506,,,,
Kansas,City of Horton - (KS),Municipal,2209,,,,
Kansas,City of Hugoton - (KS),Municipal,4387,,,,
Kansas,City of Iola - (KS),Municipal,6532,,,,
Kansas,City of Isabel - (KS),Municipal,112,,,,
Kansas,City of Iuka - (KS),Municipal,172,,,,
Kansas,City of Jetmore,Municipal,1101,,,,
Kansas,City of Johnson - (KS),Municipal,1457,,,,
Kansas,City of Kansas City - (KS),Municipal,147888,,,,
Kansas,City of Kingman - (KS),Municipal,3167,,,,
Kansas,City of Kiowa - (KS),Municipal,1449,,,,
Kansas,City of La Crosse - (KS),Municipal,1403,,,,
Kansas,City of La Harpe - (KS),Municipal,522,,,,
Kansas,City of Lakin - (KS),Municipal,2028,,,,
Kansas,City of Larned - (KS),Municipal,4027,,,,
Kansas,City of Lincoln Center - (KS),Municipal,1473,,,,
Kansas,City of Lindsborg - (KS),Municipal,3037,,,,
Kansas,City of Lucas- (KS),Municipal,546,,,,
Kansas,City of Luray - (KS),Municipal,227,,,,
Kansas,City of Mankato - (KS),Municipal,950,,,,
Kansas,City of Marion - (KS),Municipal,2080,,,,
Kansas,City of McPherson - (KS),Municipal,15385,,,,
Kansas,City of Meade - (KS),Municipal,1764,,,,
Kansas,City of Minneapolis - (KS),Municipal,2012,,,,
Kansas,City of Montezuma - (KS),Municipal,1115,,,,
Kansas,City of Moran - (KS),Municipal,473,,,,
Kansas,City of Morrill - (KS),Municipal,264,,,,
Kansas,City of Moundridge - (KS),Municipal,1838,,,,
Kansas,City of Mount Hope - (KS),Municipal,817,,,,
Kansas,City of Mulberry - (KS),Municipal,366,,,,
Kansas,City of Mulvane - (KS),Municipal,5403,,,,
Kansas,City of Muscotah,Municipal,180,,,,
Kansas,City of Neodesha - (KS),Municipal,2691,,,,
Kansas,City of Norton,Municipal,2842,,,,
Kansas,City of Oberlin - (KS),Municipal,1962,,,,
Kansas,City of Osage City - (KS),Municipal,3109,,,,
Kansas,City of Osawatomie - (KS),Municipal,3797,,,,
Kansas,City of Osborne - (KS),Municipal,1405,,,,
Kansas,City of Ottawa - (KS),Municipal,11512,,,,
Kansas,City of Oxford - (KS),Municipal,1045,,,,
Kansas,City of Pomona - (KS),Municipal,1197,,,,
Kansas,City of Pratt- (KS),Municipal,8132,,,,
Kansas,City of Prescott - (KS),Municipal,201,,,,
Kansas,City of Radium - (KS),Municipal,41,,,,
Kansas,City of Robinson - (KS),Municipal,281,,,,
Kansas,City of Russell - (KS),Municipal,5159,,,,
Kansas,City of Sabetha - (KS),Municipal,3416,,,,
Kansas,City of Savonburg - (KS),Municipal,92,,,,
Kansas,City of Scranton - (KS),Municipal,578,,,,
Kansas,City of Seneca - (KS),Municipal,2151,,,,
Kansas,City of Sharon Springs - (KS),Municipal,1015,,,,
Kansas,City of St Francis - (KS),Municipal,1613,,,,
Kansas,City of St Marys - (KS),Municipal,2280,,,,
Kansas,City of St. John - (KS),Municipal,1452,,,,
Kansas,City of Stafford - (KS),Municipal,1268,,,,
Kansas,City of Sterling - (KS),Municipal,2081,,,,
Kansas,City of Stockton - (KS),Municipal,1477,,,,
Kansas,City of Summerfield - (KS),Municipal,200,,,,
Kansas,City of Toronto - (KS),Municipal,355,,,,
Kansas,City of Troy - (KS),Municipal,1077,,,,
Kansas,City of Udall - (KS),Municipal,757,,,,
Kansas,City of Vermillion - (KS),Municipal,173,,,,
Kansas,City of Wamego - (KS),Municipal,4881,,,,
Kansas,City of Washington - (KS),Municipal,1280,,,,
Kansas,City of Waterville - (KS),Municipal,632,,,,
Kansas,City of Wathena - (KS),Municipal,1140,,,,
Kansas,City of Wellington - (KS),Municipal,8064,,,,
Kansas,City of Winfield - (KS),Municipal,13469,,,,
Kansas,CMS Electric Coop Inc,Cooperative,7731,,,,
Kansas,"Doniphan Elec Coop Assn, Inc",Cooperative,2689,,,,
Kansas,"DS&O Electric Cooperative, Inc.",Cooperative,13428,,,,
Kansas,Empire District Electric Co,Investor Owned,17880,,,,
Kansas,"Evergy Kansas Central, Inc",Investor Owned,737452,Approved,,Approved,Yes
Kansas,"Evergy Kansas South, Inc",Investor Owned,659692,Approved,,Approved,Yes
Kansas,Evergy Metro,Investor Owned,538705,Approved,,Approved,Yes
Kansas,"Flint Hills Rural E C A, Inc",Cooperative,10438,,,,
Kansas,FreeState Electric Coop,Cooperative,36993,,,,
Kansas,"Heartland Rural Elec Coop, Inc",Cooperative,18459,,,,
Kansas,"Lane-Scott Electric Coop, Inc",Cooperative,10005,,,,
Kansas,Midwest Energy Inc - (KS),Cooperative,60360,,,,
Kansas,"Nemaha-Marshall E C A, Inc",Cooperative,6194,,,,
Kansas,Ninnescah Rural E C A Inc,Cooperative,6546,,,,
Kansas,"Pioneer Electric Coop, Inc - (KS)",Cooperative,12594,,,,
Kansas,Prairie Land Electric Coop Inc,Cooperative,25969,,,,
Kansas,Rolling Hills Electric Coop,Cooperative,17598,,,,
Kansas,Sedgwick County El Coop Assn Inc,Cooperative,13621,,,,
Kansas,Southern Pioneer Electric Company,Cooperative,26916,,,,
Kansas,"Sumner-Cowley Elec Coop, Inc",Cooperative,7730,,,,
Kansas,"Tri-County Electric Coop, Inc (OK)",Cooperative,2766,,,,
Kansas,Twin Valley Electric Coop Inc,Cooperative,4619,,,,
Kansas,Victory Electric Coop Assn Inc,Cooperative,34775,,,,
Kansas,WAPA-- Western Area Power Administration,Federal,0,,,,
Kansas,Western Coop Electric Assn Inc,Cooperative,11540,,,,
Kansas,"Wheatland Electric Coop, Inc",Cooperative,45519,,,,
Kentucky,Barbourville Utility Comm,Municipal,7230,,,,
Kentucky,Big Sandy Rural Elec Coop Corp,Cooperative,24269,,,,
Kentucky,Blue Grass Energy Coop Corp,Cooperative,126663,,,,
Kentucky,City of Bardstown - (KY),Municipal,8169,,,,
Kentucky,City of Bardwell - (KY),Municipal,857,,,,
Kentucky,City of Benham,Municipal,436,,,,
Kentucky,City of Benton - (KY),Municipal,3875,,,,
Kentucky,City of Berea Municipal Utility,Municipal,9973,,,,
Kentucky,City of Bowling Green - (KY),Municipal,57389,,,,
Kentucky,City of Falmouth - (KY),Municipal,1925,,,,
Kentucky,City of Frankfort - (KY),Municipal,35707,,,,
Kentucky,City of Franklin - (KY),Municipal,9669,,,,
Kentucky,City of Fulton - (KY),Municipal,2398,,,,
Kentucky,City of Glasgow - (KY),Municipal,12056,,,,
Kentucky,City of Hickman,Municipal,1658,,,,
Kentucky,City of Hopkinsville,Municipal,22379,,,,
Kentucky,City of Jellico,Municipal,3979,,,,
Kentucky,City of Mayfield Plant Board,Municipal,9645,,,,
Kentucky,City of Murray - (KY),Municipal,12380,,,,
Kentucky,City of Nicholasville - (KY),Municipal,12439,,,,
Kentucky,City of Olive Hill - (KY),Municipal,2060,,,,
Kentucky,City of Owensboro - (KY),Municipal,49117,,,,
Kentucky,City of Paducah - (KY),Municipal,39358,,,,
Kentucky,City of Paris - (KY),Municipal,5835,,,,
Kentucky,City of Princeton - (KY),Municipal,6440,,,,
Kentucky,City of Providence - (KY),Municipal,2297,,,,
Kentucky,City of Russellville - (KY),Municipal,6738,,,,
Kentucky,City of Vanceburg,Municipal,4547,,,,
Kentucky,Clark Energy Coop Inc - (KY),Cooperative,52866,,,,
Kentucky,Corbin City Utilities Comm,Municipal,7385,,,,
Kentucky,"Cumberland Valley Electric, Inc.",Cooperative,48449,,,,
Kentucky,Duke Energy Kentucky,Investor Owned,308526,,,,
Kentucky,Farmers Rural Electric Coop Corp - (KY),Cooperative,53225,,,,
Kentucky,Fleming-Mason Energy Coop Inc,Cooperative,50965,,,,
Kentucky,Gibson Electric Members Corp,Cooperative,5524,,,,
Kentucky,Grayson Rural Electric Coop Corp,Cooperative,30061,,,,
Kentucky,Henderson City Utility Comm,Municipal,20979,,,,
Kentucky,Inter County Energy Coop Corp - (KY),Cooperative,56565,,,,
Kentucky,Jackson Energy Coop Corp - (KY),Cooperative,106311,,,,
Kentucky,Jackson Purchase Energy Corporation,Cooperative,50631,,,,
Kentucky,Kenergy Corp,Cooperative,99765,,,,
Kentucky,Kentucky Power Co,Investor Owned,271140,,,,
Kentucky,Kentucky Utilities Co,Investor Owned,958447,,,,
Kentucky,Licking Valley Rural E C C,Cooperative,35560,,,,
Kentucky,Louisville Gas & Electric Co,Investor Owned,804502,,,,
Kentucky,Madisonville Municipal Utils,Municipal,14433,,,,
Kentucky,Meade County Rural E C C,Cooperative,63970,,,,
Kentucky,Nolin Rural Electric Coop Corp,Cooperative,79224,,,,
Kentucky,Owen Electric Coop Inc,Cooperative,141889,,,,
Kentucky,Pennyrile Rural Electric Coop,Cooperative,90468,,,,
Kentucky,Salt River Electric Coop Corp,Cooperative,110443,,,,
Kentucky,"Shelby Energy Coop, Inc - (KY)",Cooperative,35935,,,,
Kentucky,South Kentucky Rural E C C,Cooperative,139392,,,,
Kentucky,Taylor County Rural E C C,Cooperative,53451,,,,
Kentucky,Tennessee Valley Authority,Federal,0,,,,
Kentucky,Tri-County Elec Member Corp (TN),Cooperative,43472,,,,
Kentucky,Warren Rural Elec Coop Corp,Cooperative,130386,,,,
Kentucky,West Kentucky Rural E C C,Cooperative,67339,,,,
Kentucky,Williamstown Utility Comm,Municipal,3149,,,,
Louisiana,"Ashley Chicot Elec Coop, Inc",Cooperative,162,,,,
Louisiana,"Beauregard Electric Coop, Inc",Cooperative,86587,,,,
Louisiana,City of Abbeville - (LA),Municipal,9727,,,,
Louisiana,City of Alexandria - (LA),Municipal,41640,,,,
Louisiana,City of Erath - (LA),Municipal,1671,,,,
Louisiana,City of Jonesville - (LA),Municipal,1759,,,,
Louisiana,City of Kaplan - (LA),Municipal,3581,,,,
Louisiana,City of Lafayette - (LA),Municipal,122668,,,,
Louisiana,City of Minden - (LA),Municipal,10683,,,,
Louisiana,City of Natchitoches,Municipal,14429,,,,
Louisiana,City of New Roads - (LA),Municipal,0,,,,
Louisiana,City of Plaquemine - (LA),Municipal,8275,,,,
Louisiana,City of Rayne - (LA),Municipal,6769,,,,
Louisiana,City of Ruston - (LA),Municipal,19640,,,,
Louisiana,City of St Martinville - (LA),Municipal,4865,,,,
Louisiana,City of Winnfield - (LA),Municipal,4203,,,,
Louisiana,"Claiborne Electric Coop, Inc",Cooperative,44036,,,,
Louisiana,Cleco Power LLC,Investor Owned,540073,,,,
Louisiana,"Concordia Electric Coop, Inc",Cooperative,25253,,,,
Louisiana,Dixie Electric Membership Corp - (LA),Cooperative,239297,,,,
Louisiana,Entergy Louisiana LLC,Investor Owned,2013982,,,,
Louisiana,"Entergy New Orleans, LLC",Investor Owned,370611,,,,
Louisiana,"Jefferson Davis Elec Coop, Inc",Cooperative,20014,,,,
Louisiana,Morgan City - (LA),Municipal,10041,,,,
Louisiana,Northeast Louisiana Power Coop Inc.,Cooperative,23848,,,,
Louisiana,"Panola-Harrison Elec Coop, Inc",Cooperative,16880,,,,
Louisiana,Pointe Coupee Elec Member Corp,Cooperative,16934,,,,
Louisiana,South Louisiana Elec Coop Assn,Cooperative,35881,,,,
Louisiana,Southwest Louisiana E M C,Cooperative,227692,,,,
Louisiana,Southwestern Electric Power Co,Investor Owned,422120,,,,
Louisiana,Terrebonne Parish Consol Gov't,Municipal,23575,,,,
Louisiana,Town of Boyce,Municipal,612,,,,
Louisiana,Town of Gueydan,Municipal,1300,,,,
Louisiana,Town of Vidalia - (LA),Municipal,3847,,,,
Louisiana,Town of Vinton - (LA),Municipal,2855,,,,
Louisiana,Town of Welsh - (LA),Municipal,3120,,,,
Louisiana,Vinton Public Power Authority,Political Subdivision,0,,,,
Louisiana,"Washington-St Tammany E C, Inc",Cooperative,109497,,,,
Maine,Central Maine Power Co,Investor Owned,1054975,,,,
Maine,Eastern Maine Electric Coop,Cooperative,19353,,,,
Maine,"Fox Islands Electric Coop, Inc",Cooperative,2769,,,,
Maine,Houlton Water Company,Municipal,6863,,,,
Maine,Kennebunk Light & Power Dist,Municipal,11848,,,,
Maine,Matinicus Plantation Elec Co,Municipal,190,,,,
Maine,Town of Madison - (ME),Municipal,4206,,,,
Maine,Van Buren Light & Power Dist,Municipal,1989,,,,
Maine,Versant Power,Investor Owned,244883,Approved,,,Yes
Maryland,A & N Electric Coop,Cooperative,570,,,,
Maryland,Baltimore Gas & Electric Co,Investor Owned,2968201,Approved,Approved,Approved,Yes
Maryland,"Choptank Electric Cooperative, Inc",Cooperative,116923,,,,
Maryland,Delmarva Power,Investor Owned,438564,Approved,Approved,Approved,Yes
Maryland,Easton Utilities Comm,Municipal,18560,,,,
Maryland,Hagerstown Light Department,Municipal,35467,,,,
Maryland,Potomac Electric Power Co,Investor Owned,1422068,Approved,Approved,Approved,Yes
Maryland,Southern Maryland Elec Coop Inc,Cooperative,414002,,Approved,Approved,Yes
Maryland,The Potomac Edison Company,Investor Owned,649639,Approved,Approved,Approved,Yes
Maryland,Thurmont Municipal Light Co,Municipal,6105,,,,
Maryland,Town of Berlin - (MD),Municipal,4724,,,,
Maryland,Town of Williamsport - (MD),Municipal,1987,,,,
Massachusetts,City of Chicopee - (MA),Municipal,54080,,,,
Massachusetts,City of Hingham - (MA),Municipal,20717,,,,
Massachusetts,City of Holyoke - (MA),Municipal,35031,,,,
Massachusetts,City of Norwood - (MA),Municipal,32661,,,,
Massachusetts,City of Peabody - (MA),Municipal,54773,,,,
Massachusetts,City of Russell - (MA),Municipal,899,,,,
Massachusetts,City of Taunton,Municipal,82837,,,,
Massachusetts,City of Westfield - (MA),Municipal,37733,,,,
Massachusetts,Fitchburg Gas & Elec Light Co,Investor Owned,62663,,,,
Massachusetts,Hull Municipal Light Plant,Municipal,12609,,,,
Massachusetts,Massachusetts Electric Co,Investor Owned,2822733,,,,
Massachusetts,Nantucket Electric Co,Investor Owned,33201,,,,
Massachusetts,NSTAR Electric Company,Investor Owned,3010522,,,,
Massachusetts,Town of Ashburnham - (MA),Municipal,6326,,,,
Massachusetts,Town of Belmont - (MA),Municipal,23280,,,,
Massachusetts,Town of Boylston - (MA),Municipal,5260,,,,
Massachusetts,Town of Braintree - (MA),Municipal,33713,,,,
Massachusetts,Town of Chester,Municipal,1425,,,,
Massachusetts,Town of Concord - (MA),Municipal,16699,,,,
Massachusetts,Town of Danvers,Municipal,28166,,,,
Massachusetts,Town of Georgetown - (MA),Municipal,7062,,,,
Massachusetts,Town of Groton - (MA),Municipal,9785,,,,
Massachusetts,Town of Groveland - (MA),Municipal,6061,,,,
Massachusetts,Town of Holden - (MA),Municipal,16833,,,,
Massachusetts,Town of Hudson - (MA),Municipal,27247,,,,
Massachusetts,Town of Ipswich - (MA),Municipal,14462,,,,
Massachusetts,Town of Littleton - (MA),Municipal,16037,,,,
Massachusetts,Town of Mansfield - (MA),Municipal,21819,,,,
Massachusetts,Town of Marblehead - (MA),Municipal,20383,,,,
Massachusetts,Town of Merrimac - (MA),Municipal,6606,,,,
Massachusetts,Town of Middleborough - (MA),Municipal,36699,,,,
Massachusetts,Town of Middleton - (MA),Municipal,8085,,,,
Massachusetts,Town of North Attleborough - (MA),Municipal,29266,,,,
Massachusetts,Town of Paxton - (MA),Municipal,3877,,,,
Massachusetts,Town of Princeton - (MA),Municipal,3050,,,,
Massachusetts,Town of Reading - (MA),Municipal,65226,,,,
Massachusetts,Town of Rowley - (MA),Municipal,6241,,,,
Massachusetts,Town of Shrewsbury - (MA),Municipal,37555,,,,
Massachusetts,Town of South Hadley - (MA),Municipal,14744,,,,
Massachusetts,Town of Sterling - (MA),Municipal,8109,,,,
Massachusetts,Town of Templeton - (MA),Municipal,7521,,,,
Massachusetts,Town of Wakefield - (MA),Municipal,26852,,,,
Massachusetts,Town of Wellesley - (MA),Municipal,22662,,,,
Massachusetts,Town of West Boylston - (MA),Municipal,7469,,,,
Michigan,Alger-Delta Coop Electric Assn,Cooperative,19683,,,,
Michigan,Alpena Power Co,Investor Owned,25506,,,,
Michigan,"Bayfield Electric Coop, Inc",Cooperative,95,,,,
Michigan,Cherryland Electric Coop Inc,Cooperative,74651,,,,
Michigan,City of Bay City - (MI),Municipal,36974,,,,
Michigan,City of Charlevoix - (MI),Municipal,7392,,,,
Michigan,City of Croswell - (MI),Municipal,2257,,,,
Michigan,City of Crystal Falls,Municipal,2471,,,,
Michigan,City of Dowagiac,Municipal,5666,,,,
Michigan,City of Eaton Rapids - (MI),Municipal,5960,,,,
Michigan,City of Escanaba,Municipal,12673,,,,
Michigan,City of Gladstone,Municipal,4799,,,,
Michigan,City of Grand Haven - (MI),Municipal,31371,,,,
Michigan,City of Harbor Springs - (MI),Municipal,6554,,,,
Michigan,City of Hart Hydro - (MI),Municipal,2724,,,,
Michigan,City of Holland,Municipal,63303,,,,
Michigan,City of Lansing - (MI),Municipal,184510,,,,
Michigan,City of Lowell - (MI),Municipal,6140,,,,
Michigan,City of Marquette - (MI),Municipal,30412,,,,
Michigan,City of Marshall - (MI),Municipal,8649,,,,
Michigan,City of Negaunee,Municipal,4001,,,,
Michigan,City of Niles - (MI),Municipal,11948,,,,
Michigan,City of Norway,Municipal,3893,,,,
Michigan,City of Petoskey - (MI),Municipal,9151,,,,
Michigan,City of Portland - (MI),Municipal,5337,,,,
Michigan,City of South Haven - (MI),Municipal,17094,,,,
Michigan,City of St Louis - (MI),Municipal,3656,,,,
Michigan,City of Stephenson - (MI),Municipal,818,,,,
Michigan,City of Sturgis - (MI),Municipal,14183,,,,
Michigan,City of Traverse City - (MI),Municipal,19436,Approved,Approved,,Yes
Michigan,City of Wakefield - (MI),Municipal,1563,,,,
Michigan,City of Zeeland - (MI),Municipal,14314,,,,
Michigan,Cloverland Electric Co-op,Cooperative,72269,,,,
Michigan,Coldwater Board of Public Util,Municipal,14941,,,,
Michigan,Consumers Energy Co - (MI),Investor Owned,3634813,,,,
Michigan,DTE Electric Company,Investor Owned,4541817,,,,
Michigan,Great Lakes Energy Coop,Cooperative,272884,,,,
Michigan,Hillsdale Board of Public Wks,Municipal,11632,,,,
Michigan,Indiana Michigan Power Co,Investor Owned,248887,,,,
Michigan,Midwest Energy Cooperative - (MI),Cooperative,63983,,,,
Michigan,Newberry Water & Light Board,Municipal,2331,,,,
Michigan,Northern States Power Co,Investor Owned,13432,,,,
Michigan,Ontonagon County R E A,Cooperative,7694,,,,
Michigan,Presque Isle Elec & Gas Coop,Cooperative,63376,,,,
Michigan,Thumb Electric Coop of Mich,Cooperative,19791,,,,
Michigan,Tri-County Electric Coop (MI),Cooperative,50158,,,,
Michigan,Upper Michigan Energy Resources Corp.,Investor Owned,66217,,,,
Michigan,Upper Peninsula Power Company,Investor Owned,95074,,,,
Michigan,Village of Baraga - (MI),Municipal,1055,,,,
Michigan,Village of Chelsea - (MI),Municipal,5962,,,,
Michigan,Village of Clinton - (MI),Municipal,2674,,,,
Michigan,Village of Daggett - (MI),Municipal,209,,,,
Michigan,Village of L'Anse - (MI),Municipal,1799,,,,
Michigan,Village of Paw Paw - (MI),Municipal,3433,,,,
Michigan,Village of Sebewaing - (MI),Municipal,1959,,,,
Michigan,Village of Union City - (MI),Municipal,3055,,,,
Michigan,Wyandotte Municipal Serv Comm,Municipal,26649,,,,
Minnesota,Adrian Public Utilities Comm,Municipal,1486,,,,
Minnesota,Agralite Electric Coop,Cooperative,9186,,,,
Minnesota,Aitkin Public Utilities Comm,Municipal,3345,,,,
Minnesota,"ALLETE, Inc.",Investor Owned,262194,,,,
Minnesota,"Arrowhead Electric Coop, Inc",Cooperative,7431,,,,
Minnesota,Bagley Public Utilities Comm,Municipal,1524,,,,
Minnesota,"Beltrami Electric Coop, Inc",Cooperative,44043,,,,
Minnesota,BENCO Electric Cooperative,Cooperative,39339,,,,
Minnesota,Blue Earth Light & Water,Municipal,3386,,,,
Minnesota,Brainerd Public Utilities,Municipal,14068,,,,
Minnesota,Brown County Rural Elec Assn,Cooperative,8327,,,,
Minnesota,City of Ada - (MN),Municipal,2105,,,,
Minnesota,City of Alexandria - (MN),Municipal,17366,,,,
Minnesota,City of Alpha - (MN),Municipal,120,,,,
Minnesota,City of Alvarado - (MN),Municipal,335,,,,
Minnesota,City of Anoka,Municipal,24758,,,,
Minnesota,City of Arlington - (MN),Municipal,2175,,,,
Minnesota,City of Austin - (MN),Municipal,24319,,,,
Minnesota,City of Barnesville - (MN),Municipal,2811,,,,
Minnesota,City of Baudette - (MN),Municipal,1226,,,,
Minnesota,City of Benson - (MN),Municipal,3228,,,,
Minnesota,City of Biwabik - (MN),Municipal,1026,,,,
Minnesota,City of Blooming Prairie - (MN),Municipal,1975,,,,
Minnesota,City of Breckenridge- (MN),Municipal,3227,,,,
Minnesota,City of Brewster - (MN),Municipal,572,,,,
Minnesota,City of Brownton - (MN),Municipal,792,,,,
Minnesota,City of Buffalo - (MN),Municipal,14355,,,,
Minnesota,City of Buhl - (MN),Municipal,903,,,,
Minnesota,City of Caledonia - (MN),Municipal,2890,,,,
Minnesota,City of Ceylon - (MN),Municipal,397,,,,
Minnesota,City of Chaska - (MN),Municipal,25966,,,,
Minnesota,City of Detroit Lakes - (MN),Municipal,14984,,,,
Minnesota,City of East Grand Forks - (MN),Municipal,8139,,,,
Minnesota,City of Eitzen - (MN),Municipal,283,,,,
Minnesota,City of Elbow Lake - (MN),Municipal,1331,,,,
Minnesota,City of Elk River,Municipal,24910,,,,
Minnesota,City of Ely - (MN),Municipal,3552,,,,
Minnesota,City of Fairfax - (MN),Municipal,1287,,,,
Minnesota,City of Fosston - (MN),Municipal,1573,,,,
Minnesota,City of Gilbert,Municipal,1625,,,,
Minnesota,City of Grand Marais - (MN),Municipal,2047,,,,
Minnesota,City of Granite Falls - (MN),Municipal,2754,,,,
Minnesota,City of Grove City,Municipal,797,,,,
Minnesota,City of Halstad - (MN),Municipal,563,,,,
Minnesota,City of Harmony - (MN),Municipal,1258,,,,
Minnesota,City of Henning - (MN),Municipal,981,,,,
Minnesota,City of Jackson - (MN),Municipal,3350,,,,
Minnesota,City of Janesville - (MN),Municipal,2201,,,,
Minnesota,City of Kasota - (MN),Municipal,715,,,,
Minnesota,City of Kasson,Municipal,5578,,,,
Minnesota,City of Lake City - (MN),Municipal,6039,,,,
Minnesota,City of Lake Crystal - (MN),Municipal,2272,,,,
Minnesota,City of Lake Park - (MN),Municipal,1127,,,,
Minnesota,City of Lakefield - (MN),Municipal,1718,,,,
Minnesota,City of Le Sueur - (MN),Municipal,4411,,,,
Minnesota,City of Luverne - (MN),Municipal,4146,,,,
Minnesota,City of Mabel - (MN),Municipal,852,,,,
Minnesota,City of Madelia - (MN),Municipal,2827,,,,
Minnesota,City of Madison - (MN),Municipal,1686,,,,
Minnesota,City of Marshall - (MN),Municipal,12766,,,,
Minnesota,City of Moorhead - (MN),Municipal,38745,,,,
Minnesota,City of Mora - (MN),Municipal,3634,,,,
Minnesota,City of Mountain Iron - (MN),Municipal,2097,,,,
Minnesota,City of Mountain Lake - (MN),Municipal,1941,,,,
Minnesota,City of Nashwauk - (MN),Municipal,1014,,,,
Minnesota,City of Newfolden - (MN),Municipal,424,,,,
Minnesota,City of Nielsville - (MN),Municipal,87,,,,
Minnesota,City of North St Paul - (MN),Municipal,12462,,,,
Minnesota,City of Olivia - (MN),Municipal,2334,,,,
Minnesota,City of Ortonville - (MN),Municipal,2345,,,,
Minnesota,City of Owatonna - (MN),Municipal,24931,,,,
Minnesota,City of Peterson - (MN),Municipal,271,,,,
Minnesota,City of Pierz - (MN),Municipal,1488,,,,
Minnesota,City of Randall - (MN),Municipal,635,,,,
Minnesota,City of Roseau - (MN),Municipal,2736,,,,
Minnesota,City of Round Lake - (MN),Municipal,589,,,,
Minnesota,City of Rushford - (MN),Municipal,1665,,,,
Minnesota,City of Rushmore - (MN),Municipal,469,,,,
Minnesota,City of Saint Peter,Municipal,8627,,,,
Minnesota,City of Sauk Centre - (MN),Municipal,4639,,,,
Minnesota,City of Shelly - (MN),Municipal,240,,,,
Minnesota,City of Spring Grove,Municipal,1414,,,,
Minnesota,City of St Charles - (MN),Municipal,3311,,,,
Minnesota,City of St James - (MN),Municipal,4486,,,,
Minnesota,City of Staples- (MN),Municipal,2687,,,,
Minnesota,City of Stephen - (MN),Municipal,0,,,,
Minnesota,City of Thief River Falls,Municipal,8727,,,,
Minnesota,City of Two Harbors- (MN),Municipal,3337,,,,
Minnesota,City of Tyler - (MN),Municipal,1217,,,,
Minnesota,City of Virginia - (MN),Municipal,8359,,,,
Minnesota,City of Wadena - (MN),Municipal,4479,,,,
Minnesota,City of Warren - (MN),Municipal,1772,,,,
Minnesota,City of Warroad,Municipal,2101,,,,
Minnesota,City of Waseca - (MN),Municipal,7668,,,,
Minnesota,City of Wells - (MN),Municipal,2363,,,,
Minnesota,City of Westbrook,Municipal,921,,,,
Minnesota,City of Whalan - (MN),Municipal,105,,,,
Minnesota,City of Windom,Municipal,4673,,,,
Minnesota,City of Winthrop - (MN),Municipal,1508,,,,
Minnesota,City of Worthington - (MN),Municipal,11686,,,,
Minnesota,Clearwater-Polk Elec Coop Inc,Cooperative,8551,,,,
Minnesota,Connexus Energy,Cooperative,290268,,,,
Minnesota,Cooperative L&P Assn Lake County,Cooperative,10993,,,,
Minnesota,Crow Wing Cooperative Power & Light Comp,Cooperative,93658,,,,
Minnesota,Dakota Electric Association,Cooperative,249305,,,,
Minnesota,Delano Municipal Utilities,Municipal,7088,,,,
Minnesota,East Central Energy,Cooperative,126675,,,,
Minnesota,Fairmont Public Utilities Comm,Municipal,9816,,,,
Minnesota,Federated Rural Electric Assn,Cooperative,12273,,,,
Minnesota,Freeborn Mower Electric Cooperative,Cooperative,38682,,,,
Minnesota,Glencoe Light & Power Comm,Municipal,5490,,,,
Minnesota,Goodhue County Coop Elec Assn,Cooperative,10088,,,,
Minnesota,Grand Rapids Public Util Comm,Municipal,13790,,,,
Minnesota,H-D Electric Coop Inc,Cooperative,18,,,,
Minnesota,Hawley Public Utilities Comm,Municipal,2178,,,,
Minnesota,Heartland Power Coop,Cooperative,82,,,,
Minnesota,Hibbing Public Utilities Comm,Municipal,13978,,,,
Minnesota,Hutchinson Utilities Comm,Municipal,14129,,,,
Minnesota,Itasca-Mantrap Co-op Electrical Assn,Cooperative,23995,,,,
Minnesota,Kandiyohi Power Coop,Cooperative,17104,,,,
Minnesota,Keewatin Public Utilities,Municipal,956,,,,
Minnesota,Kenyon Municipal Utilities,Municipal,1980,,,,
Minnesota,Lake Country Power,Cooperative,94987,,,,
Minnesota,Lake Region Electric Cooperative - (MN),Cooperative,57389,,,,
Minnesota,Lanesboro Public Utility Comm,Municipal,1148,,,,
Minnesota,Litchfield Public Utilities,Municipal,6176,,,,
Minnesota,"Lyon Electric Cooperative, Inc.",Cooperative,7062,,,,
Minnesota,McLeod Cooperative Power Assn,Cooperative,14040,,,,
Minnesota,Meeker Coop Light & Power Assn,Cooperative,19531,,,,
Minnesota,Melrose Public Utilities,Municipal,3662,,,,
Minnesota,MiEnergy Cooperative,Cooperative,32634,,,,
Minnesota,Mille Lacs Energy Cooperative,Cooperative,29980,,,,
Minnesota,Minnesota Valley Coop L&P Assn,Cooperative,10345,,,,
Minnesota,Minnesota Valley Electric Coop,Cooperative,93494,,,,
Minnesota,Moose Lake Water & Light Comm,Municipal,1684,,,,
Minnesota,New Prague Utilities Comm,Municipal,7782,,,,
Minnesota,New Ulm Public Utilities Comm,Municipal,12628,,,,
Minnesota,Nobles Cooperative Electric,Cooperative,13063,,,,
Minnesota,North Itasca Electric Coop Inc,Cooperative,10170,,,,
Minnesota,"North Star Electric Coop, Inc",Cooperative,11730,,,,
Minnesota,Northern States Power Co - Minnesota,Investor Owned,2694342,,,,
Minnesota,Northwestern Wisconsin Elec Co,Investor Owned,180,,,,
Minnesota,Otter Tail Power Co,Investor Owned,106249,,,,
Minnesota,"P K M Electric Coop, Inc",Cooperative,7314,,,,
Minnesota,People's Cooperative Services,Cooperative,46738,,,,
Minnesota,Preston Public Utilities Comm,Municipal,1626,,,,
Minnesota,Princeton Public Utils Comm,Municipal,5873,,,,
Minnesota,Proctor Public Utilities Comm,Municipal,2438,,,,
Minnesota,"Red Lake Electric Coop, Inc",Cooperative,10629,,,,
Minnesota,Red River Valley Coop Pwr Assn,Cooperative,8839,,,,
Minnesota,Redwood Electric Coop,Cooperative,8023,,,,
Minnesota,Redwood Falls Public Util Comm,Municipal,5231,,,,
Minnesota,Renville-Sibley Coop Pwr Assn,Cooperative,3468,,,,
Minnesota,Rochester Public Utilities,Municipal,118591,,,,
Minnesota,"Roseau Electric Coop, Inc",Cooperative,12380,,,,
Minnesota,Runestone Electric Assn,Cooperative,30823,,,,
Minnesota,Shakopee Public Utilities Comm,Municipal,46153,,,,
Minnesota,Sioux Valley SW Elec Coop,Cooperative,7404,,,,
Minnesota,Sleepy Eye Public Utility Comm,Municipal,3205,,,,
Minnesota,South Central Electric Assn,Cooperative,9720,,,,
Minnesota,Spring Valley Pub Utils Comm,Municipal,2486,,,,
Minnesota,Springfield Public Utils Comm - (MN),Municipal,2109,,,,
Minnesota,Stearns Cooperative Elec Assn,Cooperative,56721,,,,
Minnesota,Steele-Waseca Cooperative Electric,Cooperative,23285,,,,
Minnesota,Todd-Wadena Electric Coop,Cooperative,16829,,,,
Minnesota,"Traverse Electric Coop, Inc",Cooperative,4011,,,,
Minnesota,Truman Public Utilities Comm,Municipal,1128,,,,
Minnesota,WAPA-- Western Area Power Administration,Federal,0,,,,
Minnesota,"Wild Rice Electric Coop, Inc",Cooperative,30116,,,,
Minnesota,Willmar Municipal Utilities,Municipal,18843,,,,
Minnesota,Wright-Hennepin Coop Elec Assn,Cooperative,114958,,,,
Mississippi,4-County Electric Power Assn,Cooperative,81403,,,,
Mississippi,Alcorn County Elec Power Assn,Cooperative,29684,,,,
Mississippi,Canton Municipal Utilities,Municipal,7653,,,,
Mississippi,Central Electric Power Assn - (MS),Cooperative,68453,,,,
Mississippi,City of Aberdeen - (MS),Municipal,5291,,,,
Mississippi,City of Amory,Municipal,5761,,,,
Mississippi,City of Collins - (MS),Municipal,2177,,,,
Mississippi,City of Columbus - (MS),Municipal,18483,,,,
Mississippi,City of Durant - (MS),Municipal,1618,,,,
Mississippi,City of Holly Springs,Municipal,19602,,,,
Mississippi,City of Itta Bena - (MS),Municipal,1819,,,,
Mississippi,City of Kosciusko - (MS),Municipal,5093,,,,
Mississippi,City of Leland - (MS),Municipal,3161,,,,
Mississippi,City of Macon - (MS),Municipal,1898,,,,
Mississippi,City of New Albany - (MS),Municipal,18045,,,,
Mississippi,City of Okolona,Municipal,9022,,,,
Mississippi,City of Oxford - (MS),Municipal,19923,,,,
Mississippi,City of Philadelphia - (MS),Municipal,6303,,,,
Mississippi,City of Starkville,Municipal,22683,,,,
Mississippi,City of Tupelo - (MS),Municipal,22786,,,,
Mississippi,City of Water Valley - (MS),Municipal,3172,,,,
Mississippi,City of West Point - (MS),Municipal,5886,,,,
Mississippi,Clarksdale Public Utilities,Municipal,9493,,,,
Mississippi,Coahoma Electric Power Assn,Cooperative,14128,,,,
Mississippi,Coast Electric Power Assn - (MS),Cooperative,173135,,,,
Mississippi,Delta Electric Power Assn,Cooperative,43002,,,,
Mississippi,Dixie Electric Power Assn - (MS),Cooperative,80794,,,,
Mississippi,East Mississippi Elec Pwr Assn,Cooperative,21137,,,,
Mississippi,Entergy Mississippi LLC,Investor Owned,820691,,,,
Mississippi,Greenwood Utilities Comm,Municipal,15017,,,,
Mississippi,Louisville Electric System,Municipal,5012,,,,
Mississippi,Magnolia Electric Power Assn,Cooperative,67002,,,,
Mississippi,Mississippi Power Co,Investor Owned,338169,,,,
Mississippi,Monroe County Elec Power Assn,Cooperative,21071,,,,
Mississippi,Natchez Trace Elec Power Assn,Cooperative,25602,,,,
Mississippi,North East Mississippi EPA,Cooperative,59482,,,,
Mississippi,Northcentral Mississippi E P A,Cooperative,65797,,,,
Mississippi,Pearl River Valley El Pwr Assn,Cooperative,112510,,,,
Mississippi,Pontotoc Electric Power Assn,Cooperative,35214,,,,
Mississippi,Prentiss County Elec Pwr Assn,Cooperative,23592,,,,
Mississippi,Public Serv Comm of Yazoo City,Municipal,8488,,,,
Mississippi,Singing River Elec Cooperative,Cooperative,154664,,,,
Mississippi,Southern Pine Electric Cooperative,Cooperative,142107,,,,
Mississippi,Southwest Mississippi E P A,Cooperative,47233,,,,
Mississippi,Tallahatchie Valley E P A,Cooperative,47889,,,,
Mississippi,Tennessee Valley Authority,Federal,0,,,,
Mississippi,Tippah Electric Power Assn,Cooperative,23358,,,,
Mississippi,Tishomingo County E P A,Cooperative,21506,,,,
Mississippi,Tombigbee Electric Power Assn,Cooperative,80215,,,,
Mississippi,Twin County Electric Pwr Assn,Cooperative,19915,,,,
Mississippi,Yazoo Valley Elec Power Assn,Cooperative,19981,,,,
Missouri,Atchison-Holt Electric Coop,Cooperative,3739,,,,
Missouri,Barry Electric Coop,Cooperative,17307,,,,
Missouri,"Barton County Elec Coop, Inc",Cooperative,11029,,,,
Missouri,Black River Electric Coop - (MO),Cooperative,45410,,,,
Missouri,Boone Electric Coop,Cooperative,68827,,,,
Missouri,Callaway Electric Cooperative,Cooperative,25968,,,,
Missouri,Carroll Electric Coop Corp - (AR),Cooperative,25718,,,,
Missouri,Carrollton Board of Public Wks,Municipal,3466,,,,
Missouri,Central Missouri Elec Coop Inc,Cooperative,23778,,,,
Missouri,Chillicothe Municipal Utils,Municipal,7596,,,,
Missouri,Citizens Electric Corporation - (MO),Cooperative,53584,,,,
Missouri,City of Albany - (MO),Municipal,1749,,,,
Missouri,City of Ava - (MO),Municipal,2945,,,,
Missouri,City of Bethany - (MO),Municipal,3455,,,,
Missouri,City of Butler - (MO),Municipal,4380,,,,
Missouri,City of Cabool - (MO),Municipal,1934,,,,
Missouri,City of California - (MO),Municipal,4197,,,,
Missouri,City of Cameron,Municipal,6120,,,,
Missouri,City of Carthage - (MO),Municipal,14968,,,,
Missouri,City of Centralia - (MO),Municipal,4024,,,,
Missouri,City of Columbia - (MO),Municipal,90635,,,,
Missouri,City of Crane - (MO),Municipal,1267,,,,
Missouri,City of Cuba - (MO),Municipal,3496,,,,
Missouri,City of Easton - (MO),Municipal,176,,,,
Missouri,City of El Dorado Springs - (MO),Municipal,3959,,,,
Missouri,City of Farmington - (MO),Municipal,15348,,,,
Missouri,City of Fayette - (MO),Municipal,2902,,,,
Missouri,City of Fredericktown - (MO),Municipal,4552,,,,
Missouri,City of Fulton - (MO),Municipal,9912,,,,
Missouri,City of Gallatin - (MO),Municipal,1944,,,,
Missouri,City of Gilman City - (MO),Municipal,360,,,,
Missouri,City of Hannibal - (MO),Municipal,16007,,,,
Missouri,City of Harrisonville - (MO),Municipal,8487,,,,
Missouri,City of Hermann,Municipal,2639,,,,
Missouri,City of Higginsville - (MO),Municipal,4855,,,,
Missouri,City of Houston - (MO),Municipal,2365,,,,
Missouri,City of Hunnewell - (MO),Municipal,158,,,,
Missouri,City of Independence - (MO),Municipal,106275,,,,
Missouri,City of Jackson - (MO),Municipal,13440,,,,
Missouri,City of Kahoka,Municipal,2394,,,,
Missouri,City of Kennett - (MO),Municipal,9324,,,,
Missouri,City of Kirkwood - (MO),Municipal,14884,,,,
Missouri,City of La Plata - (MO),Municipal,1354,,,,
Missouri,City of Lamar - (MO),Municipal,4543,,,,
Missouri,City of Lebanon - (MO),Municipal,12822,,,,
Missouri,City of Liberal - (MO),Municipal,686,,,,
Missouri,City of Linneus - (MO),Municipal,262,,,,
Missouri,City of Macon - (MO),Municipal,5465,,,,
Missouri,City of Malden - (MO),Municipal,3612,,,,
Missouri,City of Mansfield - (MO),Municipal,1316,,,,
Missouri,City of Marceline - (MO),Municipal,2198,,,,
Missouri,City of Marshall - (MO),Municipal,11681,,,,
Missouri,City of Meadville - (MO),Municipal,405,,,,
Missouri,City of Memphis - (MO),Municipal,2470,,,,
Missouri,City of Milan - (MO),Municipal,1895,,,,
Missouri,City of Mindenmines - (MO),Municipal,184,,,,
Missouri,City of Monett - (MO),Municipal,9151,,,,
Missouri,City of Monroe City - (MO),Municipal,2301,,,,
Missouri,City of Mount Vernon - (MO),Municipal,4445,,,,
Missouri,City of Mountain View - (MO),Municipal,2559,,,,
Missouri,City of New Madrid - (MO),Municipal,2806,,,,
Missouri,City of Newburg - (MO),Municipal,355,,,,
Missouri,City of Nixa - (MO),Municipal,21858,,,,
Missouri,City of Odessa - (MO),Municipal,4732,,,,
Missouri,City of Osceola - (MO),Municipal,879,,,,
Missouri,City of Palmyra - (MO),Municipal,3993,,,,
Missouri,City of Paris - (MO),Municipal,1422,,,,
Missouri,City of Perry - (MO),Municipal,851,,,,
Missouri,City of Poplar Bluff - (MO),Municipal,16321,,,,
Missouri,City of Richland - (MO),Municipal,1801,,,,
Missouri,City of Rockport - (MO),Municipal,1169,,,,
Missouri,City of Rolla - (MO),Municipal,16872,,,,
Missouri,City of Salem - (MO),Municipal,4753,,,,
Missouri,City of Salisbury - (MO),Municipal,1886,,,,
Missouri,City of Seymour - (MO),Municipal,1841,,,,
Missouri,City of Shelbina - (MO),Municipal,1722,,,,
Missouri,City of Sikeston - (MO),Municipal,14437,,,,
Missouri,City of Slater - (MO),Municipal,1959,,,,
Missouri,City of St James - (MO),Municipal,3620,,,,
Missouri,City of St Robert - (MO),Municipal,6014,,,,
Missouri,City of Stanberry - (MO),Municipal,1274,,,,
Missouri,City of Steelville,Municipal,1325,,,,
Missouri,City of Sullivan - (MO),Municipal,7008,,,,
Missouri,City of Thayer - (MO),Municipal,1975,,,,
Missouri,City of Unionville - (MO),Municipal,2101,,,,
Missouri,City of Vandalia - (MO),Municipal,2576,,,,
Missouri,City of Waynesville - (MO),Municipal,5120,,,,
Missouri,City of West Plains - (MO),Municipal,11465,,,,
Missouri,City of Willow Springs - (MO),Municipal,2029,,,,
Missouri,City of Winona - (MO),Municipal,1079,,,,
Missouri,City Utilities of Springfield - (MO),Municipal,200788,,,,
Missouri,Clay County Electric Coop Corp - (AR),Cooperative,103,,,,
Missouri,Co-Mo Electric Coop Inc,Cooperative,64759,,,,
Missouri,Consolidated Electric Coop,Cooperative,15949,,,,
Missouri,"Crawford Electric Coop, Inc",Cooperative,42298,,,,
Missouri,Cuivre River Electric Coop Inc,Cooperative,159287,,,,
Missouri,Empire District Electric Co,Investor Owned,296701,,,,
Missouri,Evergy Metro,Investor Owned,561703,Approved,,Approved,Yes
Missouri,Evergy Missouri West,Investor Owned,626348,Approved,,Approved,Yes
Missouri,"Farmers Electric Coop, Inc - (MO)",Cooperative,26263,,,,
Missouri,Gascosage Electric Coop,Cooperative,19635,,,,
Missouri,"Grundy Electric Coop, Inc",Cooperative,10964,,,,
Missouri,Howard Electric Coop,Cooperative,5661,,,,
Missouri,"Howell-Oregon Elec Coop, Inc",Cooperative,48418,,,,
Missouri,Intercounty Electric Coop Assn - (MO),Cooperative,63602,,,,
Missouri,"Laclede Electric Coop, Inc",Cooperative,76919,,,,
Missouri,Lewis County Rural E C A,Cooperative,12323,,,,
Missouri,Lockwood Water & Light Company,Municipal,985,,,,
Missouri,Macon Electric Coop,Cooperative,21492,,,,
Missouri,Missouri Rural Electric Coop,Cooperative,10416,,,,
Missouri,"New-Mac Electric Coop, Inc",Cooperative,42564,,,,
Missouri,North Central MO Elec Coop Inc,Cooperative,8237,,,,
Missouri,Osage Valley Elec Coop Assn,Cooperative,35659,,,,
Missouri,Ozark Border Electric Coop,Cooperative,69364,,,,
Missouri,Ozark Electric Coop Inc - (MO),Cooperative,64894,,,,
Missouri,Pemiscot-Dunklin Elec Coop Inc,Cooperative,13102,,,,
Missouri,"Platte-Clay Electric Coop, Inc",Cooperative,49843,,,,
Missouri,Ralls County Electric Coop,Cooperative,10626,,,,
Missouri,Sac-Osage Electric Coop Inc,Cooperative,19024,,,,
Missouri,SE-MA-NO Electric Coop,Cooperative,11390,,,,
Missouri,SEMO Electric Cooperative,Cooperative,22336,,,,
Missouri,"Southwest Electric Coop, Inc",Cooperative,82978,,,,
Missouri,Three Rivers Electric Coop,Cooperative,46604,,,,
Missouri,Trenton Municipal Utilities - (MO),Municipal,5176,,,,
Missouri,Tri-County Electric Coop Assn (MO),Cooperative,11291,,,,
Missouri,Union Electric Co - (MO),Investor Owned,2244147,,,,
Missouri,"United Electric Coop, Inc - (MO)",Cooperative,15297,,,,
Missouri,Webster Electric Coop,Cooperative,38347,,,,
Missouri,West Central Electric Coop Inc - (MO),Cooperative,30763,,,,
Missouri,White River Valley El Coop Inc,Cooperative,83643,,,,
Montana,Avista Corp,Investor Owned,18,,,,
Montana,"Beartooth Electric Coop, Inc",Cooperative,10485,,,,
Montana,Big Flat Electric Coop Inc,Cooperative,3694,,,,
Montana,"Big Horn County Elec Coop, Inc",Cooperative,8302,,,,
Montana,Big Horn Rural Electric Co,Cooperative,135,,,,
Montana,"Black Hills Power, Inc.",Investor Owned,23,Approved,Approved,,Yes
Montana,City of Troy - (MT),Municipal,1653,,,,
Montana,Fall River Rural Elec Coop Inc,Cooperative,2891,,,,
Montana,"Fergus Electric Coop, Inc",Cooperative,12886,,,,
Montana,Flathead Electric Coop Inc,Cooperative,125672,,,Approved,Yes
Montana,"Glacier Electric Coop, Inc",Cooperative,13740,,,,
Montana,"Goldenwest Electric Coop, Inc",Cooperative,1377,,,,
Montana,"Grand Electric Coop, Inc",Cooperative,23,,,,
Montana,"Hill County Electric Coop, Inc",Cooperative,6736,,,,
Montana,"Lincoln Electric Coop, Inc",Cooperative,11282,,,,
Montana,"Lower Yellowstone R E A, Inc",Cooperative,7717,,,,
Montana,Marias River Electric Coop Inc,Cooperative,6567,,,,
Montana,McCone Electric Coop Inc,Cooperative,9489,,,,
Montana,McKenzie Electric Coop Inc,Cooperative,52,,,,
Montana,"Mid-Yellowstone Elec Coop, Inc",Cooperative,3375,,,,
Montana,"Missoula Electric Coop, Inc",Cooperative,28083,,,,
Montana,Montana-Dakota Utilities Co,Investor Owned,40353,,,,
Montana,"Northern Lights, Inc",Cooperative,7658,,,,
Montana,NorthWestern Energy LLC - (MT),Investor Owned,630349,,,,
Montana,"NorVal Electric Cooperative, Inc",Cooperative,3525,,,,
Montana,Park Electric Coop Inc,Cooperative,10937,,,,
Montana,Powder River Energy Corp,Cooperative,136,,,,
Montana,"Ravalli County Elec Coop, Inc",Cooperative,19010,,,,
Montana,"Sheridan Electric Coop, Inc",Cooperative,7446,,,,
Montana,"Southeast Electric Coop, Inc",Cooperative,3442,,,,
Montana,"Sun River Electric Coop, Inc",Cooperative,9988,,,,
Montana,Tongue River Electric Coop Inc,Cooperative,9088,,,,
Montana,USBIA-Mission Valley Power,Federal,31672,,,,
Montana,"Vigilante Electric Coop, Inc",Cooperative,17882,,,,
Montana,WAPA-- Western Area Power Administration,Federal,0,,,,
Montana,Yellowstone Valley Elec Co-op,Cooperative,41908,,,,
Nebraska,Auburn Board of Public Works,Municipal,4477,,,,
Nebraska,Burt County Public Power Dist,Political Subdivision,5723,,,,
Nebraska,Butler Public Power District - (NE),Political Subdivision,10588,,,,
Nebraska,Cedar-Knox Public Power Dist,Political Subdivision,11836,,,,
Nebraska,"Cherry-Todd Electric Coop, Inc",Cooperative,1837,,,,
Nebraska,Chimney Rock Public Power Dist,Political Subdivision,4111,,,,
Nebraska,City of Alliance- (NE),Municipal,8966,,,,
Nebraska,City of Ansley - (NE),Municipal,586,,,,
Nebraska,City of Arapahoe - (NE),Municipal,1126,,,,
Nebraska,City of Battle Creek- (NE),Municipal,1036,,,,
Nebraska,City of Bayard - (NE),Municipal,1005,,,,
Nebraska,City of Beatrice - (NE),Municipal,11546,,,,
Nebraska,City of Beaver City - (NE),Municipal,674,,,,
Nebraska,City of Benkelman - (NE),Municipal,975,,,,
Nebraska,City of Blue Hill - (NE),Municipal,775,,,,
Nebraska,City of Bridgeport Utilities - (NE),Municipal,1536,,,,
Nebraska,City of Broken Bow - (NE),Municipal,4577,,,,
Nebraska,City of Burwell - (NE),Municipal,1276,,,,
Nebraska,City of Cambridge - (NE),Municipal,1006,,,,
Nebraska,City of Central City,Municipal,3165,,,,
Nebraska,City of Chappell - (NE),Municipal,1118,,,,
Nebraska,City of Crete,Municipal,8277,,,,
Nebraska,City of Curtis - (NE),Municipal,1201,,,,
Nebraska,City of David City,Municipal,2624,,,,
Nebraska,City of Deshler - (NE),Municipal,862,,,,
Nebraska,City of Emerson - (NE),Municipal,907,,,,
Nebraska,City of Fairbury,Municipal,6551,,,,
Nebraska,City of Falls City - (NE),Municipal,4107,,,,
Nebraska,City of Franklin - (NE),Municipal,930,,,,
Nebraska,City of Fremont - (NE),Municipal,29991,,,,
Nebraska,City of Gering - (NE),Municipal,7014,,,,
Nebraska,City of Giltner - (NE),Municipal,463,,,,
Nebraska,City of Gothenburg - (NE),Municipal,4245,,,,
Nebraska,City of Grand Island - (NE),Municipal,50409,,,,
Nebraska,City of Grant - (NE),Municipal,1380,,,,
Nebraska,City of Hastings - (NE),Municipal,23733,,,,
Nebraska,City of Hickman - (NE),Municipal,2086,,,,
Nebraska,City of Holdrege,Municipal,6188,,,,
Nebraska,City of Hubbell- (NE),Municipal,85,,,,
Nebraska,City of Imperial,Municipal,2135,,,,
Nebraska,City of Indianola - (NE),Municipal,590,,,,
Nebraska,City of Kimball - (NE),Municipal,2662,,,,
Nebraska,City of Laurel - (NE),Municipal,1005,,,,
Nebraska,City of Lexington - (NE),Municipal,8859,,,,
Nebraska,City of Lodgepole - (NE),Municipal,398,,,,
Nebraska,City of Lyons - (NE),Municipal,946,,,,
Nebraska,City of Madison - (NE),Municipal,1682,,,,
Nebraska,City of Minden - (NE),Municipal,2823,,,,
Nebraska,City of Mitchell - (NE),Municipal,1969,,,,
Nebraska,City of Nebraska City,Municipal,10921,,,,
Nebraska,City of Neligh - (NE),Municipal,1970,,,,
Nebraska,City of Nelson - (NE),Municipal,502,,,,
Nebraska,City of North Platte,Municipal,23500,,,,
Nebraska,City of Ord - (NE),Municipal,2363,,,,
Nebraska,City of Pender - (NE),Municipal,1598,,,,
Nebraska,City of Pierce - (NE),Municipal,2305,,,,
Nebraska,City of Randolph - (NE),Municipal,1032,,,,
Nebraska,City of Red Cloud - (NE),Municipal,1175,,,,
Nebraska,City of Sargent - (NE),Municipal,610,,,,
Nebraska,City of Schuyler - (NE),Municipal,5846,,,,
Nebraska,City of Scribner - (NE),Municipal,1014,,,,
Nebraska,City of Seward - (NE),Municipal,6383,,,,
Nebraska,City of Sidney - (NE),Municipal,6887,,,,
Nebraska,City of Snyder - (NE),Municipal,407,,,,
Nebraska,City of South Sioux City,Municipal,13132,,,,
Nebraska,City of Spencer - (NE),Municipal,509,,,,
Nebraska,City of St Paul - (NE),Municipal,2383,,,,
Nebraska,City of Stratton - (NE),Municipal,456,,,,
Nebraska,City of Stromsburg - (NE),Municipal,1222,,,,
Nebraska,City of Stuart - (NE),Municipal,795,,,,
Nebraska,City of Superior - (NE),Municipal,2006,,,,
Nebraska,City of Sutton - (NE),Municipal,1661,,,,
Nebraska,City of Syracuse - (NE),Municipal,2277,,,,
Nebraska,City of Tecumseh,Municipal,1909,,,,
Nebraska,City of Trenton - (NE),Municipal,688,,,,
Nebraska,City of Valentine - (NE),Municipal,3909,,,,
Nebraska,City of Wahoo - (NE),Municipal,4770,,,,
Nebraska,City of Wakefield - (NE),Municipal,1334,,,,
Nebraska,City of Wayne,Municipal,4598,,,,
Nebraska,City of West Point - (NE),Municipal,3322,,,,
Nebraska,City of Wilber,Municipal,2040,,,,
Nebraska,City of Wisner,Municipal,1269,,,,
Nebraska,City of Wood River- (NE),Municipal,1422,,,,
Nebraska,City of Wymore - (NE),Municipal,1427,,,,
Nebraska,Cornhusker Public Power Dist,Political Subdivision,16610,,,,
Nebraska,Cozad Board of Public Works,Municipal,4895,,,,
Nebraska,Cuming County Public Pwr Dist,Political Subdivision,5151,,,,
Nebraska,Custer Public Power District,Political Subdivision,9879,,,,
Nebraska,Dawson Power District,Political Subdivision,33926,,,,
Nebraska,Elkhorn Rural Public Pwr Dist,Political Subdivision,13352,,,,
Nebraska,"High West Energy, Inc",Cooperative,3373,,,,
Nebraska,Highline Electric Assn,Cooperative,1544,,,,
Nebraska,Howard Greeley Rural P P D,Political Subdivision,7804,,,,
Nebraska,KBR Rural Public Power District,Political Subdivision,6384,,,,
Nebraska,"LaCreek Electric Assn, Inc",Cooperative,417,,,,
Nebraska,Lincoln Electric System,Municipal,279468,,,,
Nebraska,Loup River Public Power Dist,Political Subdivision,35905,,,,
Nebraska,Loup Valleys Rural P P D,Political Subdivision,7187,,,,
Nebraska,McCook Public Power District,Political Subdivision,6121,,,,
Nebraska,Midwest Electric Member Corp - (NE),Cooperative,4674,,,,
Nebraska,Nebraska Public Power District,Political Subdivision,154923,,Approved,Approved,Yes
Nebraska,"Niobrara Electric Assn, Inc",Cooperative,1339,,,,
Nebraska,Niobrara Valley El Member Corp,Cooperative,10589,,,,
Nebraska,Norris Public Power District,Political Subdivision,38243,,,,
Nebraska,North Central Public Pwr Dist,Political Subdivision,8999,,,,
Nebraska,Northeast Power,Political Subdivision,16131,,,,
Nebraska,Northwest Rural Pub Pwr Dist,Political Subdivision,4127,,,,
Nebraska,Omaha Public Power District,Political Subdivision,785243,,Approved,Approved,Yes
Nebraska,Panhandle Rural El Member Assn,Cooperative,5929,,,,
Nebraska,Perennial Public Power Dist,Political Subdivision,8855,,,,
Nebraska,Polk County Rural Pub Pwr Dist,Political Subdivision,6311,,,,
Nebraska,Roosevelt Public Power Dist,Political Subdivision,4317,,,,
Nebraska,South Central Public Pwr Dist,Political Subdivision,7758,,,,
Nebraska,Southern Public Power District,Political Subdivision,32779,,,,
Nebraska,Southwest Public Power Dist,Political Subdivision,4446,,,,
Nebraska,Stanton County Public Pwr Dist,Political Subdivision,3561,,,,
Nebraska,Twin Valleys Public Power Dist,Political Subdivision,8143,,,,
Nebraska,Village of Arnold - (NE),Municipal,838,,,,
Nebraska,Village of Bartley - (NE),Municipal,328,,,,
Nebraska,Village of Bradshaw - (NE),Municipal,372,,,,
Nebraska,Village of Brainard - (NE),Municipal,422,,,,
Nebraska,Village of Callaway - (NE),Municipal,815,,,,
Nebraska,Village of Campbell - (NE),Municipal,367,,,,
Nebraska,Village of Chester - (NE),Municipal,323,,,,
Nebraska,Village of Davenport - (NE),Municipal,382,,,,
Nebraska,Village of Decatur - (NE),Municipal,589,,,,
Nebraska,Village of Dorchester - (NE),Municipal,695,,,,
Nebraska,Village of Elk Creek - (NE),Municipal,0,,,,
Nebraska,Village of Endicott - (NE),Municipal,140,,,,
Nebraska,Village of Fairmont - (NE),Municipal,618,,,,
Nebraska,Village of Greenwood - (NE),Municipal,635,,,,
Nebraska,Village of Hampton - (NE),Municipal,501,,,,
Nebraska,Village of Hemingford - (NE),Municipal,930,,,,
Nebraska,Village of Hildreth - (NE),Municipal,387,,,,
Nebraska,Village of Lyman - (NE),Municipal,419,,,,
Nebraska,Village of Morrill - (NE),Municipal,1845,,,,
Nebraska,Village of Mullen - (NE),Municipal,520,,,,
Nebraska,Village of Oxford - (NE),Municipal,844,,,,
Nebraska,Village of Polk - (NE),Municipal,414,,,,
Nebraska,Village of Prague - (NE),Municipal,379,,,,
Nebraska,Village of Reynolds - (NE),Municipal,68,,,,
Nebraska,Village of Shickley - (NE),Municipal,436,,,,
Nebraska,Village of Spalding - (NE),Municipal,629,,,,
Nebraska,Village of Talmage - (NE),Municipal,301,,,,
Nebraska,Village of Walthill - (NE),Municipal,676,,,,
Nebraska,Village of Wauneta - (NE),Municipal,771,,,,
Nebraska,Village of Wilcox - (NE),Municipal,388,,,,
Nebraska,Village of Winside - (NE),Municipal,403,,,,
Nebraska,WAPA-- Western Area Power Administration,Federal,0,,,,
Nebraska,Wheat Belt Public Power Dist,Political Subdivision,5691,,,,
Nebraska,Wyrulec Company,Cooperative,799,,,,
Nebraska,Y-W Electric Assn Inc,Cooperative,0,,,,
Nevada,Aha Macav Power Service,Political Subdivision,461,,,,
Nevada,Alamo Power District No 3,Political Subdivision,1064,,,,
Nevada,City of Boulder City - (NV),Municipal,17536,,,,
Nevada,City of Caliente - (NV),Municipal,1064,,,,
Nevada,City of Fallon - (NV),Municipal,10180,,,,
Nevada,Colorado River Comm of Nevada,State,0,,,,
Nevada,"Harney Electric Coop, Inc",Cooperative,2385,,,,
Nevada,Lincoln County Power Dist No 1,Political Subdivision,3065,,,,
Nevada,"Mt Wheeler Power, Inc",Cooperative,11935,,,,
Nevada,Nevada Power Co,Investor Owned,2243184,Approved,Approved,Approved,Yes
Nevada,Overton Power District No 5,Political Subdivision,38152,,,,
Nevada,Plumas-Sierra Rural Elec Coop,Cooperative,780,,,,
Nevada,Raft Rural Elec Coop Inc,Cooperative,3886,,,,
Nevada,Sierra Pacific Power Co,Investor Owned,748348,Approved,Approved,Approved,Yes
Nevada,Surprise Valley Electrification,Cooperative,14,,,,
Nevada,"Valley Electric Assn, Inc",Cooperative,54746,,,Approved,Yes
Nevada,WAPA-- Western Area Power Administration,Federal,0,,,,
Nevada,Wells Rural Electric Co,Cooperative,11460,,,,
New Hampshire,Liberty Utilities (Granite State Electri,Investor Owned,82973,,,,
New Hampshire,New Hampshire Elec Coop Inc,Cooperative,152503,,,,
New Hampshire,New Hampton Village Precinct,Municipal,150,,,,
New Hampshire,Precinct of Woodsville,Municipal,1653,,,,
New Hampshire,Public Service Co of NH,Investor Owned,953001,,,,
New Hampshire,Town of Ashland,Municipal,2928,,,,
New Hampshire,Town of Littleton - (NH),Municipal,6439,,,,
New Hampshire,Town of Wolfeboro - (NH),Municipal,9771,,,,
New Hampshire,Unitil Energy Systems,Investor Owned,144417,,,,
New Jersey,Atlantic City Electric Co,Investor Owned,1218625,Approved,Approved,Approved,Yes
New Jersey,Borough of Butler - (NJ),Municipal,25024,,,,
New Jersey,Borough of Lavallette - (NJ),Municipal,5250,,,,
New Jersey,Borough of Madison - (NJ),Municipal,13821,,,,
New Jersey,Borough of Milltown - (NJ),Municipal,6345,,,,
New Jersey,Borough of Park Ridge - (NJ),Municipal,7936,,,,
New Jersey,Borough of Pemberton - (NJ),Municipal,1523,,,,
New Jersey,Borough of South River - (NJ),Municipal,13782,,,,
New Jersey,City of Vineland - (NJ),Municipal,57028,,,,
New Jersey,Jersey Central Power & Lt Co,Investor Owned,2573711,Approved,Approved,Approved,Yes
New Jersey,Public Service Elec & Gas Co,Investor Owned,5053936,Approved,,Approved,Yes
New Jersey,Rockland Electric Co,Investor Owned,168364,,,Approved,Yes
New Jersey,Seaside Heights Municipal Utility,Municipal,6445,,,,
New Jersey,Sussex Rural Electric Coop Inc,Cooperative,21560,,,,
New Mexico,"Central New Mexico El Coop, Inc",Cooperative,40304,,,,
New Mexico,"Central Valley Elec Coop, Inc",Cooperative,14612,,,,
New Mexico,City of Aztec - (NM),Municipal,6670,,,,
New Mexico,City of Farmington - (NM),Municipal,88374,,,,
New Mexico,City of Gallup - (NM),Municipal,24846,,,,
New Mexico,City of Truth or Consequences - (NM),Municipal,6165,,,,
New Mexico,"Columbus Electric Coop, Inc",Cooperative,8205,,,,
New Mexico,Continental Divide El Coop Inc,Cooperative,44629,,,,
New Mexico,"Duncan Valley Elec Coop, Inc",Cooperative,520,,,,
New Mexico,El Paso Electric Co,Investor Owned,216867,,,,
New Mexico,"Farmers Electric Coop, Inc - (NM)",Cooperative,21209,,,,
New Mexico,"Jemez Mountains Elec Coop, Inc",Cooperative,64437,,,,
New Mexico,"Kit Carson Electric Coop, Inc",Cooperative,54053,,,,
New Mexico,"Lea County Electric Coop, Inc - (NM)",Cooperative,17178,,,,
New Mexico,Los Alamos County,Municipal,16079,Approved,Approved,,Yes
New Mexico,Mora-San Miguel Elec Coop,Cooperative,15673,,,,
New Mexico,Navajo Tribal Utility Authority,State,26060,,,,
New Mexico,"Navopache Electric Coop, Inc",Cooperative,2609,,,,
New Mexico,Northern Rio Arriba E Coop Inc,Cooperative,5226,,,,
New Mexico,Otero County Electric Coop Inc,Cooperative,37365,,,,
New Mexico,Public Service Co of NM,Investor Owned,1081057,,,,
New Mexico,Raton Public Service Company,Municipal,6743,,,,
New Mexico,"Rio Grande Electric Coop, Inc",Cooperative,536,,,,
New Mexico,Roosevelt County Elec Coop Inc,Cooperative,8783,,,,
New Mexico,"Sierra Electric Coop, Inc",Cooperative,7135,,,,
New Mexico,"Socorro Electric Coop, Inc",Cooperative,21656,,,,
New Mexico,Southwestern Electric Coop Inc - (NM),Cooperative,2701,,,,
New Mexico,Southwestern Public Service Co,Investor Owned,231667,,,,
New Mexico,"Springer Electric Coop, Inc",Cooperative,4738,,,,
New Mexico,Town of Springer - (NM),Municipal,1098,,,,
New Mexico,"Tri-County Electric Coop, Inc (OK)",Cooperative,7,,,,
New Mexico,WAPA-- Western Area Power Administration,Federal,0,,,,
New York,Bath Electric Gas & Water,Municipal,8797,,,,
New York,Central Hudson Gas & Elec Corp,Investor Owned,695781,,,,
New York,City of Plattsburgh - (NY),Municipal,19857,,,,
New York,City of Salamanca - (NY),Municipal,7120,,,,
New York,City of Sherrill - (NY),Municipal,3743,,,,
New York,Consolidated Edison Co-NY Inc,Investor Owned,7985937,,,,
New York,Delaware County Elec Coop Inc,Cooperative,9949,,,,
New York,FirstEnergy Pennsylvania Electric Co,Investor Owned,8039,,,,
New York,Fishers Island Utility Co Inc,Investor Owned,2011,,,,
New York,Jamestown Board of Public Util,Municipal,36720,,,,
New York,"Lake Placid Village, Inc - (NY)",Municipal,9663,,,,
New York,Long Island Power Authority,State,3066055,,,,
New York,Mohawk Municipal Comm,Municipal,2574,,,,
New York,New York State Elec & Gas Corp,Investor Owned,1954426,,,,
New York,Niagara Mohawk Power Corp.,Investor Owned,3636143,,,,
New York,North Shore Towers Apts Inc,Cooperative,4031,,,,
New York,"Oneida-Madison Elec Coop, Inc",Cooperative,3832,,,,
New York,Orange & Rockland Utils Inc,Investor Owned,647560,,,,
New York,"Otsego Electric Coop, Inc",Cooperative,9149,,,,
New York,Rochester Gas & Electric Corp,Investor Owned,837225,,,,
New York,"Steuben Rural Elec Coop, Inc",Cooperative,11757,,,,
New York,Town of Massena - (NY),Municipal,19753,,,,
New York,Village of Akron - (NY),Municipal,3283,,,,
New York,Village of Andover - (NY),Municipal,1240,,,,
New York,Village of Angelica - (NY),Municipal,1474,,,,
New York,Village of Arcade - (NY),Municipal,8450,,,,
New York,Village of Bergen - (NY),Municipal,1319,,,,
New York,Village of Boonville - (NY),Municipal,6954,,,,
New York,Village of Brocton - (NY),Municipal,1760,,,,
New York,Village of Castile - (NY),Municipal,1215,,,,
New York,Village of Churchville - (NY),Municipal,2231,,,,
New York,Village of Endicott - (NY),Municipal,6133,,,,
New York,Village of Fairport - (NY),Municipal,39192,,,,
New York,Village of Frankfort - (NY),Municipal,3585,,,,
New York,Village of Freeport - (NY),Municipal,41719,,,,
New York,Village of Green Island - (NY),Municipal,3138,,,,
New York,Village of Greene - (NY),Municipal,2513,,,,
New York,Village of Greenport - (NY),Municipal,5553,,,,
New York,Village of Groton - (NY),Municipal,2073,,,,
New York,Village of Hamilton - (NY),Municipal,3286,,,,
New York,Village of Holley - (NY),Municipal,1986,,,,
New York,Village of Ilion - (NY),Municipal,7948,,,,
New York,Village of Little Valley - (NY),Municipal,2830,,,,
New York,Village of Marathon - (NY),Municipal,1819,,,,
New York,Village of Mayville - (NY),Municipal,2301,,,,
New York,Village of Penn Yan - (NY),Municipal,6795,,,,
New York,Village of Philadelphia - (NY),Municipal,1429,,,,
New York,Village of Richmondville - (NY),Municipal,2614,,,,
New York,Village of Rockville Centre - (NY),Municipal,29006,,,,
New York,Village of Rouses Point - (NY),Municipal,2513,,,,
New York,Village of Sherburne - (NY),Municipal,4832,,,,
New York,Village of Silver Springs - (NY),Municipal,1020,,,,
New York,Village of Skaneateles - (NY),Municipal,3171,,,,
New York,Village of Solvay - (NY),Municipal,11084,,,,
New York,Village of Spencerport - (NY),Municipal,5780,,,,
New York,Village of Springville - (NY),Municipal,5335,,,,
New York,Village of Theresa - (NY),Municipal,937,,,,
New York,Village of Tupper Lake - (NY),Municipal,6539,,,,
New York,Village of Watkins Glen - (NY),Municipal,3018,,,,
New York,Village of Wellsville - (NY),Municipal,5273,,,,
New York,Village of Westfield - (NY),Municipal,5953,,,,
North Carolina,Albemarle Electric Member Corp,Cooperative,26454,,,,
North Carolina,Blue Ridge Elec Member Corp - (NC),Cooperative,142713,,,,
North Carolina,Blue Ridge Mountain EMC - (GA),Cooperative,29555,,,,
North Carolina,"Broad River Electric Coop, Inc",Cooperative,997,,,,
North Carolina,Brunswick Electric Member Corp,Cooperative,211649,,,,
North Carolina,Cape Hatteras Elec Member Corp,Cooperative,11696,,,,
North Carolina,Carteret-Craven El Member Corp,Cooperative,76956,,,,
North Carolina,Central Electric Membership Corp. - (NC),Cooperative,47022,,,,
North Carolina,City of Albemarle - (NC),Municipal,23622,,,,
North Carolina,City of Cherryville - (NC),Municipal,4437,,,,
North Carolina,City of Concord - (NC),Municipal,70171,,,,
North Carolina,City of Elizabeth City - (NC),Municipal,23476,,,,
North Carolina,City of Gastonia - (NC),Municipal,56503,,,,
North Carolina,City of Hertford - (NC),Municipal,1966,,,,
North Carolina,City of Highlands - (NC),Municipal,4304,,,,
North Carolina,City of Kings Mountain - (NC),Municipal,9459,,,,
North Carolina,City of Kinston - (NC),Municipal,19507,,,,
North Carolina,City of Laurinburg - (NC),Municipal,9652,,,,
North Carolina,City of Lexington - (NC),Municipal,37404,,,,
North Carolina,City of Lincolnton - (NC),Municipal,5240,,,,
North Carolina,City of Lumberton - (NC),Municipal,22174,,,,
North Carolina,City of Monroe - (NC),Municipal,26235,,,,
North Carolina,City of Morganton - (NC),Municipal,13972,,,,
North Carolina,City of New Bern - (NC),Municipal,40936,,,,
North Carolina,City of Newton - (NC),Municipal,8051,,,,
North Carolina,City of Robersonville - (NC),Municipal,1407,,,,
North Carolina,City of Rocky Mount - (NC),Municipal,52302,,,,
North Carolina,City of Shelby - (NC),Municipal,15906,,,,
North Carolina,City of Southport - (NC),Municipal,5407,,,,
North Carolina,City of Statesville - (NC),Municipal,26149,,,,
North Carolina,City of Washington - (NC),Municipal,22315,,,,
North Carolina,City of Wilson - (NC),Municipal,67080,,,,
North Carolina,City of Winterville - (NC),Municipal,5346,,,,
North Carolina,"Duke Energy Carolinas, LLC",Investor Owned,3983587,,,,
North Carolina,Duke Energy Progress - (NC),Investor Owned,2784028,,,,
North Carolina,Edgecombe-Martin County E M C,Cooperative,21121,,,,
North Carolina,EnergyUnited Elec Member Corp,Cooperative,252565,,,,
North Carolina,Fayetteville Public Works Commission,Municipal,159086,,,,
North Carolina,Four County Elec Member Corp,Cooperative,64687,,,,
North Carolina,French Broad Elec Member Corp,Cooperative,77523,,,,
North Carolina,Greenville Utilities Comm,Municipal,127500,,,,
North Carolina,Halifax Electric Member Corp,Cooperative,18724,,,,
North Carolina,Haywood Electric Member Corp,Cooperative,59849,,,,
North Carolina,Jones-Onslow Elec Member Corp,Cooperative,161731,,,,
North Carolina,Lumbee River Elec Member Corp,Cooperative,136291,,,,
North Carolina,Mecklenburg Electric Cooperative,Cooperative,277,,,,
North Carolina,"Mountain Electric Coop, Inc",Cooperative,30304,,,,
North Carolina,New River Light & Power Co,State,14017,,,,
North Carolina,Pee Dee Electric Member Corp,Cooperative,43187,,,,
North Carolina,Piedmont Electric Member Corp,Cooperative,60377,,,,
North Carolina,Pitt & Greene Elec Member Corp,Cooperative,13938,,,,
North Carolina,Randolph Electric Member Corp,Cooperative,63899,,,,
North Carolina,Roanoke Electric Member Corp,Cooperative,22853,,,,
North Carolina,Rutherford Elec Member Corp,Cooperative,145472,,,,
North Carolina,South River Elec Member Corp,Cooperative,100540,,,,
North Carolina,Surry-Yadkin Elec Member Corp,Cooperative,56262,,,,
North Carolina,Tennessee Valley Authority,Federal,0,,,,
North Carolina,Tideland Electric Member Corp,Cooperative,41078,,,,
North Carolina,Town of Apex- (NC),Municipal,62222,,,,
North Carolina,Town of Ayden - (NC),Municipal,7639,,,,
North Carolina,Town of Belhaven - (NC),Municipal,1750,,,,
North Carolina,Town of Benson - (NC),Municipal,4138,,,,
North Carolina,Town of Black Creek - (NC),Municipal,1405,,,,
North Carolina,Town of Bostic - (NC),Municipal,341,,,,
North Carolina,Town of Clayton - (NC),Municipal,17348,,,,
North Carolina,Town of Cornelius - (NC),Municipal,6825,,,,
North Carolina,Town of Dallas - (NC),Municipal,6647,,,,
North Carolina,Town of Drexel - (NC),Municipal,2054,,,,
North Carolina,Town of Edenton - (NC),Municipal,6552,,,,
North Carolina,Town of Enfield - (NC),Municipal,1976,,,,
North Carolina,Town of Farmville - (NC),Municipal,4964,,,,
North Carolina,Town of Forest City,Municipal,7119,,,,
North Carolina,Town of Fountain - (NC),Municipal,483,,,,
North Carolina,Town of Fremont - (NC),Municipal,1359,,,,
North Carolina,Town of Granite Falls - (NC),Municipal,4525,,,,
North Carolina,Town of Hamilton - (NC),Municipal,369,,,,
North Carolina,Town of High Point,Municipal,77241,,,,
North Carolina,Town of Hobgood,Municipal,426,,,,
North Carolina,Town of Hookerton - (NC),Municipal,762,,,,
North Carolina,Town of Huntersville - (NC),Municipal,16661,,,,
North Carolina,Town of La Grange - (NC),Municipal,2964,,,,
North Carolina,Town of Landis - (NC),Municipal,6317,,,,
North Carolina,Town of Louisburg - (NC),Municipal,3758,,,,
North Carolina,Town of Lucama - (NC),Municipal,1899,,,,
North Carolina,Town of MacClesfield - (NC),Municipal,472,,,,
North Carolina,Town of Maiden - (NC),Municipal,2204,,,,
North Carolina,Town of Murphy - (NC),Municipal,6859,,,,
North Carolina,Town of Oak City - (NC),Municipal,353,,,,
North Carolina,Town of Pikeville - (NC),Municipal,869,,,,
North Carolina,Town of Pinetops - (NC),Municipal,1211,,,,
North Carolina,Town of Pineville - (NC),Municipal,7312,,,,
North Carolina,Town of Red Springs - (NC),Municipal,3230,,,,
North Carolina,Town of Scotland Neck - (NC),Municipal,2136,,,,
North Carolina,Town of Selma - (NC),Municipal,5728,,,,
North Carolina,Town of Sharpsburg - (NC),Municipal,2117,,,,
North Carolina,Town of Smithfield - (NC),Municipal,9738,,,,
North Carolina,Town of Stantonsburg - (NC),Municipal,2227,,,,
North Carolina,Town of Tarboro - (NC),Municipal,11533,,,,
North Carolina,Town of Wake Forest - (NC),Municipal,13248,,,,
North Carolina,Town of Walstonburg,Municipal,245,,,,
North Carolina,Town of Waynesville - (NC),Municipal,5791,,,,
North Carolina,Town of Windsor- (NC),Municipal,2640,,,,
North Carolina,Tri-County Elec Member Corp (NC),Cooperative,48032,,,,
North Carolina,Tri-State Electric Member Corp,Cooperative,2924,,,,
North Carolina,Union Electric Membership Corp - (NC),Cooperative,181861,,,,
North Carolina,Virginia Electric & Power Co,Investor Owned,221833,,,,
North Carolina,Wake Electric Membership Corp,Cooperative,111944,,,Approved,Yes
North Carolina,York Electric Coop Inc,Cooperative,31,,,,
North Dakota,Basin Electric Power Coop,Cooperative,0,,,,
North Dakota,Burke-Divide Electric Coop Inc,Cooperative,3603,,,,
North Dakota,"Capital Electric Coop, Inc",Cooperative,37639,,,,
North Dakota,Cass County Elec Coop Inc,Cooperative,96376,,,,
North Dakota,"Cavalier Rural Elec Coop, Inc",Cooperative,2176,,,,
North Dakota,City of Cavalier - (ND),Municipal,1328,,,,
North Dakota,City of Grafton - (ND),Municipal,3571,,,,
North Dakota,City of Hillsboro - (ND),Municipal,1573,,,,
North Dakota,City of Hope - (ND),Municipal,316,,,,
North Dakota,City of Lakota - (ND),Municipal,805,,,,
North Dakota,City of Maddock - (ND),Municipal,644,,,,
North Dakota,City of Northwood - (ND),Municipal,1012,,,,
North Dakota,City of Park River - (ND),Municipal,1358,,,,
North Dakota,City of Riverdale - (ND),Municipal,518,,,,
North Dakota,City of Sharon- (ND),Municipal,129,,,,
North Dakota,City of Stanton - (ND),Municipal,399,,,,
North Dakota,City of Valley City,Municipal,5496,,,,
North Dakota,Dakota Valley Elec Coop Inc,Cooperative,10359,,,,
North Dakota,"Goldenwest Electric Coop, Inc",Cooperative,1188,,,,
North Dakota,KEM Electric Coop Inc,Cooperative,5604,,,,
North Dakota,"Lower Yellowstone R E A, Inc",Cooperative,1670,,,,
North Dakota,McKenzie Electric Coop Inc,Cooperative,10549,,,,
North Dakota,"McLean Electric Coop, Inc",Cooperative,7209,,,,
North Dakota,Montana-Dakota Utilities Co,Investor Owned,156166,,,,
North Dakota,Mor-Gran-Sou Electric Coop Inc,Cooperative,15931,,,,
North Dakota,Mountrail-Williams Elec Coop,Cooperative,22823,,,,
North Dakota,Nodak Electric Coop Inc,Cooperative,38424,,,,
North Dakota,"North Central Elec Coop, Inc - (ND)",Cooperative,12785,,,,
North Dakota,Northern Plains Electric Coop,Cooperative,19328,,,,
North Dakota,Northern States Power Co - Minnesota,Investor Owned,155372,,,,
North Dakota,Otter Tail Power Co,Investor Owned,85678,,,,
North Dakota,Roughrider Electric Cooperativ,Cooperative,22103,,,,
North Dakota,"Sheridan Electric Coop, Inc",Cooperative,690,,,,
North Dakota,Slope Electric Coop Inc,Cooperative,5593,,,,
North Dakota,"Traverse Electric Coop, Inc",Cooperative,37,,,,
North Dakota,Verendrye Electric Coop Inc,Cooperative,27593,,,,
North Dakota,WAPA-- Western Area Power Administration,Federal,0,,,,
Ohio,"Adams Rural Electric Coop, Inc",Cooperative,13838,,,,
Ohio,"Buckeye Rural Elec Coop, Inc",Cooperative,37234,,Approved,Approved,Yes
Ohio,Butler Rural Electric Coop Inc - (OH),Cooperative,25071,,,,
Ohio,"Carroll Electric Coop, Inc - (OH)",Cooperative,20070,,,,
Ohio,City of Amherst- (OH),Municipal,12921,,,,
Ohio,City of Arcanum - (OH),Municipal,3248,,,,
Ohio,City of Bowling Green - (OH),Municipal,28671,,,,
Ohio,City of Bryan - (OH),Municipal,11160,,,,
Ohio,City of Celina - (OH),Municipal,17651,,,,
Ohio,City of Cleveland - (OH),Municipal,134492,,,,
Ohio,City of Columbiana - (OH),Municipal,7919,,,,
Ohio,City of Columbus - (OH),Municipal,34483,,,,
Ohio,City of Custar,Municipal,235,,,,
Ohio,City of Cuyahoga Falls - (OH),Municipal,52514,,,,
Ohio,City of Dover - (OH),Municipal,13130,,,,
Ohio,City of Galion,Municipal,11859,,,,
Ohio,City of Hamilton - (OH),Municipal,66087,,,,
Ohio,City of Hubbard,Municipal,8025,,,,
Ohio,City of Hudson - (OH),Municipal,13314,,,,
Ohio,City of Jackson - (OH),Municipal,8713,,,,
Ohio,City of Lebanon - (OH),Municipal,21804,,,,
Ohio,City of Mendon - (OH),Municipal,701,,,,
Ohio,City of Napoleon - (OH),Municipal,12272,,,,
Ohio,City of Newton Falls - (OH),Municipal,4873,,,,
Ohio,City of Niles - (OH),Municipal,25495,,,,
Ohio,City of Oberlin - (OH),Municipal,6238,,,,
Ohio,City of Orrville - (OH),Municipal,14212,,,,
Ohio,City of Painesville,Municipal,23165,,,,
Ohio,City of Piqua - (OH),Municipal,22573,,,,
Ohio,City of Shelby - (OH),Municipal,10444,,,,
Ohio,City of St Clairsville - (OH),Municipal,5711,,,,
Ohio,City of St Marys - (OH),Municipal,8534,,,,
Ohio,City of Tipp City - (OH),Municipal,10796,,,Approved,Yes
Ohio,City of Wadsworth - (OH),Municipal,26829,,,,
Ohio,City of Wapakoneta - (OH),Municipal,11167,,,,
Ohio,City of Westerville - (OH),Municipal,35650,,Approved,Approved,Yes
Ohio,City of Woodsfield - (OH),Municipal,2927,,,,
Ohio,Cleveland Electric Illum Co,Investor Owned,1458491,,,,
Ohio,Clyde Light & Power,Municipal,6114,,,,
Ohio,Consolidated Cooperative,Cooperative,38779,,,,
Ohio,"Darke Rural Electric Coop, Inc",Cooperative,9219,,,,
Ohio,Dayton Power & Light Co,Investor Owned,1112539,,,,
Ohio,Duke Energy Ohio Inc,Investor Owned,1578326,,,,
Ohio,"Firelands Electric Coop, Inc",Cooperative,16017,,,,
Ohio,Frontier Power Company,Cooperative,16744,,,,
Ohio,Guernsey-Muskingum El Coop Inc,Cooperative,35827,,,,
Ohio,Hancock-Wood Electric Coop Inc,Cooperative,24828,,,,
Ohio,Holmes-Wayne Electric Coop Inc,Cooperative,33886,,,,
Ohio,Licking Rural Electric Inc,Cooperative,59162,,,,
Ohio,Logan County Coop Power & Light,Cooperative,8342,,,,
Ohio,"Lorain-Medina R E C, Inc",Cooperative,34974,,,,
Ohio,"Mid-Ohio Energy Coop, Inc",Cooperative,14209,,,,
Ohio,"Midwest Electric, Inc - (OH)",Cooperative,25024,,,,
Ohio,Midwest Energy Cooperative - (MI),Cooperative,1944,,,,
Ohio,"North Central Elec Coop, Inc - (OH)",Cooperative,18641,,,,
Ohio,"North Western Elec Coop, Inc",Cooperative,10412,,,,
Ohio,Ohio Edison Co,Investor Owned,2121602,,,,
Ohio,Ohio Power Co,Investor Owned,3040480,,,,
Ohio,Ohio Valley Electric Corp,Investor Owned,0,,,,
Ohio,"Paulding-Putman Elec Coop, Inc",Cooperative,21111,,,,
Ohio,"Pioneer Rural Elec Coop, Inc - (OH)",Cooperative,36173,,,,
Ohio,Prospect Corporation,Municipal,1651,,,,
Ohio,Seville Board of Public Affairs,Municipal,4612,,,,
Ohio,South Central Power Company,Cooperative,268088,,,,
Ohio,South Vienna Corporation,Municipal,476,,,,
Ohio,The Toledo Edison Co,Investor Owned,610277,,,,
Ohio,"Tricounty Rural Elec Coop, Inc - (OH)",Cooperative,7457,,,,
Ohio,"Union Rural Electric Coop, Inc",Cooperative,28860,,,,
Ohio,Village of Arcadia - (OH),Municipal,586,,,,
Ohio,Village of Beach City - (OH),Municipal,1650,,,,
Ohio,Village of Bethel - (OH),Municipal,3367,,,,
Ohio,Village of Blanchester - (OH),Municipal,4508,,,,
Ohio,Village of Bloomdale - (OH),Municipal,603,,,,
Ohio,Village of Bradner - (OH),Municipal,1064,,,,
Ohio,Village of Brewster - (OH),Municipal,1872,,,,
Ohio,Village of Carey - (OH),Municipal,3860,,,,
Ohio,Village of Cygnet - (OH),Municipal,524,,,,
Ohio,Village of Deshler - (OH),Municipal,1904,,,,
Ohio,Village of Edgerton - (OH),Municipal,2161,,,,
Ohio,Village of Eldorado - (OH),Municipal,553,,,,
Ohio,Village of Elmore - (OH),Municipal,1707,,,,
Ohio,Village of Genoa - (OH),Municipal,2034,,,,
Ohio,Village of Georgetown - (OH),Municipal,4533,,,,
Ohio,Village of Glouster - (OH),Municipal,1871,,,,
Ohio,Village of Grafton - (OH),Municipal,2689,,,,
Ohio,Village of Greenwich - (OH),Municipal,1506,,,,
Ohio,Village of Hamersville - (OH),Municipal,562,,,,
Ohio,Village of Haskins - (OH),Municipal,1073,,,,
Ohio,Village of Jackson Center - (OH),Municipal,1656,,,,
Ohio,Village of Lakeview - (OH),Municipal,1790,,,,
Ohio,Village of Lodi - (OH),Municipal,3947,,,,
Ohio,Village of Lucas - (OH),Municipal,701,,,,
Ohio,Village of Marshallville - (OH),Municipal,1064,,,,
Ohio,Village of Milan - (OH),Municipal,1421,,,,
Ohio,Village of Minster - (OH),Municipal,3170,,,,
Ohio,Village of Monroeville - (OH),Municipal,1770,,,,
Ohio,Village of Montpelier - (OH),Municipal,4551,,,,
Ohio,Village of New Bremen - (OH),Municipal,3305,,,,
Ohio,Village of New Knoxville - (OH),Municipal,961,,,,
Ohio,Village of Oak Harbor - (OH),Municipal,2747,,,,
Ohio,Village of Obetz - (OH),Municipal,211,,,,
Ohio,Village of Ohio City - (OH),Municipal,835,,,,
Ohio,Village of Pemberville - (OH),Municipal,1411,,,,
Ohio,Village of Pioneer - (OH),Municipal,1638,,,,
Ohio,Village of Plymouth - (OH),Municipal,1640,,,,
Ohio,Village of Republic - (OH),Municipal,611,,,,
Ohio,Village of Ripley - (OH),Municipal,2150,,,,
Ohio,Village of Shiloh - (OH),Municipal,628,,,,
Ohio,Village of Sycamore - (OH),Municipal,997,,,,
Ohio,Village of Tontogany - (OH),Municipal,472,,,,
Ohio,Village of Versailles - (OH),Municipal,3919,,,,
Ohio,Village of Waynesfield - (OH),Municipal,945,,,,
Ohio,Village of Wellington - (OH),Municipal,5572,,,,
Ohio,Village of Wharton - (OH),Municipal,349,,,,
Ohio,Village of Woodville - (OH),Municipal,2042,,,,
Ohio,Village of Yellow Springs - (OH),Municipal,4428,,Approved,Approved,Yes
Ohio,Washington Electric Coop - (OH),Cooperative,17799,,,,
Oklahoma,"Alfalfa Electric Coop, Inc",Cooperative,5386,,,,
Oklahoma,Anadarko Public Works Authority,Municipal,4627,,,,
Oklahoma,Arkansas Valley Elec Coop Corp,Cooperative,9237,,,,
Oklahoma,"Canadian Valley Elec Coop, Inc",Cooperative,50252,,,,
Oklahoma,"Central Rural Electric Cooperative, Inc",Cooperative,39917,,,,
Oklahoma,Choctaw Electric Coop Inc,Cooperative,46412,,,,
Oklahoma,Cimarron Electric Coop,Cooperative,31721,,,,
Oklahoma,City of Altus - (OK),Municipal,16624,,,,
Oklahoma,City of Blackwell - (OK),Municipal,5501,,,,
Oklahoma,City of Burlington - (OK),Municipal,121,,,,
Oklahoma,City of Claremore,Municipal,26119,,,,
Oklahoma,City of Collinsville - (OK),Municipal,6182,,,,
Oklahoma,City of Comanche - (OK),Municipal,1357,,,,
Oklahoma,City of Cushing - (OK),Municipal,6794,,,,
Oklahoma,City of Duncan - (OK),Municipal,14982,,,,
Oklahoma,City of Edmond - (OK),Municipal,79433,,,,
Oklahoma,City of Eldorado - (OK),Municipal,387,,,,
Oklahoma,City of Fairview - (OK),Municipal,2610,,,,
Oklahoma,City of Frederick - (OK),Municipal,3330,,,,
Oklahoma,City of Geary - (OK),Municipal,1033,,,,
Oklahoma,City of Granite - (OK),Municipal,862,,,,
Oklahoma,City of Hominy - (OK),Municipal,2037,,,,
Oklahoma,City of Kingfisher - (OK),Municipal,4284,,,,
Oklahoma,City of Lexington - (OK),Municipal,1380,,,,
Oklahoma,City of Lindsay - (OK),Municipal,2644,,,,
Oklahoma,City of Mangum - (OK),Municipal,2555,,,,
Oklahoma,City of Manitou - (OK),Municipal,134,,,,
Oklahoma,City of Marlow - (OK),Municipal,4056,,,,
Oklahoma,City of Mooreland - (OK),Municipal,1314,,,,
Oklahoma,City of New Cordell - (OK),Municipal,2524,,,,
Oklahoma,City of Newkirk - (OK),Municipal,2684,,,,
Oklahoma,City of Olustee,Municipal,586,,,,
Oklahoma,City of Orlando - (OK),Municipal,203,,,,
Oklahoma,City of Pawhuska - (OK),Municipal,3669,,,,
Oklahoma,City of Pawnee - (OK),Municipal,0,,,,
Oklahoma,City of Perry - (OK),Municipal,5314,,,,
Oklahoma,City of Ponca City - (OK),Municipal,29143,,,,
Oklahoma,City of Pond Creek - (OK),Municipal,1039,,,,
Oklahoma,City of Pryor - (OK),Municipal,8798,,,,
Oklahoma,City of Purcell - (OK),Municipal,5696,,,,
Oklahoma,City of Sallisaw - (OK),Municipal,7690,,,,
Oklahoma,City of Skiatook - (OK),Municipal,7172,,,,
Oklahoma,City of Stilwell - (OK),Municipal,3834,,,,
Oklahoma,City of Stroud - (OK),Municipal,2674,,,,
Oklahoma,City of Tonkawa - (OK),Municipal,2651,,,,
Oklahoma,City of Watonga - (OK),Municipal,3412,,,,
Oklahoma,City of Waynoka - (OK),Municipal,1177,,,,
Oklahoma,City of Wetumka - (OK),Municipal,1364,,,,
Oklahoma,City of Wynnewood - (OK),Municipal,1843,,,,
Oklahoma,City of Yale - (OK),Municipal,1035,,,,
Oklahoma,CKenergy Electric Cooperative,Cooperative,50163,,,,
Oklahoma,"Cookson Hills Elec Coop, Inc",Cooperative,36337,,,,
Oklahoma,Copan Public Works Authority,Municipal,687,,,,
Oklahoma,"Cotton Electric Coop, Inc",Cooperative,41820,,,,
Oklahoma,East Central Oklahoma Elec Coop Inc,Cooperative,69357,,,,
Oklahoma,Empire District Electric Co,Investor Owned,7875,,,,
Oklahoma,Goltry Public Works Authority,Municipal,258,,,,
Oklahoma,Grand River Dam Authority,State,0,,,,
Oklahoma,Harmon Electric Assn Inc,Cooperative,3935,,,,
Oklahoma,"Indian Electric Coop, Inc",Cooperative,30398,,,,
Oklahoma,Kay Electric Coop,Cooperative,9228,,,,
Oklahoma,"Kiamichi Electric Coop, Inc",Cooperative,38492,,,,
Oklahoma,"Lake Region Electric Coop, Inc - (OK)",Cooperative,53080,,,,
Oklahoma,Miami Special Utility Authority,Municipal,11523,,,,
Oklahoma,Northeast Oklahoma Electric Co,Cooperative,80023,,,,
Oklahoma,"Northfork Electric Coop, Inc",Cooperative,8272,,,,
Oklahoma,Northwestern Electric Coop Inc - (OK),Cooperative,19437,,,,
Oklahoma,Okeene Public Works Authority,Municipal,1005,,,,
Oklahoma,Oklahoma Electric Coop Inc,Cooperative,121969,,Approved,,Yes
Oklahoma,Oklahoma Gas & Electric Co,Investor Owned,1478794,,,,
Oklahoma,Ozarks Electric Coop Corp - (AR),Cooperative,24400,,,,
Oklahoma,People's Electric Cooperative,Cooperative,31180,,,,
Oklahoma,Prague Public Works Authority,Municipal,2285,,,,
Oklahoma,Public Service Co of Oklahoma,Investor Owned,1049212,,,,
Oklahoma,Red River Valley Rrl Elec Assn,Cooperative,33463,,,,
Oklahoma,"Rich Mountain Elec Coop, Inc",Cooperative,729,,,,
Oklahoma,"Rural Electric Coop, Inc - (OK)",Cooperative,19276,,,,
Oklahoma,Southeastern Electric Coop Inc - (OK),Cooperative,33004,,,,
Oklahoma,Southwest Arkansas E C C,Cooperative,502,,,,
Oklahoma,Southwest Rural Elec Assn Inc,Cooperative,5567,,,,
Oklahoma,Southwestern Electric Coop Inc - (NM),Cooperative,0,,,,
Oklahoma,Stillwater Utilities Authority,Municipal,36831,,,,
Oklahoma,Tahlequah Public Works Authority,Municipal,18781,,,,
Oklahoma,Tecumseh Utility Authority,Municipal,4171,,,,
Oklahoma,Town of Braman - (OK),Municipal,256,,,,
Oklahoma,Town of Fort Supply - (OK),Municipal,331,,,,
Oklahoma,Town of Laverne - (OK),Municipal,1173,,,,
Oklahoma,Town of Mannford - (OK),Municipal,1978,,,,
Oklahoma,Town of Ryan - (OK),Municipal,640,,,,
Oklahoma,Town of South Coffeyville - (OK),Municipal,867,,,,
Oklahoma,Town of Spiro - (OK),Municipal,2034,,,,
Oklahoma,"Tri-County Electric Coop, Inc (OK)",Cooperative,35391,,,,
Oklahoma,Verdigris Valley Elec Coop Inc,Cooperative,72733,,,,
Oklahoma,Wagoner Public Works Authority,Municipal,7352,,,,
Oklahoma,Walters Public Works Authority,Municipal,2700,,,,
Oregon,Blachly-Lane County Coop El Assn,Cooperative,6014,,,,
Oregon,Bonneville Power Administration,Federal,0,,,,
Oregon,Canby Utility Board,Municipal,15239,,,,
Oregon,Central Electric Coop Inc - (OR),Cooperative,78510,Approved,Approved,,Yes
Oregon,Central Lincoln People's Ut Dt,Political Subdivision,76277,,,,
Oregon,City of Ashland - (OR),Municipal,22078,,,,
Oregon,City of Bandon - (OR),Municipal,8013,,,,
Oregon,City of Cascade Locks - (OR),Municipal,1817,,,,
Oregon,City of Drain - (OR),Municipal,1359,,,,
Oregon,City of Eugene - (OR),Municipal,192878,,,,
Oregon,City of Forest Grove,Municipal,24232,,,,
Oregon,City of Hermiston,Municipal,11309,,,,
Oregon,City of McMinnville - (OR),Municipal,41470,,,,
Oregon,City of Milton-Freewater- (OR),Municipal,8418,,,,
Oregon,City of Monmouth - (OR),Municipal,9985,,,,
Oregon,City of Springfield - (OR),Municipal,64338,,,,
Oregon,Clatskanie Peoples Util Dist,Political Subdivision,8352,,,,
Oregon,Clearwater Power Company,Cooperative,274,,,,
Oregon,"Columbia Basin Elec Cooperative, Inc",Cooperative,7445,,,,
Oregon,Columbia Power Coop Assn Inc - (OR),Cooperative,3643,,,,
Oregon,Columbia River Peoples Ut Dist,Political Subdivision,33984,,,,
Oregon,"Columbia Rural Elec Assn, Inc",Cooperative,108,,,,
Oregon,"Consumers Power, Inc",Cooperative,42765,,,Approved,Yes
Oregon,"Coos-Curry Electric Coop, Inc",Cooperative,32922,,,,
Oregon,Douglas Electric Coop - (OR),Cooperative,17209,,,,
Oregon,Emerald People's Utility Dist,Political Subdivision,43582,,,,
Oregon,"Harney Electric Coop, Inc",Cooperative,4243,,,,
Oregon,Hood River Electric Coop,Cooperative,7293,,,,
Oregon,Idaho Power Co,Investor Owned,31232,,,,
Oregon,Lane Electric Coop Inc,Cooperative,26726,,,,
Oregon,"Midstate Electric Coop, Inc",Cooperative,40516,,,,
Oregon,Northern Wasco County PUD,Political Subdivision,21660,,,,
Oregon,"Oregon Trail El Cons Coop, Inc",Cooperative,54338,,,,
Oregon,PacifiCorp,Investor Owned,1198147,Approved,Approved,Approved,Yes
Oregon,Portland General Electric Co,Investor Owned,1876928,,,,
Oregon,Salem Electric - (OR),Cooperative,45198,,,,
Oregon,Surprise Valley Electrification,Cooperative,2468,,,,
Oregon,Tillamook Peoples Utility Dist,Political Subdivision,45621,,,,
Oregon,Umatilla Electric Coop Assn,Cooperative,30196,,,,
Oregon,Umpqua Indian Utility Cooperative,Cooperative,113,,,,
Oregon,"Wasco Electric Coop, Inc",Cooperative,8387,,,,
Oregon,West Oregon Electric Coop Inc,Cooperative,8262,,,,
Pennsylvania,Adams Electric Cooperative Inc,Cooperative,75120,,,,
Pennsylvania,"Bedford Rural Elec Coop, Inc",Cooperative,19598,,,,
Pennsylvania,Borough of Berlin - (PA),Municipal,2204,,,,
Pennsylvania,Borough of Blakely - (PA),Municipal,6861,,,,
Pennsylvania,Borough of Catawissa,Municipal,1554,,,,
Pennsylvania,Borough of Chambersburg,Municipal,22964,,,,
Pennsylvania,Borough of Duncannon - (PA),Municipal,1910,,,,
Pennsylvania,Borough of East Conemaugh,Municipal,1166,,,,
Pennsylvania,Borough of Ellwood City - (PA),Municipal,7121,,,,
Pennsylvania,Borough of Ephrata - (PA),Municipal,13406,,,,
Pennsylvania,Borough of Girard - (PA),Municipal,2970,,,,
Pennsylvania,Borough of Goldsboro - (PA),Municipal,760,,,,
Pennsylvania,Borough of Grove City - (PA),Municipal,5152,,,,
Pennsylvania,Borough of Hatfield- (PA),Municipal,3637,,,,
Pennsylvania,Borough of Kutztown - (PA),Municipal,5049,,,,
Pennsylvania,Borough of Lansdale,Municipal,17522,,,,
Pennsylvania,Borough of Lehighton - (PA),Municipal,5639,,,,
Pennsylvania,Borough of Lewisberry - (PA),Municipal,377,,,,
Pennsylvania,Borough of Middletown - (PA),Municipal,7703,,,,
Pennsylvania,Borough of Mifflinburg - (PA),Municipal,3440,,,,
Pennsylvania,Borough of New Wilmington - (PA),Municipal,1322,,,,
Pennsylvania,Borough of Olyphant - (PA),Municipal,4740,,,,
Pennsylvania,Borough of Perkasie - (PA),Municipal,8774,,,,
Pennsylvania,Borough of Pitcairn - (PA),Municipal,3198,,,,
Pennsylvania,Borough of Quakertown - (PA),Municipal,9171,,,,
Pennsylvania,Borough of Royalton - (PA),Municipal,994,,,,
Pennsylvania,Borough of Schuylkill Haven - (PA),Municipal,5577,,,,
Pennsylvania,Borough of Smethport - (PA),Municipal,1820,,,,
Pennsylvania,Borough of St Clair - (PA),Municipal,3388,,,,
Pennsylvania,Borough of Summerhill - (PA),Municipal,510,,,,
Pennsylvania,Borough of Tarentum - (PA),Municipal,3868,,,,
Pennsylvania,Borough of Wampum,Municipal,661,,,,
Pennsylvania,Borough of Watsontown - (PA),Municipal,2139,,,,
Pennsylvania,Borough of Weatherly - (PA),Municipal,2192,,,,
Pennsylvania,Borough of Zelienople - (PA),Municipal,4184,,,,
Pennsylvania,"Central Electric Coop, Inc - (PA)",Cooperative,49775,,,,
Pennsylvania,Citizens Electric Co - (PA),Investor Owned,12941,,,,
Pennsylvania,Claverack Rural Elec Coop Inc,Cooperative,37186,,,,
Pennsylvania,Duquesne Light Co,Investor Owned,1150899,,,,
Pennsylvania,FirstEnergy Pennsylvania Electric Co,Investor Owned,1180629,,,Pending,
Pennsylvania,FirstEnergy Pennsylvania Electric Co,Investor Owned,1133109,,,Pending,
Pennsylvania,FirstEnergy Pennsylvania Electric Co,Investor Owned,340834,,,Pending,
Pennsylvania,FirstEnergy Pennsylvania Electric Co,Investor Owned,1441989,,,Pending,
Pennsylvania,Hooversville Boro Elec Lgt Co,Municipal,665,,,,
Pennsylvania,Mont Alto Borough,Municipal,1376,,,,
Pennsylvania,"New Enterprise R E C, Inc",Cooperative,6448,,,,
Pennsylvania,"Northwestern Rural E C A, Inc - (PA)",Cooperative,39346,,,,
Pennsylvania,PECO Energy Co,Investor Owned,3543903,,,Approved,Yes
Pennsylvania,Philadelphia Authority for Industrial Development,Municipal,0,,,,
Pennsylvania,Pike County Light & Power Co,Investor Owned,10194,,,,
Pennsylvania,PPL Electric Utilities Corp,Investor Owned,3040946,Approved,,,Yes
Pennsylvania,REA Energy Coop Inc,Cooperative,44896,,,,
Pennsylvania,"Somerset Rural Elec Coop, Inc",Cooperative,26163,,,,
Pennsylvania,"Sullivan County R E C, Inc - (PA)",Cooperative,10391,,,,
Pennsylvania,Tri-County Rural Elec Coop Inc (PA),Cooperative,39990,,,,
Pennsylvania,"UGI Utilities, Inc",Investor Owned,121887,,,,
Pennsylvania,"United Electric Coop, Inc - (PA)",Cooperative,31844,,,,
Pennsylvania,Valley Rural Electric Coop Inc,Cooperative,40876,,,,
Pennsylvania,Warren Electric Coop Inc,Cooperative,14449,,,,
Pennsylvania,Wellsborough Electric Co,Investor Owned,11639,,,,
Rhode Island,Block Island Utility District,Political Subdivision,3680,,,,
Rhode Island,Pascoag Utility District,Municipal,10375,,,,
Rhode Island,The Narragansett Electric Co,Investor Owned,1043113,,,,
South Carolina,Aiken Electric Coop Inc,Cooperative,99249,,Approved,,Yes
South Carolina,Bamberg Board of Public Works,Municipal,3152,,,,
South Carolina,Berkeley Electric Coop Inc,Cooperative,230079,,,,
South Carolina,"Black River Electric Coop, Inc - (SC)",Cooperative,62115,,,,
South Carolina,Blue Ridge Electric Coop Inc - (SC),Cooperative,136678,,,,
South Carolina,"Broad River Electric Coop, Inc",Cooperative,48300,,,,
South Carolina,City of Abbeville - (SC),Municipal,5768,,,,
South Carolina,City of Bennettsville - (SC),Municipal,7822,,,,
South Carolina,City of Camden,Municipal,19662,,,,
South Carolina,City of Due West - (SC),Municipal,797,,,,
South Carolina,City of Gaffney - (SC),Municipal,13038,,,,
South Carolina,City of Georgetown - (SC),Municipal,8722,,,,
South Carolina,City of Laurens - (SC),Municipal,9204,,,,
South Carolina,City of Newberry - (SC),Municipal,8938,,,,
South Carolina,City of Orangeburg - (SC),Municipal,40735,,,,
South Carolina,City of Rock Hill - (SC),Municipal,76313,,,,
South Carolina,City of Seneca - (SC),Municipal,12748,,,,
South Carolina,City of Union - (SC),Municipal,10798,,,,
South Carolina,City of Westminster - (SC),Municipal,2378,,,,
South Carolina,Clinton Combined Utility Sys,Municipal,7221,,,,
South Carolina,"Coastal Electric Coop, Inc - (SC)",Cooperative,19558,,,,
South Carolina,"Dominion Energy South Carolina, Inc",Investor Owned,1374419,,,,
South Carolina,"Duke Energy Carolinas, LLC",Investor Owned,1154111,,,,
South Carolina,Duke Energy Progress - (NC),Investor Owned,285428,,,,
South Carolina,Easley Combined Utility System,Municipal,31149,,,,
South Carolina,"Edisto Electric Coop, Inc",Cooperative,32118,,,,
South Carolina,"Fairfield Electric Coop, Inc",Cooperative,64738,,,,
South Carolina,Greenwood CPW,Municipal,22813,,,,
South Carolina,Greer Commission of Public Wks,Municipal,50839,,,,
South Carolina,Haywood Electric Member Corp,Cooperative,17,,,,
South Carolina,Horry Electric Coop Inc,Cooperative,168644,,Approved,,Yes
South Carolina,"Laurens Electric Coop, Inc",Cooperative,118722,,,,
South Carolina,Little River Electric Coop Inc,Cooperative,23350,,,,
South Carolina,Lockhart Power Co,Investor Owned,10393,,,,
South Carolina,"Lynches River Elec Coop, Inc",Cooperative,44308,,,,
South Carolina,Mid-Carolina Electric Coop Inc,Cooperative,111941,,,,
South Carolina,MPD Electric Cooperative,Cooperative,64390,,,,
South Carolina,"Newberry Electric Coop, Inc",Cooperative,26171,,,,
South Carolina,Palmetto Electric Coop Inc,Cooperative,129003,,,,
South Carolina,"Santee Electric Coop, Inc",Cooperative,70821,,,,
South Carolina,South Carolina Public Service Authority,State,372121,,,,
South Carolina,Town of McCormick - (SC),Municipal,1538,,,,
South Carolina,Town of Prosperity - (SC),Municipal,1348,,,,
South Carolina,Town of Winnsboro - (SC),Municipal,4870,,,,
South Carolina,"Tri-County Electric Coop, Inc (SC)",Cooperative,35085,,,,
South Carolina,York Electric Coop Inc,Cooperative,135965,,,,
South Dakota,"Black Hills Electric Coop, Inc",Cooperative,18737,,,,
South Dakota,"Black Hills Power, Inc.",Investor Owned,120113,Approved,Approved,,Yes
South Dakota,"Bon Homme Yankton El Assn, Inc",Cooperative,5980,,,,
South Dakota,"Butte Electric Coop, Inc",Cooperative,11021,,,,
South Dakota,"Cam Wal Electric Coop, Inc",Cooperative,3574,,,,
South Dakota,"Central Electric Coop, Inc - (SD)",Cooperative,13014,,,,
South Dakota,"Charles Mix Electric Assn, Inc",Cooperative,4458,,,,
South Dakota,"Cherry-Todd Electric Coop, Inc",Cooperative,11033,,,,
South Dakota,City of Arlington - (SD),Municipal,1013,,,,
South Dakota,City of Aurora - (SD),Municipal,865,,,,
South Dakota,City of Badger - (SD),Municipal,142,,,,
South Dakota,City of Beresford,Municipal,2177,,,,
South Dakota,City of Big Stone City - (SD),Municipal,675,,,,
South Dakota,City of Brookings - (SD),Municipal,20876,,,,
South Dakota,City of Bryant - (SD),Municipal,548,,,,
South Dakota,City of Burke - (SD),Municipal,791,,,,
South Dakota,City of Colman - (SD),Municipal,711,,,,
South Dakota,City of Elk Point,Municipal,1703,,,,
South Dakota,City of Estelline - (SD),Municipal,834,,,,
South Dakota,City of Faith - (SD),Municipal,476,,,,
South Dakota,City of Flandreau,Municipal,2450,,,,
South Dakota,City of Fort Pierre - (SD),Municipal,2324,,,,
South Dakota,City of Groton - (SD),Municipal,1201,,,,
South Dakota,City of Hecla,Municipal,452,,,,
South Dakota,City of Howard - (SD),Municipal,1047,,,,
South Dakota,City of Madison - (SD),Municipal,5279,,,,
South Dakota,City of McLaughlin - (SD),Municipal,790,,,,
South Dakota,City of Miller - (SD),Municipal,1457,,,,
South Dakota,City of Onida - (SD),Municipal,813,,,,
South Dakota,City of Parker - (SD),Municipal,1148,,,,
South Dakota,City of Pierre - (SD),Municipal,12009,,,,
South Dakota,City of Plankinton - (SD),Municipal,802,,,,
South Dakota,City of Sioux Falls - (SD),Municipal,4809,,,,
South Dakota,City of Tyndall - (SD),Municipal,1035,,,,
South Dakota,City of Vermillion - (SD),Municipal,8118,,,,
South Dakota,City of Volga - (SD),Municipal,2128,,,,
South Dakota,City of Wessington Springs,Municipal,946,,,,
South Dakota,City of White - (SD),Municipal,503,,,,
South Dakota,Clay-Union Electric Corp,Cooperative,6087,,,,
South Dakota,"Codington-Clark Elec Coop, Inc",Cooperative,5450,,,,
South Dakota,Dakota Energy Coop Inc,Cooperative,6676,,,,
South Dakota,"Douglas Electric Coop, Inc",Cooperative,1260,,,,
South Dakota,"FEM Electric Assn, Inc",Cooperative,3156,,,,
South Dakota,"Grand Electric Coop, Inc",Cooperative,8560,,,,
South Dakota,H-D Electric Coop Inc,Cooperative,5864,,,,
South Dakota,Heartland Consumers Power Dist,Political Subdivision,4,,,,
South Dakota,"Kingsbury Electric Coop, Inc",Cooperative,1432,,,,
South Dakota,"LaCreek Electric Assn, Inc",Cooperative,16544,,,,
South Dakota,"Lake Region Electric Assn, Inc - (SD)",Cooperative,5294,,,,
South Dakota,MidAmerican Energy Co,Investor Owned,8943,,Approved,,Yes
South Dakota,Montana-Dakota Utilities Co,Investor Owned,12668,,,,
South Dakota,Moreau-Grand Electric Coop Inc,Cooperative,14742,,,,
South Dakota,Nebraska Public Power District,Political Subdivision,3968,,,,
South Dakota,"Niobrara Electric Assn, Inc",Cooperative,20,,,,
South Dakota,"Northern Electric Coop, Inc",Cooperative,11481,,,,
South Dakota,Northern States Power Co - Minnesota,Investor Owned,187068,,,,
South Dakota,NorthWestern Energy - (SD),Investor Owned,102974,,,,
South Dakota,Oahe Electric Coop Inc,Cooperative,5069,,,,
South Dakota,Otter Tail Power Co,Investor Owned,18268,,,,
South Dakota,Rosebud Electric Coop Inc,Cooperative,10800,,,,
South Dakota,Sioux Valley SW Elec Coop,Cooperative,44379,,,,
South Dakota,"Southeast Electric Coop, Inc",Cooperative,34,,,,
South Dakota,Southeastern Electric Coop Inc - (SD),Cooperative,40555,,,,
South Dakota,Town of Langford- (SD),Municipal,340,,,,
South Dakota,Town of Pickstown - (SD),Municipal,377,,,,
South Dakota,"Traverse Electric Coop, Inc",Cooperative,1870,,,,
South Dakota,Union County Electric Coop Inc,Cooperative,2539,,,,
South Dakota,WAPA-- Western Area Power Administration,Federal,0,,,,
South Dakota,Watertown Municipal Utilities,Municipal,22306,,,,
South Dakota,West Central Electric Coop Inc - (SD),Cooperative,12397,,,,
South Dakota,West River Electric Assn Inc,Cooperative,39270,Approved,Approved,,Yes
South Dakota,Whetstone Valley Elec Coop Inc,Cooperative,5635,,,,
South Dakota,Winner Municipal Utility,Municipal,3164,,,,
Tennessee,Appalachian Electric Coop,Cooperative,95294,,,,
Tennessee,Athens Utility Board,Municipal,25918,,,,
Tennessee,Benton County,Municipal,17122,,,,
Tennessee,Bolivar Energy Authority,Municipal,19236,,,,
Tennessee,"Caney Fork Electric Coop, Inc",Cooperative,64352,,,,
Tennessee,Carroll County - (TN),Municipal,25987,,,,
Tennessee,"Chickasaw Electric Coop, Inc",Cooperative,42010,,,,
Tennessee,City of Alcoa Utilities,Municipal,61283,,,,
Tennessee,City of Bristol - (TN),Municipal,59728,,,,
Tennessee,City of Brownsville,Municipal,8603,,,,
Tennessee,City of Chattanooga - (TN),Municipal,351453,,,,
Tennessee,City of Clarksville - (TN),Municipal,174563,,,,
Tennessee,City of Cleveland - (TN),Municipal,65505,,,,
Tennessee,City of Clinton - (TN),Municipal,55238,,,,
Tennessee,City of Cookeville - (TN),Municipal,32935,,,,
Tennessee,City of Covington - (TN),Municipal,8816,,,,
Tennessee,City of Dayton - (TN),Municipal,20438,,,,
Tennessee,City of Dickson,Municipal,70003,,,,
Tennessee,City of Dyersburg,Municipal,20263,,,,
Tennessee,City of Elizabethton - (TN),Municipal,47046,,,,
Tennessee,City of Etowah,Municipal,9884,,,,
Tennessee,City of Fayetteville,Municipal,36048,,,,
Tennessee,City of Gallatin - (TN),Municipal,52596,,,,
Tennessee,City of Greeneville - (TN),Municipal,69909,,,,
Tennessee,City of Harriman - (TN),Municipal,20240,,,,
Tennessee,City of Humboldt,Municipal,7606,,,,
Tennessee,City of Jackson - (TN),Municipal,66368,,,,
Tennessee,City of Jellico,Municipal,3246,,,,
Tennessee,City of LaFollette,Municipal,40884,,,,
Tennessee,City of Lawrenceburg,Municipal,41935,,,,
Tennessee,City of Lenoir - (TN),Municipal,131462,,,,
Tennessee,City of Lewisburg - (TN),Municipal,11477,,,,
Tennessee,City of Lexington - (TN),Municipal,38703,,,,
Tennessee,City of Memphis - (TN),Municipal,832875,,,,
Tennessee,City of Milan - (TN),Municipal,14527,,,,
Tennessee,City of Morristown - (TN),Municipal,29411,,,,
Tennessee,City of Mt Pleasant - (TN),Municipal,7906,,,,
Tennessee,City of Newbern,Municipal,3197,,,,
Tennessee,City of Newport - (TN),Municipal,42775,,,,
Tennessee,City of Oak Ridge,Municipal,32411,,,,
Tennessee,City of Paris - (TN),Municipal,33937,,,,
Tennessee,City of Pulaski - (TN),Municipal,26559,,,,
Tennessee,City of Ripley - (TN),Municipal,10894,,,,
Tennessee,City of Rockwood - (TN),Municipal,25399,,,,
Tennessee,City of Shelbyville - (TN),Municipal,22895,,,,
Tennessee,City of Smithville - (TN),Municipal,5053,,,,
Tennessee,City of Sparta,Municipal,4918,,,,
Tennessee,City of Springfield - (TN),Municipal,17832,,,,
Tennessee,City of Sweetwater,Municipal,15823,,,,
Tennessee,City of Trenton - (TN),Municipal,4216,,,,
Tennessee,City of Union City,Municipal,10994,,,,
Tennessee,City of Winchester - (TN),Municipal,11077,,,,
Tennessee,Columbia Power System - (TN),Municipal,74485,,,,
Tennessee,Cumberland Elec Member Corp,Cooperative,229381,,,,
Tennessee,"Cumberland Valley Electric, Inc.",Cooperative,156,,,,
Tennessee,Duck River Elec Member Corp,Cooperative,166730,,,,
Tennessee,Entergy Arkansas LLC,Investor Owned,2,,,,
Tennessee,"Forked Deer Electric Coop, Inc",Cooperative,17863,,,,
Tennessee,Fort Loudoun Electric Coop,Cooperative,65553,,,,
Tennessee,French Broad Elec Member Corp,Cooperative,2015,,,,
Tennessee,Gibson Electric Members Corp,Cooperative,61746,,,,
Tennessee,"Holston Electric Coop, Inc",Cooperative,55765,,,,
Tennessee,Johnson City - (TN),Municipal,147362,,,,
Tennessee,Kingsport Power Co,Investor Owned,88172,,,,
Tennessee,Knoxville Utilities Board,Municipal,412598,,,,
Tennessee,Loudon Utilities Board,Municipal,26964,,,,
Tennessee,Maryville Utilities,Municipal,43426,,,,
Tennessee,McMinnville Electric System,Municipal,14967,,,,
Tennessee,Meriwether Lewis Electric Coop,Cooperative,66279,,,,
Tennessee,Middle Tennessee E M C,Cooperative,729876,,,,
Tennessee,"Mountain Electric Coop, Inc",Cooperative,24844,,,,
Tennessee,Nashville Electric Service,Municipal,898816,,,,
Tennessee,Pickwick Electric Coop,Cooperative,36251,,,,
Tennessee,Plateau Electric Cooperative,Cooperative,32458,,,,
Tennessee,Powell Valley Electric Coop,Cooperative,44971,,,,
Tennessee,Sequachee Valley Electric Coop,Cooperative,70899,,,,
Tennessee,Sevier County Electric System,Municipal,77113,,,,
Tennessee,South Kentucky Rural E C C,Cooperative,328,,,,
Tennessee,Southwest Tennessee E M C,Cooperative,95250,,,,
Tennessee,Tennessee Valley Authority,Federal,0,,,,
Tennessee,Tennessee Valley Electric Coop,Cooperative,35842,,,,
Tennessee,Town of Erwin - (TN),Municipal,15347,,,,
Tennessee,Tri-County Elec Member Corp (TN),Cooperative,56046,,,,
Tennessee,Tri-State Electric Member Corp,Cooperative,5877,,,,
Tennessee,Tullahoma Board-Public Utils,Municipal,20189,,,,
Tennessee,Upper Cumberland E M C,Cooperative,97875,,,,
Tennessee,Volunteer Electric Coop,Cooperative,221386,,,,
Tennessee,Weakley County Mun Elec Sys,Municipal,32250,,,,
Texas,AEP Texas Central Company,Investor Owned,1990853,,,,
Texas,AEP Texas North Company,Investor Owned,331782,,,,
Texas,Austin Energy,Municipal,1029473,Approved,Approved,Approved,Yes
Texas,Bailey County Elec Coop Assn,Cooperative,8278,,,,
Texas,"Bandera Electric Coop, Inc",Cooperative,81904,,Approved,,Yes
Texas,"Bartlett Electric Coop, Inc",Cooperative,26170,,,,
Texas,"Big Country Electric Coop, Inc",Cooperative,20051,,,,
Texas,"Bluebonnet Electric Coop, Inc",Cooperative,238092,Approved,Approved,,Yes
Texas,"Bowie-Cass Electric Coop, Inc",Cooperative,74331,,,,
Texas,Brownsville Public Utilities Board,Municipal,126632,,,,
Texas,CenterPoint Energy,Investor Owned,5909072,,,,
Texas,"Central Texas Elec Coop, Inc",Cooperative,80273,,,,
Texas,Cherokee County Elec Coop Assn - (TX),Cooperative,51403,,,,
Texas,City of Bartlett - (TX),Municipal,1291,,,,
Texas,City of Bastrop - (TX),Municipal,5878,,,,
Texas,City of Bellville - (TX),Municipal,4739,,,,
Texas,City of Boerne,Municipal,12549,,,,
Texas,City of Bowie - (TX),Municipal,5461,,,,
Texas,City of Brady - (TX),Municipal,4837,,,,
Texas,City of Brenham - (TX),Municipal,11549,,,,
Texas,City of Bridgeport - (TX),Municipal,4900,,,,
Texas,City of Brownfield - (TX),Municipal,7484,,,,
Texas,City of Bryan - (TX),Municipal,123104,,,,
Texas,City of Burnet - (TX),Municipal,5885,,,,
Texas,City of Caldwell,Municipal,3722,,,,
Texas,City of Castroville - (TX),Municipal,3494,,,,
Texas,City of Coleman - (TX),Municipal,4020,,,,
Texas,City of College Station - (TX),Municipal,90930,,,,
Texas,City of Cuero - (TX),Municipal,7098,,,,
Texas,City of Denton - (TX),Municipal,136264,,,,
Texas,City of Electra - (TX),Municipal,2062,,,,
Texas,City of Farmersville - (TX),Municipal,3141,,,,
Texas,City of Flatonia - (TX),Municipal,1988,,,,
Texas,City of Floresville,Municipal,37960,,,,
Texas,City of Floydada - (TX),Municipal,2315,,,,
Texas,City of Fredericksburg - (TX),Municipal,9984,,,,
Texas,City of Garland - (TX),Municipal,157497,,,,
Texas,City of Georgetown - (TX),Municipal,68166,,,,
Texas,City of Giddings - (TX),Municipal,5084,,,,
Texas,City of Goldsmith - (TX),Municipal,397,,,,
Texas,City of Goldthwaite - (TX),Municipal,2295,,,,
Texas,City of Gonzales - (TX),Municipal,5244,,,,
Texas,City of Granbury - (TX),Municipal,6610,,,,
Texas,City of Greenville - (TX),Municipal,35822,,,,
Texas,City of Hallettsville - (TX),Municipal,2785,,,,
Texas,City of Hearne - (TX),Municipal,4486,,,,
Texas,City of Hemphill - (TX),Municipal,1187,,,,
Texas,City of Hempstead - (TX),Municipal,5935,,,,
Texas,City of Hondo - (TX),Municipal,6258,,,,
Texas,City of Jasper - (TX),Municipal,8542,,,,
Texas,City of La Grange - (TX),Municipal,5370,,,,
Texas,City of Lampasas - (TX),Municipal,8953,,,,
Texas,City of Lexington - (TX),Municipal,1173,,,,
Texas,City of Liberty - (TX),Municipal,8127,,,,
Texas,City of Livingston - (TX),Municipal,5979,,,,
Texas,City of Llano - (TX),Municipal,3043,,,,
Texas,City of Lockhart - (TX),Municipal,12020,,,,
Texas,City of Lubbock - (TX),Municipal,198631,,,,
Texas,City of Luling - (TX),Municipal,5611,,,,
Texas,City of Mason - (TX),Municipal,2424,,,,
Texas,City of Moulton - (TX),Municipal,1055,,,,
Texas,City of New Braunfels - (TX),Municipal,123686,,,,
Texas,City of Newton - (TX),Municipal,1834,,,,
Texas,City of Robstown - (TX),Municipal,8461,,,,
Texas,City of San Antonio - (TX),Municipal,2016648,,,,
Texas,City of San Augustine - (TX),Municipal,1982,,,,
Texas,City of San Marcos - (TX),Municipal,49999,,,,
Texas,City of San Saba - (TX),Municipal,3263,,,,
Texas,City of Sanger - (TX),Municipal,5003,,,,
Texas,City of Schulenburg - (TX),Municipal,3191,,,,
Texas,City of Seguin - (TX),Municipal,20270,,,,
Texas,City of Seymour - (TX),Municipal,3760,,,,
Texas,City of Shiner - (TX),Municipal,2088,,,,
Texas,City of Smithville - (TX),Municipal,4654,,,,
Texas,City of Timpson - (TX),Municipal,1225,,,,
Texas,City of Tulia,Municipal,3198,,,,
Texas,City of Waelder - (TX),Municipal,0,,,,
Texas,City of Weimar - (TX),Municipal,2228,,,,
Texas,City of Whitesboro - (TX),Municipal,4163,,,,
Texas,City of Yoakum - (TX),Municipal,5450,,,,
Texas,"Coleman County Elec Coop, Inc",Cooperative,10737,,,,
Texas,Comanche County Elec Coop Assn,Cooperative,15703,,,,
Texas,Concho Valley Elec Coop Inc,Cooperative,25701,,,,
Texas,Cooke County Elec Coop Assn,Cooperative,36569,,,,
Texas,"Deaf Smith Electric Coop, Inc",Cooperative,13753,,,,
Texas,Deep East Texas Elec Coop Inc,Cooperative,85247,,,,
Texas,"Denton County Elec Coop, Inc",Cooperative,701873,Approved,Approved,,Yes
Texas,El Paso Electric Co,Investor Owned,769853,,,,
Texas,Entergy Texas Inc.,Investor Owned,1058956,,,,
Texas,Fannin County Electric Coop,Cooperative,27596,,,,
Texas,"Farmers Electric Coop, Inc - (TX)",Cooperative,195633,,Approved,,Yes
Texas,"Fayette Electric Coop, Inc",Cooperative,31093,,,,
Texas,Fort Belknap Electric Coop Inc,Cooperative,7325,,,,
Texas,"Grayson-Collin Elec Coop, Inc",Cooperative,213428,Approved,,,Yes
Texas,"Greenbelt Electric Coop, Inc",Cooperative,8451,,,,
Texas,Guadalupe Valley Elec Coop Inc,Cooperative,213111,,,,
Texas,Hamilton County Elec Coop Assn,Cooperative,41619,,,,
Texas,Harmon Electric Assn Inc,Cooperative,665,,,,
Texas,Heart of Texas Electric Coop,Cooperative,42234,,,,
Texas,"HILCO Electric Cooperative, Inc.",Cooperative,61796,,,,
Texas,Houston County Elec Coop Inc,Cooperative,47223,,,,
Texas,J-A-C Electric Coop Inc,Cooperative,7017,,,,
Texas,"Jackson Electric Coop, Inc - (TX)",Cooperative,36401,,,,
Texas,"Jasper-Newton Elec Coop, Inc",Cooperative,45969,,,,
Texas,Karnes Electric Coop Inc,Cooperative,30913,,,,
Texas,Kerrville Public Utility Board,Municipal,39568,,,,
Texas,Kirbyville Light & Power Co,Municipal,1717,,,,
Texas,Lamar County Elec Coop Assn,Cooperative,28185,,,,
Texas,"Lamb County Electric Coop, Inc",Cooperative,6635,,,,
Texas,"Lea County Electric Coop, Inc - (NM)",Cooperative,5216,,,,
Texas,"Lighthouse Electric Coop, Inc",Cooperative,8838,,,,
Texas,"Lyntegar Electric Coop, Inc",Cooperative,19328,,,,
Texas,Magic Valley Electric Coop Inc,Cooperative,348538,,,,
Texas,"Medina Electric Coop, Inc",Cooperative,81629,,,,
Texas,Mid-South Electric Coop Assn,Cooperative,83583,,,,
Texas,"Navarro County Elec Coop, Inc",Cooperative,45085,,,,
Texas,"Navasota Valley Elec Coop, Inc",Cooperative,43253,,,,
Texas,North Plains Electric Coop Inc,Cooperative,7110,,,,
Texas,Nueces Electric Cooperative,Cooperative,40789,,,,
Texas,Oncor Electric Delivery Company LLC,Investor Owned,7970610,,,,
Texas,"Panola-Harrison Elec Coop, Inc",Cooperative,20782,,,,
Texas,"Pedernales Electric Coop, Inc",Cooperative,886644,,,,
Texas,"Rio Grande Electric Coop, Inc",Cooperative,23359,,,,
Texas,"Rita Blanca Electric Coop, Inc",Cooperative,2863,,,,
Texas,"Rusk County Electric Coop, Inc",Cooperative,39203,,,,
Texas,Sam Houston Electric Coop Inc,Cooperative,200076,,,,
Texas,"San Bernard Electric Coop, Inc",Cooperative,74649,,,,
Texas,San Patricio Electric Coop Inc,Cooperative,22544,,,,
Texas,South Plains Electric Coop Inc,Cooperative,119751,,,,
Texas,Southwest Arkansas E C C,Cooperative,2286,,,,
Texas,Southwest Rural Elec Assn Inc,Cooperative,3883,,,,
Texas,"Southwest Texas Elec Coop, Inc",Cooperative,12766,,,,
Texas,Southwestern Electric Coop Inc - (NM),Cooperative,23,,,,
Texas,Southwestern Electric Power Co,Investor Owned,352284,,,,
Texas,Southwestern Public Service Co,Investor Owned,488325,,,,
Texas,"Swisher Electric Coop, Inc",Cooperative,9601,,,,
Texas,Taylor Electric Coop Inc - (TX),Cooperative,40270,,,,
Texas,"Texas A&M, Utilities & Energy Services",State,4,,,,
Texas,Texas-New Mexico Power Co,Investor Owned,534619,,,,
Texas,"Tri-County Electric Coop, Inc (OK)",Cooperative,498,,,,
Texas,"Tri-County Electric Coop, Inc (TX)",Cooperative,276812,,,,
Texas,Trinity Valley Elec Coop Inc,Cooperative,183797,,,,
Texas,United Electric Coop Service Inc - (TX),Cooperative,207899,,,,
Texas,Upshur Rural Elec Coop Corp,Cooperative,100963,,,,
Texas,"Victoria Electric Coop, Inc",Cooperative,46839,,,,
Texas,Weatherford Mun Utility System,Municipal,36084,,,,
Texas,"Wharton County Elec Coop, Inc",Cooperative,11867,,,,
Texas,Wise Electric Coop Inc,Cooperative,47025,,,,
Texas,"Wood County Electric Coop, Inc",Cooperative,84269,,,,
Utah,Beaver City Corporation,Municipal,3606,,,,
Utah,"Bridger Valley Elec Assn, Inc",Cooperative,4017,,,,
Utah,Brigham City Corporation,Municipal,19569,,,,
Utah,City of Blanding - (UT),Municipal,4110,,,,
Utah,City of Bountiful,Municipal,43981,,,,
Utah,City of Enterprise - (UT),Municipal,1675,,,,
Utah,City of Ephraim - (UT),Municipal,6051,,,,
Utah,City of Helper - (UT),Municipal,2336,,,,
Utah,City of Logan - (UT),Municipal,52270,,,,
Utah,City of Manti - (UT),Municipal,3510,,,,
Utah,City of Monroe - (UT),Municipal,2663,,,,
Utah,City of Mt Pleasant - (UT),Municipal,5668,,,,
Utah,City of Murray - (UT),Municipal,41460,,,,
Utah,City of Santa Clara - (UT),Municipal,7658,,,,
Utah,City of Springville - (UT),Municipal,32449,,,,
Utah,City of St George,Municipal,69531,,Approved,,Yes
Utah,City of Washington - (UT),Municipal,23567,,Approved,,Yes
Utah,"Dixie Escalante R E A, Inc",Cooperative,67335,,Approved,,Yes
Utah,"Empire Electric Assn, Inc",Cooperative,2576,,,,
Utah,Fairview City Corporation,Municipal,2091,,,,
Utah,Fillmore City Corporation,Municipal,2883,,,,
Utah,"Garkane Energy Coop, Inc",Cooperative,28787,,,,
Utah,Heber Light & Power Company,Municipal,32406,,,,
Utah,Hurricane City Power,Municipal,19694,,,,
Utah,Hyrum City Corporation,Municipal,9645,,,,
Utah,Kanosh Town Corporation,Municipal,651,,,,
Utah,Kaysville City Corporation,Municipal,25497,Approved,,,Yes
Utah,Lehi City Corporation,Municipal,82106,,,,
Utah,Levan Town Corporation - (UT),Municipal,890,,,,
Utah,Meadow Town Corporation,Municipal,375,,,,
Utah,Moon Lake Electric Assn Inc,Cooperative,34060,,,,
Utah,Morgan City - (UT),Municipal,4965,,,,
Utah,"Mt Wheeler Power, Inc",Cooperative,604,,,,
Utah,Navajo Tribal Utility Authority,State,4916,,,,
Utah,Nephi City Corporation,Municipal,6807,,,,
Utah,PacifiCorp,Investor Owned,2478680,Approved,Approved,Approved,Yes
Utah,Parowan City Corporation,Municipal,3762,,,,
Utah,Payson City Corporation,Municipal,23332,,,,
Utah,Price Municipal Corporation,Municipal,8730,,,,
Utah,Provo City Corp,Municipal,105549,,,,
Utah,Raft Rural Elec Coop Inc,Cooperative,1045,,,,
Utah,Salem City Corporation - (UT),Municipal,8869,,,,
Utah,Spanish Fork City Corporation,Municipal,41826,,,,
Utah,Spring City Corporation,Municipal,1411,,,,
Utah,Strawberry Electric Serv Dist,Political Subdivision,10744,,,,
Utah,Ticaboo Electric Improvement District,Political Subdivision,134,,,,
Utah,Town of Holden - (UT),Municipal,561,,,,
Utah,Town of Oak City - (UT),Municipal,696,,,,
Utah,Town of Paragonah - (UT),Municipal,630,,,,
Utah,WAPA-- Western Area Power Administration,Federal,0,,,,
Utah,Wells Rural Electric Co,Cooperative,1482,,,,
Vermont,"Barton Village, Inc",Municipal,3477,,,,
Vermont,City of Burlington Electric - (VT),Municipal,33968,,Approved,,Yes
Vermont,Green Mountain Power Corp,Investor Owned,440583,Approved,Approved,Approved,Yes
Vermont,The Town of Lyndon Electric Department,Municipal,9816,Approved,,,Yes
Vermont,Town of Hardwick,Municipal,7661,,,,
Vermont,Town of Stowe- (VT),Municipal,7049,,,,
Vermont,"Vermont Electric Cooperative, Inc",Cooperative,69665,Approved,Approved,,Yes
Vermont,Village of Enosburg Falls - (VT),Municipal,3239,,,,
Vermont,Village of Hyde Park - (VT),Municipal,2157,,,,
Vermont,Village of Jacksonville - (VT),Municipal,1160,,,,
Vermont,Village of Johnson - (VT),Municipal,1501,,,,
Vermont,Village of Ludlow - (VT),Municipal,6157,,,,
Vermont,Village of Morrisville - (VT),Municipal,7058,,,,
Vermont,Village of Northfield - (VT),Municipal,3024,,,,
Vermont,Village of Orleans - (VT),Municipal,1069,,,,
Vermont,Village of Swanton - (VT),Municipal,6764,,,,
Vermont,Washington Electric Coop - (VT),Cooperative,17838,Approved,Approved,,Yes
Virginia,A & N Electric Coop,Cooperative,67049,,,,
Virginia,Appalachian Power Co,Investor Owned,1006419,,,Approved,Yes
Virginia,BARC Electric Coop Inc,Cooperative,21713,,,,
Virginia,Bristol Virginia Utilities,Municipal,29270,,,,
Virginia,Central Virginia Electric Coop,Cooperative,77924,,,,
Virginia,City of Danville - (VA),Municipal,79535,,,,
Virginia,City of Franklin - (VA),Municipal,11012,,,,
Virginia,City of Harrisonburg - (VA),Municipal,42536,,,,
Virginia,City of Manassas - (VA),Municipal,38732,,,,
Virginia,City of Martinsville - (VA),Municipal,13688,,,,
Virginia,City of Radford - (VA),Municipal,13565,,,,
Virginia,City of Salem - (VA),Municipal,24554,,,,
Virginia,Community Electric Coop,Cooperative,21182,,,,
Virginia,Craig-Botetourt Electric Coop,Cooperative,11737,,,,
Virginia,Kentucky Utilities Co,Investor Owned,48327,,,,
Virginia,Mecklenburg Electric Cooperative,Cooperative,64092,,,,
Virginia,"Northern Neck Elec Coop, Inc",Cooperative,45931,,,,
Virginia,Northern Virginia Elec Coop,Cooperative,443578,,,,
Virginia,Powell Valley Electric Coop,Cooperative,14100,,,,
Virginia,Prince George Electric Coop,Cooperative,25604,,,,
Virginia,Rappahannock Electric Coop,Cooperative,411411,,,,
Virginia,Shenandoah Valley Elec Coop,Cooperative,196358,,,,
Virginia,"Southside Electric Coop, Inc",Cooperative,131950,,,,
Virginia,Town of Bedford - (VA),Municipal,12776,,,,
Virginia,Town of Blackstone - (VA),Municipal,3581,,,,
Virginia,Town of Culpeper- (VA),Municipal,12379,,,,
Virginia,Town of Elkton,Municipal,2192,,,,
Virginia,Town of Front Royal,Municipal,15742,,,,
Virginia,Town of Richlands - (VA),Municipal,5281,,,,
Virginia,Town of Wakefield - (VA),Municipal,992,,,,
Virginia,Virginia Electric & Power Co,Investor Owned,5563435,,,,
Virginia,Virginia Tech Electric Service,State,12432,,,Approved,Yes
Washington,Avista Corp,Investor Owned,557973,,,,
Washington,Benton Rural Electric Assn,Cooperative,33905,,,,
Washington,"Big Bend Electric Coop, Inc",Cooperative,15025,,,,
Washington,Bonneville Power Administration,Federal,0,,,,
Washington,City of Blaine - (WA),Municipal,7046,,,,
Washington,City of Centralia - (WA),Municipal,21277,,,,
Washington,City of Cheney - (WA),Municipal,11490,,,,
Washington,City of Chewelah,Municipal,2554,,,,
Washington,City of Coulee Dam - (WA),Municipal,1208,,,,
Washington,City of Ellensburg - (WA),Municipal,18369,,,,
Washington,City of McCleary - (WA),Municipal,2198,,,,
Washington,City of Milton - (WA),Municipal,6680,,,,
Washington,City of Port Angeles - (WA),Municipal,18591,,,,
Washington,City of Richland - (WA),Municipal,63451,,,,
Washington,City of Seattle - (WA),Municipal,1005453,,,,
Washington,City of Sumas - (WA),Municipal,1799,,,,
Washington,City of Tacoma - (WA),Municipal,404023,Approved,Approved,,Yes
Washington,Clearwater Power Company,Cooperative,1650,,,,
Washington,"Columbia Rural Elec Assn, Inc",Cooperative,9587,,,,
Washington,Elmhurst Mutual Power & Light Co,Cooperative,36497,,,,
Washington,Inland Power & Light Company,Cooperative,95724,,,,
Washington,Kootenai Electric Cooperative,Cooperative,206,,,,
Washington,Lakeview Light & Power,Cooperative,19511,,,,
Washington,Modern Electric Water Company,Cooperative,20551,,,,
Washington,"Nespelem Valley Elec Coop, Inc",Cooperative,2693,,,,
Washington,"Northern Lights, Inc",Cooperative,30,,,,
Washington,"Ohop Mutual Light Company, Inc",Cooperative,9102,,,,
Washington,"Okanogan County Elec Coop, Inc",Cooperative,6741,,,,
Washington,Orcas Power & Light Coop,Cooperative,25924,,,,
Washington,PacifiCorp,Investor Owned,283435,Approved,Approved,Approved,Yes
Washington,Parkland Light & Water Company,Cooperative,8297,,,,
Washington,Peninsula Light Company,Cooperative,83316,,,,
Washington,PUD No 1 of Asotin County,Municipal,4,,,,
Washington,PUD No 1 of Benton County,Political Subdivision,123685,,,,
Washington,PUD No 1 of Chelan County,Political Subdivision,92066,,,,
Washington,PUD No 1 of Clallam County,Political Subdivision,59559,,,,
Washington,PUD No 1 of Clark County - (WA),Political Subdivision,526008,,,,
Washington,PUD No 1 of Cowlitz County,Political Subdivision,111886,,,,
Washington,PUD No 1 of Douglas County,Political Subdivision,41735,,,,
Washington,PUD No 1 of Ferry County,Political Subdivision,5339,,,,
Washington,PUD No 1 of Franklin County,Political Subdivision,80456,,,,
Washington,PUD No 1 of Grays Harbor County,Political Subdivision,88806,,,,
Washington,PUD No 1 of Jefferson County,Political Subdivision,34449,,,,
Washington,PUD No 1 of Kittitas County,Political Subdivision,5303,,,,
Washington,PUD No 1 of Klickitat County,Political Subdivision,30137,,,,
Washington,PUD No 1 of Lewis County,Political Subdivision,68503,,,,
Washington,PUD No 1 of Mason County,Political Subdivision,8061,,,,
Washington,PUD No 1 of Okanogan County,Political Subdivision,38499,,,,
Washington,PUD No 1 of Pend Oreille County,Political Subdivision,19560,,,,
Washington,PUD No 1 of Skamania Co,Political Subdivision,9766,,,,
Washington,PUD No 1 of Snohomish County,Political Subdivision,827959,,,,
Washington,PUD No 1 of Wahkiakum County,Political Subdivision,3743,,,,
Washington,PUD No 1 of Whatcom County,Political Subdivision,0,,,,
Washington,PUD No 2 of Grant County,Political Subdivision,103632,,,,
Washington,PUD No 2 of Pacific County,Political Subdivision,35510,,,,
Washington,PUD No 3 of Mason County,Political Subdivision,79503,,,,
Washington,Puget Sound Energy Inc,Investor Owned,2441215,,,,
Washington,Tanner Electric Coop,Cooperative,9267,,,,
Washington,Town of Eatonville - (WA),Municipal,2520,,,,
Washington,Town of Ruston - (WA),Municipal,1184,,,,
Washington,Town of Steilacoom,Municipal,7503,,,,
Washington,Vera Irrigation District #15,Political Subdivision,27243,,,,
Washington,Yakama Power,Cooperative,4516,,,,
West Virginia,Appalachian Power Co,Investor Owned,693245,,,Approved,Yes
West Virginia,Black Diamond Power Co,Investor Owned,6814,,,,
West Virginia,City of New Martinsville - (WV),Municipal,2747,,,,
West Virginia,Craig-Botetourt Electric Coop,Cooperative,840,,,,
West Virginia,"Harrison Rural Elec Assn, Inc",Cooperative,10769,,,,
West Virginia,Monongahela Power Co,Investor Owned,659946,,,,
West Virginia,Philippi Municipal Electric,Municipal,4097,,,,
West Virginia,The Potomac Edison Company,Investor Owned,283877,,,,
West Virginia,Wheeling Power Co,Investor Owned,64063,,,,
Wisconsin,Adams-Columbia Electric Coop,Cooperative,71549,,,,
Wisconsin,Algoma Utility Comm,Municipal,3580,,,,
Wisconsin,Barron Electric Coop,Cooperative,39221,,,,
Wisconsin,"Bayfield Electric Coop, Inc",Cooperative,13829,,,,
Wisconsin,Bloomer Electric & Water Co,Municipal,3893,,,,
Wisconsin,Brodhead Water & Lighting Comm,Municipal,3260,,,,
Wisconsin,Cedarburg Light & Water Comm,Municipal,12724,,,,
Wisconsin,Central Wisconsin Elec Coop,Cooperative,12950,,,,
Wisconsin,Chippewa Valley Electric Coop,Cooperative,12593,,,,
Wisconsin,City of Arcadia - (WI),Municipal,3158,,,,
Wisconsin,City of Argyle - (WI),Municipal,968,,,,
Wisconsin,City of Barron - (WI),Municipal,3251,,,,
Wisconsin,City of Black River Falls,Municipal,4886,,,,
Wisconsin,City of Boscobel - (WI),Municipal,3075,,,,
Wisconsin,City of Clintonville - (WI),Municipal,4812,,,,
Wisconsin,City of Columbus - (WI),Municipal,5090,,,,
Wisconsin,City of Cornell,Municipal,1547,,,,
Wisconsin,City of Cuba City,Municipal,2110,,,,
Wisconsin,City of Cumberland - (WI),Municipal,2537,,,,
Wisconsin,City of Eagle River - (WI),Municipal,1957,,,,
Wisconsin,City of Elkhorn - (WI),Municipal,9096,,,,
Wisconsin,City of Elroy - (WI),Municipal,1421,,,,
Wisconsin,City of Evansville,Municipal,8031,,,,
Wisconsin,City of Fennimore - (WI),Municipal,2591,,,,
Wisconsin,City of Kaukauna,Municipal,31054,,,,
Wisconsin,City of Kiel - (WI),Municipal,4875,,,,
Wisconsin,City of Lodi - (WI),Municipal,3086,,,,
Wisconsin,City of Marshfield - (WI),Municipal,24952,,,,
Wisconsin,City of Medford - (WI),Municipal,7407,,,,
Wisconsin,City of Menasha - (WI),Municipal,17599,,,,
Wisconsin,City of New Holstein - (WI),Municipal,4914,,,,
Wisconsin,City of New Lisbon,Municipal,1852,,,,
Wisconsin,City of New Richmond,Municipal,11097,,,,
Wisconsin,City of Plymouth - (WI),Municipal,15051,,,,
Wisconsin,City of Princeton - (WI),Municipal,1475,,,,
Wisconsin,City of Richland Center - (WI),Municipal,4993,,,,
Wisconsin,City of River Falls,Municipal,15002,,,,
Wisconsin,City of Sheboygan Falls - (WI),Municipal,8947,,,,
Wisconsin,City of Shullsburg - (WI),Municipal,1434,,,,
Wisconsin,City of Spooner - (WI),Municipal,3108,,,,
Wisconsin,City of Stoughton - (WI),Municipal,16698,,,,
Wisconsin,City of Sturgeon Bay - (WI),Municipal,13806,Approved,Approved,,Yes
Wisconsin,City of Westby,Municipal,2294,,,,
Wisconsin,Clark Electric Coop - (WI),Cooperative,15474,,,,
Wisconsin,Consolidated Water Power Co,Investor Owned,141,,,,
Wisconsin,Dahlberg Light & Power Co,Investor Owned,21502,,,,
Wisconsin,Dunn County Electric Coop,Cooperative,20412,,,,
Wisconsin,East Central Energy,Cooperative,10303,,,,
Wisconsin,Eau Claire Electric Coop,Cooperative,20350,Approved,Approved,,Yes
Wisconsin,Florence Utility Comm,Municipal,2636,,,,
Wisconsin,Hartford Electric,Municipal,14694,,,,
Wisconsin,Hustisford Utilities,Municipal,2721,,,,
Wisconsin,"Jackson Electric Coop, Inc - (WI)",Cooperative,12813,,,,
Wisconsin,Jefferson Utilities,Municipal,7791,,,,
Wisconsin,Jump River Electric Coop Inc,Cooperative,15515,,,,
Wisconsin,Juneau Utility Comm,Municipal,2007,,,,
Wisconsin,La Farge Municipal Electric Co,Municipal,982,,,,
Wisconsin,Lake Mills Light & Water,Municipal,8642,,,,
Wisconsin,Madison Gas & Electric Co,Investor Owned,288227,,,,
Wisconsin,Manitowoc Public Utilities,Municipal,32458,,,,
Wisconsin,New London Electric&Water Util,Municipal,7346,,,,
Wisconsin,North Central Power Co Inc,Investor Owned,9806,,,,
Wisconsin,Northern States Power Co,Investor Owned,455563,,,,
Wisconsin,Northwestern Wisconsin Elec Co,Investor Owned,26534,,,,
Wisconsin,Oakdale Electric Coop,Cooperative,35075,,,,
Wisconsin,Oconomowoc Utilities,Municipal,21278,,,,
Wisconsin,Oconto Electric Cooperative,Cooperative,15938,,,,
Wisconsin,Oconto Falls Water & Light Comm,Municipal,2809,,,,
Wisconsin,Pierce-Pepin Coop Services,Cooperative,13441,,,,
Wisconsin,Pioneer Power and Light Co,Investor Owned,3946,,,,
Wisconsin,Polk-Burnett Electric Coop,Cooperative,43175,,,,
Wisconsin,Price Electric Coop Inc,Cooperative,14012,,,,
Wisconsin,Reedsburg Utility Comm,Municipal,9948,,,,
Wisconsin,Rice Lake Utilities,Municipal,10620,,,,
Wisconsin,Richland Electric Coop,Cooperative,6166,,,,
Wisconsin,Riverland Energy Cooperative,Cooperative,38536,,,,
Wisconsin,Rock Energy Cooperative,Cooperative,14660,,,,
Wisconsin,Scenic Rivers Energy Coop,Cooperative,28533,,,,
Wisconsin,Shawano Municipal Utilities,Municipal,10217,,,,
Wisconsin,Slinger Utilities,Municipal,5480,,,,
Wisconsin,St Croix Electric Coop,Cooperative,19922,,,,
Wisconsin,Sun Prairie Utilities,Municipal,32529,,,,
Wisconsin,Superior Water and Light Co,Investor Owned,25871,,,,
Wisconsin,Taylor Electric Coop - (WI),Cooperative,7312,,,,
Wisconsin,Two Rivers Water & Light,Municipal,11199,,,,
Wisconsin,Vernon Electric Coop,Cooperative,18062,,,,
Wisconsin,Village of Bangor - (WI),Municipal,3487,,,,
Wisconsin,Village of Belmont - (WI),Municipal,1102,,,,
Wisconsin,Village of Benton - (WI),Municipal,872,,,,
Wisconsin,Village of Black Earth - (WI),Municipal,2309,,,,
Wisconsin,Village of Cadott - (WI),Municipal,1502,,,,
Wisconsin,Village of Cashton - (WI),Municipal,1215,,,,
Wisconsin,Village of Gresham - (WI),Municipal,2204,,,,
Wisconsin,Village of Hazel Green - (WI),Municipal,1182,,,,
Wisconsin,Village of Mazomanie - (WI),Municipal,1651,,,,
Wisconsin,Village of Merrillan - (WI),Municipal,752,,,,
Wisconsin,Village of Mt. Horeb - (WI),Municipal,7296,,,,
Wisconsin,Village of Muscoda - (WI),Municipal,1963,,,,
Wisconsin,Village of New Glarus - (WI),Municipal,2237,,,,
Wisconsin,Village of Pardeeville - (WI),Municipal,2482,,,,
Wisconsin,Village of Prairie Du Sac - (WI),Municipal,3954,,,,
Wisconsin,Village of Sauk City - (WI),Municipal,3448,,,,
Wisconsin,Village of Stratford - (WI),Municipal,1586,,,,
Wisconsin,Village of Trempealeau - (WI),Municipal,2727,,,,
Wisconsin,Village of Viola - (WI),Municipal,854,,,,
Wisconsin,Village of Waunakee - (WI),Municipal,13047,,,,
Wisconsin,"Washington Island El Coop, Inc",Cooperative,1502,,,,
Wisconsin,Waterloo Light & Water Comm,Municipal,3407,,,,
Wisconsin,Waupun Utilities,Municipal,8140,,,,
Wisconsin,Westfield Electric Company,Investor Owned,1224,,,,
Wisconsin,Whitehall Electric Utility,Municipal,1669,,,,
Wisconsin,Wisconsin Dells Electric Util,Municipal,4064,,,,
Wisconsin,Wisconsin Electric Power Co,Investor Owned,2157863,,,,
Wisconsin,Wisconsin Power & Light Co,Investor Owned,891996,,,,
Wisconsin,Wisconsin Public Service Corp,Investor Owned,840609,,,,
Wisconsin,Wisconsin Rapids W W & L Comm,Municipal,24887,,,,
Wisconsin,Wonewoc Electric & Water Util,Municipal,799,,,,
Wyoming,"Beartooth Electric Coop, Inc",Cooperative,798,,,,
Wyoming,"Big Horn County Elec Coop, Inc",Cooperative,442,,,,
Wyoming,Big Horn Rural Electric Co,Cooperative,5998,,,,
Wyoming,"Black Hills Power, Inc.",Investor Owned,4387,Approved,Approved,,Yes
Wyoming,"Bridger Valley Elec Assn, Inc",Cooperative,7619,,,,
Wyoming,"Carbon Power & Light, Inc",Cooperative,9309,,,,
Wyoming,Cheyenne Light Fuel & Power,Investor Owned,76307,Approved,Approved,,Yes
Wyoming,City of Cody,Municipal,12120,,,,
Wyoming,City of Deaver - (WY),Municipal,155,,,,
Wyoming,City of Gillette - (WY),Municipal,30878,,,,
Wyoming,City of Pine Bluffs - (WY),Municipal,1187,,,,
Wyoming,City of Powell - (WY),Municipal,5332,,,,
Wyoming,City of Torrington - (WY),Municipal,6234,,,,
Wyoming,Fall River Rural Elec Coop Inc,Cooperative,666,,,,
Wyoming,Garland Light & Power Company,Cooperative,3470,,,,
Wyoming,High Plains Power Inc,Cooperative,25421,,,,
Wyoming,"High West Energy, Inc",Cooperative,10655,,,,
Wyoming,Lower Valley Energy Inc,Cooperative,46041,,,,
Wyoming,Midvale Irrigation District,Political Subdivision,7,,,,
Wyoming,Montana-Dakota Utilities Co,Investor Owned,28016,,,,
Wyoming,"Niobrara Electric Assn, Inc",Cooperative,3190,,,,
Wyoming,NorthWestern Energy LLC - (MT),Investor Owned,562,,,,
Wyoming,PacifiCorp,Investor Owned,234884,,Approved,Approved,Yes
Wyoming,Powder River Energy Corp,Cooperative,31719,,,,
Wyoming,"Southeast Electric Coop, Inc",Cooperative,24,,,,
Wyoming,Town of Basin - (WY),Municipal,1444,,,,
Wyoming,Town of Fort Laramie- (WY),Municipal,248,,,,
Wyoming,Town of Guernsey - (WY),Municipal,1121,,,,
Wyoming,Town of Lingle - (WY),Municipal,470,,,,
Wyoming,Town of Lusk - (WY),Municipal,1391,,,,
Wyoming,Town of Wheatland - (WY),Municipal,3665,,,,
Wyoming,WAPA-- Western Area Power Administration,Federal,0,,,,
Wyoming,"Wheatland Rural Elec Assn, Inc",Cooperative,6021,,,,
Wyoming,Willwood Light & Power Company,Cooperative,107,,,,
Wyoming,Wyrulec Company,Cooperative,7754,,,,
Wyoming,Yampa Valley Electric Assn Inc,Cooperative,1101,,Approved,,Yes
